EmployeeID,Age,Gender,MaritalStatus,Education,Department,JobRole,HireDate,Salary,SalaryHistory,PerformanceRating,WorkLifeBalance,JobSatisfaction,DistanceFromHome,Overtime,NumCompaniesWorked,YearsSincePromotion,LastPromotionDate,TrainingHoursLastYear,ManagerID,EmployeeStatus,Attrition
EMP_0140,25.0,female,Married,MA,Marketing,Marketing Analyst,03/11/2019,54113.0,"44434,46957",5.0,3.0,4,6,No,2,2.461659386681327,2022-06-04,11,,Terminated,1
EMP_1241,31.0,Female,single,Master,Finance,Accountant,01/15/2016,55770.0,,2.0,4.0,5,3,Y,0,4.1545217836113135,2020-01-15,0,MGR_030,Active,0
EMP_0128,30.0,F,Single,Bachelor,sales,Account Manager,"June 17, 2022",71495.0,,6.0,5.0,High,15,No,2,5.01875367991905,2021-04-19,8,MGR_014,Resigned,1
EMP_1590,35.0,female,married,MA,Sales,Sales Rep,31-01-2022,59345.0,"42817,45915,50861",3.0,4.0,3,3,No,2,0.22241791534508487,2019-02-18,0,MGR_164,Active,0
EMP_0103,32.0,male,married,Bachelor,Operations,Ops Analyst,2023-01-26,75923.0,"50196,58260,67656",3.0,4.0,2,25,Yes,1,0.35169668302559315,2019-12-06,20,,Terminated,1
EMP_0579,23.0,Male,Single,High School,R&D,Research Scientist,"July 30, 2014",95861.0,,3.0,4.0,3,11,No,3,7.1671622173920815,2015-07-18,6,,Active,0
EMP_0020,23.0,Male,single,High School,Marketing,Marketing Specialist,06/18/2015,38062.0,34544,4.0,4.0,3,11,No,4,,2021-05-15,7,,Active,0
EMP_0518,27.0,male,Divorced,MA,HR,HR Manager,18-03-2021,65567.0,58783,4.0,3.0,4,20,Y,0,1.1162664597168128,2023-09-16,0,MGR_169,Active,0
EMP_0706,39.0,Male,Single,nan,Sales,Sales Representative,05/02/2019,40451.0,,3.0,4.0,3,8,No,2,0.03562376844211675,2019-09-03,45,MGR_045,Terminated,1
EMP_0233,35.0,male,Married,High School,Customer Service,CS Manager,"April 13, 2013",71053.0,"55805,62754",2.0,2.0,3,Near,No,0,3.628328759931801,2020-02-21,24,MGR_033,Resigned,1
EMP_1262,35.0,Male,Married,Masters,HR,HR Generalist,"May 10, 2020",52764.0,"42365,47463",4.0,,Medium,6,No,3,2.0323905108351497,,3,MGR_038,Active,0
EMP_0743,30.0,Male,Single,Bachelors,HR,HR Manager,07/01/2010,73190.0,63266,3.0,2.0,2,,TRUE,6,0.4843088623611876,2019-12-11,34,MGR_075,Terminated,1
EMP_0294,41.0,Male,Single,BA,sales,Sales Rep,2023-13-45,50031.0,"30164,35193,40016,43162",5.0,4.0,3,13,Yes,2,1.6056184614559612,2018-11-05,11,MGR_169,Active,0
EMP_1646,38.0,Male,M,Bachelor,Engineering,Senior Engineer,12/14/2016,101653.0,,2.0,4.0,1,1,No,2,,2016-07-01,29,MGR_149,Terminated,1
EMP_1339,31.0,M,single,High School,Engineering,Engineering Manager,"February 28, 2010",152253.0,"104822,121746,137922",5.0,,3,1,No,1,-3.571563794442917,,10,MGR_045,Active,0
EMP_0690,38.0,male,married,High School,Finance,Senior Analyst,"February 19, 2015",71715.0,62883,2.0,5.0,High,23,No,2,,2021-06-14,14,MGR_004,Active,0
EMP_0326,25.0,female,married,High School,Sales,Sales Representative,2012-06-06,52934.0,"35141,38270,43714,47557",3.0,4.0,High,1,Yes,2,3.647956867345943,2021-07-03,3,MGR_155,Active,0
EMP_1862,41.0,M,Divorced,BS,Operations,Operations Manager,03/29/2010,58878.0,"35987,41906,49085,52205",3.0,4.0,Very High,28,Yes,3,2.384252201387446,,41,MGR_141,Active,0
EMP_0873,23.0,M,Single,Master,Finance,Finance Manager,04/15/2020,85847.0,76023,6.0,5.0,3,11,No,2,1.4909934517590944,2024-11-05,57,MGR_130,Retired,1
EMP_0532,21.0,female,D,Bachelors,HR,HR Manager,2022-06-06,100076.0,93383,4.0,2.0,4,9,No,2,2.723053560519691,2022-02-11,6,MGR_122,Active,0
EMP_0480,43.0,Female,married,Masters,Marketing,Marketing Analyst,"October 21, 2012",60910.0,,5.0,3.0,4,2,Yes,4,,2020-01-15,15,MGR_151,Resigned,1
EMP_1275,44.0,F,Married,Bachelor,Finance,Senior Analyst,03/22/2015,72898.0,"57892,62567,66236",4.0,4.0,4,,0,2,1.2411781332197849,2023-07-23,18,MGR_043,Terminated,1
EMP_0876,49.0,Female,Married,Bachelor,Marketting,Digital Marketer,Invalid Date,74394.0,64517,,3.0,3,2,No,1,9.544226658716644,2022-06-02,20,MGR_149,Terminated,1
EMP_1210,48.0,MALE,D,Bachelor,Sales,Sales Representative,03/18/2018,52980.0,,2.0,4.0,2,1,No,1,0.6864766335730867,2023-03-12,0,,Active,0
EMP_0375,52.0,M,Single,Masters,HR,HR Specialist,07/01/2017,45090.0,39422,4.0,2.0,4,12,Yes,0,1.1515201711199525,2021-01-04,60,,Active,0
EMP_0330,40.0,M,Single,Bachelor,Sales,Sales Manager,08-08-2011,81139.0,,3.0,3.0,4,28,No,1,0.17083916346232475,2018-03-06,24,,Resigned,1
EMP_0562,51.0,MALE,Single,Bachelors,Engineering,Engineering Manager,2010-12-26,114437.0,"91599,101247,107727",3.0,3.0,1,2,No,2,0.8606111693371129,,15,MGR_159,Active,0
EMP_0347,23.0,M,Married,Bachelors,Finance,Finance Manager,18-04-2015,74832.0,70276,4.0,4.0,Low,1,No,2,1.003389042215463,2023-07-18,9,MGR_184,Active,0
EMP_1671,33.0,female,Married,Bachelor,R&D,Research Scientist,2020/15/30,90208.0,"67828,73894,84308",4.0,3.0,5,18,No,0,0.39817079425109275,2018-09-14,24,MGR_152,Active,0
EMP_1020,38.0,male,single,High School,HR,Recruiter,18-07-2017,60400.0,"48278,51833",4.0,3.0,3,1,No,3,1.355566290619849,2024-06-20,2,MGR_016,Active,0
EMP_0204,43.0,M,married,Master,Customer Support,Support Specialist,02/01/2021,48642.0,"37486,43839,46152",3.0,3.0,4,1,No,2,0.7055692286331703,2019-04-28,47,MGR_020,Active,0
EMP_0225,31.0,Female,Married,Bachelors,Finance,Financial Analyst,"August 23, 2017",57809.0,,4.0,4.0,1,6,Yes,2,0.6544261840071083,2021-11-25,12,MGR_197,Laid Off,1
EMP_0392,38.0,M,D,High School,Marketing,Marketing Analyst,"March 09, 2015",70517.0,"39530,45955,53855,61509",4.0,4.0,3,45,Yes,2,0.2960431778096413,2015-10-07,6,MGR_092,Active,0
EMP_1706,33.0,Male,Married,Master,Finance,Accountant,13-09-2023,43211.0,"30478,34977,39241",1.0,3.0,Medium,10,No,2,,2022-02-05,64,MGR_152,Active,0
EMP_1085,,F,Married,High School,HR,HR Generalist,2020-09-12,53589.0,"43575,48076",4.0,3.0,nan,17,Yes,1,4.36005264888471,2025-03-08,12,MGR_017,Active,0
EMP_0184,38.0,M,single,BS,Human Resources,Recruiter,"September 18, 2010",65055.0,56093,5.0,4.0,2,24,No,0,1.6447712677902875,2023-06-11,12,MGR_089,Active,0
EMP_1797,32.0,female,M,BA,R&D,Product Developer,"June 03, 2018",99586.0,,5.0,4.0,3,20,Yes,3,3.9095212473247987,2020-04-13,21,MGR_017,Active,0
EMP_1254,37.0,Female,single,BA,Human Resources,HR Specialist,"January 07, 2020",53530.0,47491,4.0,4.0,5,28,No,0,1.8704312522896938,2023-08-02,57,MGR_030,Terminated,1
EMP_0412,26.0,M,single,Bachelor,Sales,Account Manager,01/05/2023,62080.0,,2.0,3.0,4,27,No,3,0.9391874165938412,2017-12-18,1,MGR_022,Active,0
EMP_1293,,Male,Married,Bachelor,Finance,Finance Manager,2018-02-03,85095.0,"64991,69013,79609",3.0,4.0,2,22,Yes,5,0.02703662177276141,2022-12-19,21,MGR_177,Active,0
EMP_1232,24.0,Male,Single,Bachelor,HR,HR Specialist,2018-02-15,50774.0,"32094,37583,43575",3.0,4.0,4,13,No,1,0.5423605148141697,2015-12-06,56,MGR_074,Active,0
EMP_0841,34.0,female,Married,Masters,Human Resources,HR Manager,11/14/2013,71453.0,"42380,48638,53644,60970",3.0,4.0,nan,2,No,4,0.3333371398225741,2020-05-06,21,MGR_120,Terminated,1
EMP_0380,28.0,Male,Married,Bachelors,Sales,Sales Manager,"July 05, 2016",93613.0,"79604,85186",2.0,4.0,4,30,No,1,3.1230640716346696,2024-08-18,15,MGR_127,Resigned,1
EMP_0896,40.0,M,Divorced,Bachelor,Operations,Ops Analyst,03-02-2014,62518.0,,4.0,3.0,4,14,No,4,0.6983890382013168,2021-03-12,17,MGR_046,Active,0
EMP_1801,50.0,F,Married,Bachelors,Finance,Accountant,"January 03, 2016",63864.0,57456,4.0,2.0,3,15,No,1,3.7823128714669965,2020-06-25,74,MGR_029,Resigned,1
EMP_0147,25.0,M,Divorced,High School,Marketting,Marketing Specialist,2015-11-21,65885.0,"47264,52240,59685",3.0,3.0,5,8,No,3,0.0929758401252338,2016-06-13,12,MGR_124,Active,0
EMP_0716,43.0,F,Married,High School,Operations,Process Specialist,"December 31, 2014",75065.0,68400,4.0,4.0,High,7,No,1,1.1455164827263522,2025-02-01,4,MGR_186,Active,0
EMP_9061,27.0,Male,Married,Masters,Sales,Sr. Sales Rep,,77013.0,68628,1.0,1.0,5,10,Y,2,0.4244757740576667,2019-03-17,3,MGR_160,Active,0
EMP_1725,27.0,MALE,Married,Bachelors,Engineering,Senior Engineer,04-11-2019,117278.0,"76584,88025,93655,107302",4.0,3.0,1,11,No,2,0.8521625105644253,2023-07-31,15,,Terminated,1
EMP_1957,18.0,F,Divorced,High School,Operations,Process Specialist,23-05-2015,67299.0,63690,3.0,3.0,4,23,No,2,0.864328966138509,2020-12-13,7,MGR_010,Active,0
EMP_0897,33.0,M,Divorced,PhD,Engineering,Senior Engineer,"June 12, 2015",127793.0,"104399,113334,119378",3.0,3.0,3,9,No,2,0.5298529239700618,2024-09-05,25,MGR_164,Active,0
EMP_0675,23.0,M,Single,PhD,Engineering,Jr. Software Engineer,"May 26, 2017",68939.0,"49401,52563,59609",3.0,1.0,3,11,No,2,0.0716610172139761,,2,MGR_073,Resigned,1
EMP_0812,,female,Single,Bachelors,Marketing,Marketing Analyst,06-05-2023,61075.0,57282,3.0,2.0,3,5,nan,1,0.017514890272529657,2020-10-09,8,MGR_069,Active,0
EMP_0111,19.0,Female,married,Bachelors,Marketing,Marketing Manager,2023-01-21,92535.0,"81661,86919",4.0,2.0,3,Close,No,4,2.7828611322162344,2022-11-03,4,MGR_016,Active,0
EMP_1569,22.0,Male,Married,Master,Sales,Sr. Sales Rep,2020-11-01,350000.0,,3.0,3.0,3,34,No,1,0.7558394976588303,,14,MGR_145,Active,0
EMP_0624,45.0,F,single,Bachelor,Sales,Sales Rep,09/10/2017,,,5.0,3.0,4,36,No,6,0.847797372497463,2018-08-08,5,MGR_107,Active,0
EMP_0623,50.0,Male,Married,Bachelors,Marketing,Marketing Analyst,2020/15/30,67982.0,"54024,62378",4.0,2.0,3,15,1,2,2.4577051135758046,2016-01-01,16,MGR_161,Laid Off,1
EMP_1067,24.0,Female,Single,nan,Sales,Sr. Sales Rep,2016-06-25,63139.0,"50808,54281,57187",3.0,3.0,4,1,No,0,2.9899497849141285,2017-08-25,28,,Active,0
EMP_0642,48.0,male,married,BA,Customer Support,Customer Rep,09/15/2015,38987.0,"30664,34805",2.0,4.0,4,1,0,3,1.0273145483936652,2024-03-16,36,MGR_085,Active,0
EMP_1678,47.0,Male,Married,High School,Marketing,Marketing Analyst,"October 01, 2014",55329.0,48631,3.0,4.0,5,7,Yes,3,0.7641157535536716,2022-02-14,19,MGR_175,Active,0
EMP_1609,37.0,female,Married,BA,Operations,Operations Manager,"August 01, 2018",96964.0,"82247,90375",1.0,4.0,2,4,No,3,1.8939226795956507,2024-04-17,1,MGR_016,Active,0
EMP_0804,31.0,F,D,MS,Engineering,Senior Engineer,02/19/2024,114869.0,104026,3.0,4.0,4,1,Yes,3,0.22986284608278154,2021-05-21,29,MGR_148,Active,0
EMP_1925,51.0,Female,married,Bachelor,HR,HR Generalist,"May 27, 2022",54640.0,"34600,37421,44022,48177",1.0,2.0,3,17,No,4,0.3468236815928282,2021-12-23,14,MGR_037,Terminated,1
EMP_0733,38.0,male,married,Bachelor,Customer Support,Support Specialist,06-01-2020,49115.0,"39599,42815,45792",5.0,4.0,5,16,Yes,0,0.04109187315952477,2018-09-25,48,MGR_009,Active,0
EMP_1768,33.0,M,single,MA,Sales,Sales Manager,16-07-2024,95294.0,"79807,86256",3.0,3.0,3,21,No,2,1.583383271275001,2024-05-20,3,MGR_065,Active,0
EMP_0263,18.0,M,Married,Bachelor,HR,HR Generalist,"February 21, 2010",35848.0,"27078,28742,30627",4.0,2.0,Medium,22,No,0,1.3402877687514345,,33,MGR_189,Resigned,1
EMP_0517,39.0,female,Single,Bachelors,Sales,Sales Representative,11-10-2015,37199.0,,2.0,1.0,3,50,Yes,4,0.09488628239404248,2024-08-18,1,MGR_130,Active,0
EMP_0919,31.0,Female,married,Bachelors,IT,Software Engineer,21-05-2012,105867.0,"82373,93507",3.0,4.0,4,8,Yes,1,0.12371800451289575,2016-07-26,18,,Active,0
EMP_0636,21.0,M,Married,Masters,Customer Support,Support Specialist,08/29/2023,,,3.0,3.0,3,7,Yes,4,0.3507443954970882,,88,MGR_004,Active,0
EMP_9055,34.0,Male,married,Bachelors,Marketing,Marketing Analyst,08-01-2020,56559.0,,3.0,2.0,4,22,No,2,1.6366325267564492,2022-01-18,38,MGR_137,Active,0
EMP_1885,34.0,Female,married,Bachelors,Finance,Finance Manager,2023-13-45,108425.0,93813,3.0,2.0,1,6,Yes,3,0.02286990831878598,2019-04-25,18,MGR_097,Active,0
EMP_0116,37.0,female,Single,Bachelors,Marketing,Marketing Specialist,07/17/2014,62411.0,58084,3.0,5.0,Medium,1,No,1,0.9768817898679336,2016-10-25,10,MGR_043,Terminated,1
EMP_0714,38.0,Male,M,Bachelor,Operations,Process Specialist,29-03-2017,55889.0,,3.0,5.0,3,7,No,2,0.6082872648333061,2022-07-12,16,MGR_050,Active,0
EMP_1961,34.0,male,D,Bachelors,Operations,Operations Analyst,26-07-2015,65409.0,"43722,48694,56380,60267",3.0,1.0,High,27,No,2,1.503197926181134,2023-06-10,37,,Terminated,1
EMP_1826,,Male,Divorced,BS,Engineering,Software Engineer,2015-05-01,121970.0,111956,2.0,4.0,Low,31,No,2,3.5145934736129925,2016-07-15,26,MGR_154,Active,0
EMP_1362,39.0,Male,single,Masters,Sales,Account Manager,08/31/2021,80618.0,"57635,62256,69375,76235",4.0,4.0,2,Near,FALSE,3,2.8850810252512034,2021-04-17,22,,Active,0
EMP_0272,23.0,Female,Single,BA,Customer Service,CS Manager,,53691.0,"45569,48315",3.0,2.0,3,27,Yes,2,4.105389876633679,,6,MGR_180,Active,0
EMP_0564,32.0,M,Single,Masters,Operations,Operations Manager,18-07-2013,71420.0,"48631,52260,58769,67539",4.0,5.0,1,9,Yes,1,0.34126419423371485,2023-01-20,36,MGR_161,Resigned,1
EMP_0662,30.0,M,Single,Bachelor,Sales,Sales Representative,2018-08-31,53105.0,"32343,35607,40191,45966",4.0,1.0,1,5,N,2,3.83762343385928,2019-08-17,7,MGR_177,Active,0
EMP_0483,22.0,Male,Single,Bachelors,IT,IT Specialist,01-12-2012,78767.0,69278,2.0,5.0,4,6,Yes,1,1.9788026461673007,2019-12-19,5,MGR_023,Active,0
EMP_1398,27.0,Male,Married,Masters,Finance,Accountant,12-05-2011,47872.0,,5.0,4.0,4,1,Yes,2,1.5777206497737915,2018-05-18,9,MGR_121,Active,0
EMP_1834,37.0,Female,Divorced,Bachelor,R&D,R&D Manager,"October 27, 2012",150884.0,,5.0,2.0,4,1,Yes,3,2.2481082014251603,,5,MGR_137,Active,0
EMP_0594,37.0,Male,Married,Masters,Marketing,Digital Marketer,Invalid Date,50259.0,"32244,37481,40633,47492",3.0,3.0,4,4,No,2,2.4098222774699423,2016-07-26,20,,Terminated,1
EMP_1395,32.0,Male,married,Bachelor,Marketing,Marketing Analyst,05/05/2022,,,4.0,2.0,4,1,Yes,2,4.3613727771811295,2016-08-09,20,MGR_183,Resigned,1
EMP_0442,34.0,Female,Married,Bachelor,Sales,Sales Representative,2012-03-16,45916.0,43484,4.0,5.0,2,22,Yes,1,4.507846972292927,2023-03-28,17,MGR_023,Active,0
EMP_1591,26.0,F,Single,BA,Sales,Account Manager,2018-12-10,75247.0,71419,3.0,4.0,1,,No,3,0.7924064120186879,2020-06-27,6,MGR_130,Active,0
EMP_0892,39.0,female,Single,MS,Operations,Operations Manager,01/10/2013,96011.0,,1.0,3.0,Medium,6,TRUE,3,2.2469499088260685,2017-09-17,47,MGR_187,Active,0
EMP_1606,27.0,Male,single,Master,Sales,Sr. Sales Rep,10/26/2021,80674.0,"57322,63284,73488",4.0,2.0,5,4,No,1,0.05166671250154506,2024-05-08,30,MGR_022,Active,0
EMP_1744,44.0,MALE,Divorced,MS,Marketting,Marketing Specialist,10-12-2023,48484.0,"32121,36870,42228",3.0,4.0,3,2,Yes,2,0.048226635452378666,,17,MGR_198,Active,0
EMP_1546,38.0,Male,Single,Master,Operations,Process Specialist,"September 04, 2021",50900.0,45734,4.0,5.0,2,22,Yes,0,4.016355448682577,2021-06-10,8,MGR_197,Active,0
EMP_1431,37.0,Female,Single,Bachelors,R&D,R&D Manager,"April 24, 2019",139384.0,"103572,121278,131630",3.0,4.0,3,16,Yes,1,0.6988316912730173,2019-09-15,37,MGR_018,Terminated,1
EMP_1066,26.0,male,married,MS,Engineering,Software Engineer,2011-03-27,92331.0,,2.0,3.0,4,3,No,5,4.567739770590999,,4,MGR_003,Active,0
EMP_0573,37.0,female,D,High School,Customer Service,Support Specialist,2015-02-20,38100.0,33809,5.0,3.0,3,13,Yes,1,1.0433338705508461,2015-10-30,39,MGR_178,Active,0
EMP_1923,26.0,MALE,Divorced,High School,Finance,Financial Analyst,2012-10-03,50025.0,,3.0,5.0,5,3,No,3,5.731232337198777,2024-11-30,1,MGR_153,Active,0
EMP_0298,37.0,F,Married,Master,Enginnering,Software Engineer,24-05-2024,83089.0,"54155,63056,68909,78343",2.0,3.0,3,1,No,4,2.403230838624706,2016-06-28,33,MGR_159,Active,0
EMP_1283,40.0,Male,single,Master,Engineering,Jr. Software Engineer,2013-10-14,72042.0,,1.0,1.0,4,21,No,3,2.435662273783477,,2,MGR_183,Active,0
EMP_0081,33.0,M,married,Bachelors,Customer Service,Customer Rep,2010-07-04,52845.0,"36838,41547,45077",3.0,4.0,2,11,No,0,9.74816109432439,2025-05-08,26,MGR_098,Terminated,1
EMP_0902,31.0,female,single,BA,Sales,Account Manager,02-01-2021,67435.0,"47972,56121,62329",5.0,2.0,4,6,Yes,0,0.014875512072388342,2022-07-14,54,MGR_178,Active,0
EMP_0135,27.0,male,Married,Bachelors,Customer Service,Support Specialist,14-02-2018,53401.0,"45051,47469,50596",5.0,2.0,5,18,No,3,,2023-09-03,8,MGR_033,Terminated,1
EMP_9514,,Female,married,BS,Operations,Operations Analyst,2015-08-01,44883.0,39257,4.0,3.0,Very High,6,No,3,0.1364390988363319,2020-06-10,20,MGR_042,Resigned,1
EMP_1413,38.0,Female,Married,Bachelor,Operations,Operations Analyst,10/01/2021,44053.0,"36383,39146",2.0,2.0,3,6,No,0,1.5566248569325651,2018-11-09,2,MGR_096,Active,0
EMP_1775,29.0,male,M,Masters,HR,HR Specialist,"July 08, 2019",46894.0,"34708,39376,42235",2.0,2.0,1,15,No,0,0.31660437249790874,2021-01-07,30,,Terminated,1
EMP_1041,48.0,M,married,BS,Engineering,Software Engineer,10/24/2010,86673.0,"64924,72217,81519",3.0,2.0,3,15,No,2,,2025-02-02,18,MGR_007,Active,0
EMP_0814,36.0,Female,Single,Master,sales,Account Manager,"March 11, 2021",84436.0,,5.0,4.0,2,8,No,4,8.380906778223977,2024-03-14,10,MGR_062,Resigned,1
EMP_1151,27.0,F,Married,Bachelor,sales,Account Manager,26-01-2010,101618.0,"67299,73627,82119,91534",4.0,1.0,3,2,No,5,1.1673675786238022,2023-09-29,26,,Active,0
EMP_0030,32.0,F,married,Bachelor,Operations,Ops Analyst,"December 27, 2019",56401.0,"32399,37773,42267,48989",4.0,2.0,3,3,Yes,5,7.489529135487345,2015-10-03,31,MGR_087,Active,0
EMP_0542,25.0,Male,Married,BA,Customer Service,Support Specialist,09/07/2024,32501.0,,3.0,3.0,4,17,nan,3,5.173410049626981,2020-10-06,4,MGR_121,Active,0
EMP_1456,20.0,male,single,High School,Operations,Operations Analyst,"July 31, 2017",52380.0,44699,3.0,5.0,4,11,No,3,0.4299015070333205,,39,MGR_051,Active,0
EMP_1258,38.0,male,D,Bachelors,Customer Service,Customer Rep,01/29/2024,28196.0,"23797,26205",2.0,2.0,High,12,No,3,0.1390098308914437,2018-01-22,3,MGR_188,Active,0
EMP_1772,48.0,Male,Divorced,Bachelor,Marketing,Marketing Manager,01/12/2018,94047.0,"76130,84040",2.0,2.0,3,25,No,4,0.7010913124331734,2017-05-24,59,MGR_113,Terminated,1
EMP_0249,,F,Divorced,High school,Marketing,Digital Marketer,08-06-2019,44220.0,,4.0,3.0,Medium,13,Yes,2,,2023-05-05,31,MGR_038,Active,0
EMP_1272,39.0,F,M,BA,Human Resources,HR Manager,"August 16, 2011",84498.0,"70856,78468",2.0,4.0,4,17,No,3,3.7798230761458615,2022-05-07,72,MGR_177,Active,0
EMP_0494,28.0,F,S,Bachelor,Engineering,Engineering Manager,2021-03-24,162616.0,153446,4.0,5.0,3,Near,TRUE,1,,2016-06-23,4,MGR_190,Terminated,1
EMP_0708,49.0,Male,Single,High School,Engineering,Engineering Manager,03/01/2018,121061.0,112878,2.0,3.0,3,13,Yes,2,,2022-01-14,9,MGR_005,Active,0
EMP_1930,50.0,F,single,Bachelor,Operations,Process Specialist,2015-07-17,63401.0,,2.0,2.0,5,1,N,2,1.0143640299777672,2025-02-09,42,MGR_057,Active,0
EMP_0402,30.0,M,married,High School,Customer Service,CS Manager,08/21/2017,55493.0,"38581,42476,47754",4.0,3.0,Medium,1,No,0,1.0026190879625212,2024-12-17,12,MGR_173,Resigned,1
EMP_1144,36.0,Female,D,High School,Sales,Sales Rep,2019-04-08,33046.0,"24042,26459,27893,30255",3.0,3.0,High,17,No,0,2.7477645833956874,2016-04-17,8,,Active,0
EMP_1669,41.0,M,Single,High School,Engineering,Senior Engineer,2011-04-07,129318.0,"90826,96561,102171,116077",3.0,4.0,4,4,0,2,5.15002982758098,2017-10-21,50,MGR_069,Active,0
EMP_1090,33.0,F,S,Bachelor,Finance,Accountant,32-12-2021,58365.0,"39520,43513,47680,55113",3.0,4.0,High,1,No,0,1.2351568338221037,2020-08-12,10,MGR_139,Active,0
EMP_0023,35.0,Male,Single,Bachelors,HR,Recruiter,25-08-2017,64389.0,"48253,53661,57598",6.0,4.0,4,25,No,1,-0.4465308918227793,2020-07-12,29,MGR_181,Terminated,1
EMP_1773,30.0,MALE,married,Bachelors,sales,Account Manager,04/29/2011,71433.0,,3.0,3.0,5,14,Yes,1,1.6610530457470696,2016-01-14,22,MGR_177,Active,0
EMP_0161,27.0,female,married,Master,Marketing,Marketing Manager,19-12-2022,88317.0,,3.0,4.0,3,23,No,2,0.0020094913499362718,2022-09-10,10,MGR_194,Active,0
EMP_1143,33.0,Female,Married,Bachelors,Engineering,Software Engineer,"March 03, 2015",112070.0,"93154,102492",4.0,2.0,2,1,No,2,,2024-06-11,26,MGR_038,Active,0
EMP_0766,29.0,Female,single,Bachelor,Operations,Ops Analyst,2018-03-15,52799.0,"41417,46244,50150",1.0,3.0,4,5,No,2,,2023-08-25,12,MGR_070,Resigned,1
EMP_0634,31.0,Female,married,Bachelor,Sales,Account Manager,"June 15, 2017",78590.0,"58206,66833,71212",3.0,4.0,4,Very Far,No,2,6.447326473702351,2019-12-08,16,,Active,0
EMP_1604,28.0,M,Married,Masters,Customer Support,CS Manager,06/03/2018,76208.0,,4.0,5.0,3,1,Yes,2,1.0080430831269278,2016-12-12,107,MGR_149,Laid Off,1
EMP_1208,29.0,Male,Single,Bachelor,Engineering,Jr. Software Engineer,,67362.0,,3.0,3.0,4,19,No,1,2.1344043595473607,2021-08-13,13,MGR_101,Resigned,1
EMP_1286,24.0,Male,married,Master,Sales,Account Manager,"August 07, 2014",84163.0,"58780,62482,68589,79118",3.0,4.0,4,2,No,3,1.3483766249327473,2019-01-08,3,MGR_174,Resigned,1
EMP_1043,43.0,M,Single,High School,Operations,Operations Analyst,"May 11, 2011",60744.0,,3.0,4.0,Medium,4,0,0,5.619913695782824,2022-05-28,5,MGR_174,Active,0
EMP_1788,28.0,Female,married,Master,HR,HR Manager,"June 09, 2018",77334.0,,3.0,3.0,3,20,No,0,2.755764363199283,2020-01-26,26,MGR_180,Terminated,1
EMP_0365,40.0,Female,married,Master,Sales,Sales Rep,05/13/2022,39181.0,"32119,35449",4.0,4.0,2,28,No,1,0.060541916596925094,2015-11-09,2,MGR_095,Active,0
EMP_0747,36.0,Female,married,Bachelor,Marketting,Marketing Specialist,2013-12-22,41153.0,"29533,32819,35140,37348",3.0,4.0,3,3,No,1,0.6212024993552668,2020-02-18,15,MGR_147,Active,0
EMP_1307,35.0,female,Divorced,Masters,Finance,Senior Analyst,11/22/2020,73416.0,"50347,57995,62101,68798",4.0,5.0,2,,TRUE,0,2.1063185671176576,2021-12-14,12,MGR_056,Active,0
EMP_0635,26.0,male,married,Bachelors,Finance,Finance Manager,10/29/2018,98206.0,"74361,81139,90293",4.0,3.0,3,6,No,3,1.25300303745949,2020-02-24,36,MGR_057,Active,0
EMP_0845,,F,married,PhD,Customer Service,Customer Rep,08/16/2010,42187.0,"31812,35977,38181",4.0,5.0,4,,Yes,2,,2016-09-29,12,MGR_127,Active,0
EMP_1008,40.0,F,single,Bachelor,Finance,Accountant,32-12-2021,65429.0,"46212,53855,57287,61559",2.0,3.0,5,35,N,2,6.502258147686753,2021-07-22,6,,Active,0
EMP_1004,29.0,Male,Married,BS,R&D,R&D Manager,"February 19, 2019",149037.0,,4.0,3.0,4,10,No,3,0.8637502451905591,2022-02-21,3,,Active,0
EMP_1683,27.0,male,Married,Masters,Sales,Sales Manager,2016-09-13,58693.0,"37438,43507,47996,55103",6.0,0.0,4,50,Yes,1,0.7145697653349539,2017-03-27,14,MGR_085,Active,0
EMP_1304,28.0,male,Single,Master,HR,HR Generalist,2021-11-17,,,,3.0,Medium,1,Yes,3,6.218305155774932,2016-11-04,87,MGR_081,Active,0
EMP_1518,40.0,M,S,Master,sales,Account Manager,"October 20, 2024",66864.0,"56059,59081",4.0,2.0,4,14,No,2,0.5079448115904122,2019-04-15,8,MGR_168,Active,0
EMP_0048,43.0,Female,Divorced,High School,Engineering ,Software Engineer,"November 04, 2015",93829.0,81907,3.0,3.0,3,4,Yes,3,0.4605269604991148,2024-07-13,12,MGR_039,Resigned,1
EMP_0094,32.0,female,Married,nan,Finance,Accountant,2021-09-04,55875.0,,3.0,5.0,4,8,No,2,4.429641296052457,2024-03-08,7,MGR_017,Terminated,1
EMP_0712,,female,married,Bachelors,Operations,Ops Analyst,"December 23, 2021",62633.0,"44394,48198,53428",3.0,1.0,3,2,Yes,2,10.276849164710818,2019-05-10,14,MGR_136,Active,0
EMP_1575,38.0,Female,married,High School,Customer Support,Customer Rep,03/23/2024,,,4.0,5.0,3,40,No,1,7.929816895587545,,29,MGR_083,Terminated,1
EMP_1879,21.0,F,Single,Bachelors,Marketing,Digital Marketer,24-01-2013,58456.0,"41300,44863,50570,54020",3.0,1.0,3,5,1,0,,2024-04-12,30,MGR_162,Active,0
EMP_0575,41.0,Male,Single,Bachelors,Enginnering,Senior Engineer,"January 30, 2016",128018.0,114854,3.0,4.0,5,1,No,2,0.00552063434019268,2018-05-30,20,MGR_192,Terminated,1
EMP_1695,36.0,M,single,High School,Marketing,Marketing Analyst,05/17/2016,49438.0,"42882,46636",3.0,2.0,4,1,Y,4,0.16829082427968173,2020-10-21,6,MGR_007,Active,0
EMP_1297,42.0,male,Single,Masters,Human Resources,Recruiter,02-01-2023,50859.0,,2.0,5.0,4,21,No,2,6.579355921033694,2018-03-24,15,,Terminated,1
EMP_1948,34.0,Female,single,High School,Sales,Sr. Sales Rep,19-11-2014,,,3.0,3.0,Medium,1,No,3,0.18429280937108844,2016-07-22,24,MGR_074,Active,0
EMP_1496,,Female,Married,Master,Marketting,Digital Marketer,03-10-2013,78029.0,72560,3.0,4.0,1,11,No,1,1.089210215406981,2021-07-05,13,MGR_101,Active,0
EMP_0998,40.0,M,Single,Masters,Engineering,Jr. Software Engineer,06/21/2017,69717.0,,4.0,4.0,3,20,Yes,1,0.19520811384561967,2018-11-30,10,MGR_097,Active,0
EMP_0165,42.0,Female,Married,Masters,Engineering,DevOps Engineer,12-01-2020,108680.0,101499,4.0,4.0,3,50,FALSE,1,0.48762189385563587,2016-10-25,9,MGR_171,Active,0
EMP_0460,25.0,Female,married,High school,sales,Sales Manager,10-08-2016,101074.0,"71247,83054,87775",3.0,2.0,3,8,No,1,4.553075019259399,2017-05-05,1,MGR_015,Active,0
EMP_1436,37.0,F,Divorced,Master,HR,HR Specialist,01/03/2014,36781.0,"25350,28358,31677",4.0,2.0,4,2,No,2,0.310382813756037,,3,MGR_140,Resigned,1
EMP_0134,38.0,M,M,Master,HR,Recruiter,02/02/2015,63912.0,59689,2.0,4.0,3,29,No,1,1.193846179096045,2019-06-02,33,,Active,0
EMP_1079,47.0,Male,Married,Bachelor,Operations,Process Specialist,15-01-2019,76459.0,,2.0,3.0,3,1,Yes,1,2.400388105345586,2021-09-15,0,MGR_004,Active,0
EMP_0547,39.0,female,married,High School,Customer Service,Customer Rep,07/08/2017,48960.0,45035,3.0,5.0,4,2,No,0,0.48093206215615547,2020-04-17,5,MGR_039,Active,0
EMP_1894,34.0,female,Married,Master,Sales,Sales Manager,15-08-2024,89915.0,"69194,80595",2.0,2.0,2,12,Yes,1,7.501970637094425,2024-10-12,0,MGR_066,Active,0
EMP_0461,50.0,male,M,MS,Sales,Sr. Sales Rep,"July 09, 2023",62624.0,,,2.0,3,9,No,3,,2024-12-25,35,MGR_035,Active,0
EMP_1338,32.0,Female,married,Bachelor,Sales,Account Manager,23-11-2013,72944.0,68129,3.0,2.0,4,,No,5,0.4440234127024483,2018-12-08,11,MGR_129,Terminated,1
EMP_1491,30.0,M,D,High School,Finance,Accountant,"April 30, 2018",57945.0,,2.0,2.0,4,19,No,0,2.3253133774704486,2025-02-07,47,MGR_003,Active,0
EMP_0803,35.0,F,Single,Master,HR,HR Generalist,,50900.0,"41539,44347",,2.0,4,7,Yes,1,1.3735279695867473,2018-04-10,14,MGR_138,Active,0
EMP_0569,20.0,Female,Single,MA,HR,HR Manager,03/26/2014,87946.0,,4.0,2.0,3,17,No,2,3.5917209761696545,2020-11-17,9,MGR_017,Active,0
EMP_1194,37.0,Female,Married,Bachelors,Engineering,Software Engineer,2020/15/30,71871.0,,4.0,4.0,4,Remote,Yes,2,3.607760404026515,2016-08-27,54,MGR_081,Active,0
EMP_1251,37.0,F,D,Master,Finance,Financial Analyst,18-08-2023,78636.0,,4.0,4.0,3,1,No,3,5.26509660439336,2016-01-01,12,MGR_084,Retired,1
EMP_0736,38.0,female,married,Bachelors,Sales,Sr. Sales Rep,"June 30, 2010",,,3.0,4.0,4,2,No,0,7.061662943172304,2024-04-03,3,MGR_084,Terminated,1
EMP_0917,39.0,M,Single,Master,Customer Service,CS Manager,2011-07-24,59534.0,,4.0,2.0,3,32,Yes,3,2.390216475542789,2020-12-17,8,,Resigned,1
EMP_0014,19.0,male,married,High School,Human Resources,HR Specialist,"February 01, 2012",43669.0,"31983,37408",3.0,3.0,Medium,44,No,0,0.7988676726538305,2016-05-07,4,MGR_184,Active,0
EMP_0711,36.0,F,single,PhD,Customer Service,CS Manager,2021-04-15,62588.0,"52782,56608",2.0,3.0,4,16,1,1,0.6348454397485263,2022-05-04,25,MGR_154,Terminated,1
EMP_0362,47.0,female,Married,Bachelors,Engineering ,Senior Engineer,"March 01, 2024",112552.0,104358,3.0,3.0,3,23,Yes,1,0.907284312681054,,0,MGR_180,Active,0
EMP_1523,33.0,female,Married,Bachelor,R&D,Research Scientist,02/10/2020,108794.0,"92893,97964",4.0,3.0,4,50,No,1,2.6422086008920016,2025-02-14,67,MGR_033,Active,0
EMP_1448,39.0,F,Single,Bachelor,Marketing,Marketing Analyst,,29597.0,27512,3.0,4.0,3,27,TRUE,2,3.8949211108692166,2015-10-08,86,MGR_009,Terminated,1
EMP_0169,,Female,Divorced,Bachelor,Marketing,Marketing Analyst,"August 20, 2020",60052.0,"45615,51398",3.0,3.0,3,8,No,1,,2016-01-16,11,MGR_049,Active,0
EMP_0264,26.0,F,Single,nan,HR,HR Specialist,02-09-2024,41561.0,"29330,32597,35669",2.0,4.0,1,23,Yes,0,7.874303055124983,2019-05-08,3,MGR_134,Terminated,1
EMP_1656,32.0,male,married,High School,sales,Sales Manager,12/26/2023,68346.0,"40880,44872,50733,59010",5.0,4.0,4,27,No,1,1.8427196625724573,2017-11-26,2,MGR_115,Terminated,1
EMP_1743,35.0,M,Married,High School,sales,Account Manager,04-11-2020,,,3.0,1.0,5,3,FALSE,3,-1.9798623871831547,2021-07-28,8,MGR_017,Active,0
EMP_0878,36.0,male,married,Bachelor,Operations,Ops Analyst,17-09-2014,50271.0,,5.0,4.0,4,9,Yes,3,0.9458282797986974,2024-08-20,18,,Laid Off,1
EMP_1035,31.0,M,Married,Bachelor,Finance,Financial Analyst,2024-04-27,64158.0,,3.0,4.0,High,40,No,3,1.3798404395288402,2019-04-17,29,MGR_105,Resigned,1
EMP_0752,24.0,M,Married,Masters,R&D,Product Developer,"March 02, 2013",88323.0,83195,3.0,5.0,Medium,20,Yes,0,4.221002389038702,2022-07-29,10,MGR_070,Active,0
EMP_0762,35.0,male,Married,BS,Operations,Operations Analyst,20-05-2023,69931.0,"48573,52365,61321,65362",3.0,4.0,3,7,TRUE,1,0.8434080042632649,,8,MGR_138,Resigned,1
EMP_0643,32.0,F,Single,Master,Finance,Finance Manager,07-07-2010,134107.0,"85554,100651,106965,120709",3.0,4.0,Medium,15,Yes,1,2.3061327764076096,,22,MGR_194,Resigned,1
EMP_9852,38.0,Male,S,Bachelors,sales,Account Manager,2017-02-01,65227.0,"41527,45740,52389,57946",2.0,0.0,4,18,No,1,1.390984369031656,2022-09-18,31,MGR_182,Active,0
EMP_0740,43.0,Female,S,Master,Operations,Ops Analyst,2016-11-11,55312.0,47271,3.0,4.0,3,19,No,2,0.07011328960223871,2022-05-07,76,,Terminated,1
EMP_0188,34.0,female,married,Bachelor,HR,HR Generalist,"September 16, 2010",40680.0,"28458,32519,34255,36809",1.0,3.0,5,11,No,0,2.0349711484410133,2016-06-24,46,,Active,0
EMP_0777,29.0,MALE,Married,BA,HR,Recruiter,05-03-2012,59168.0,"48628,55841",4.0,3.0,4,,No,0,0.10198131285263073,,35,MGR_151,Active,0
EMP_0526,20.0,F,married,Bachelor,Marketing,Marketing Manager,03/23/2011,,,3.0,3.0,4,21,No,1,0.5062094737292296,2021-08-19,3,MGR_079,Active,0
EMP_0680,45.0,M,married,Master,Operations,Ops Analyst,07/10/2016,55715.0,,2.0,4.0,4,21,No,2,3.3275967287227095,2020-02-15,34,MGR_006,Active,0
EMP_0654,26.0,male,married,MA,Enginnering,Senior Engineer,"August 26, 2024",117504.0,,3.0,2.0,4,2,Yes,0,0.8936089974587271,2018-07-19,12,MGR_126,Active,0
EMP_1906,38.0,Male,single,Masters,Operations,Ops Analyst,08/12/2021,39665.0,"32380,35398",4.0,4.0,5,26,No,2,0.04425700005444277,2019-06-08,36,MGR_113,Terminated,1
EMP_1065,32.0,Male,Single,Bachelor,Operations,Operations Analyst,"March 06, 2020",67801.0,"52141,59476",3.0,1.0,3,17,No,3,0.8658143503141476,,34,MGR_048,Active,0
EMP_1010,30.0,M,Divorced,Bachelors,Marketting,Marketing Specialist,2020-01-03,47138.0,,4.0,5.0,5,2,No,6,0.4221562783040839,2024-12-02,9,,Active,0
EMP_1897,32.0,male,Married,PhD,Engineering,DevOps Engineer,2017-03-07,117498.0,"81921,95216,110492",2.0,3.0,5,1,No,1,4.129210982050482,2016-01-23,1,MGR_167,Active,0
EMP_1840,33.0,Female,Married,High School,Engineering,Engineering Manager,18-12-2017,149380.0,,4.0,3.0,1,49,Yes,4,3.1862689923285576,2017-10-24,16,MGR_082,Active,0
EMP_0207,39.0,Male,single,Bachelor,Customer Service,Customer Rep,32-12-2021,38040.0,"32778,35853",2.0,1.0,3,39,No,5,0.5985672621071342,2023-03-21,21,MGR_150,Terminated,1
EMP_1958,60.0,M,D,Bachelors,Enginnering,Senior Engineer,2012-11-24,119171.0,"100670,108057",3.0,2.0,2,14,1,3,0.03351690522078618,2023-05-29,11,MGR_118,Active,0
EMP_1718,36.0,M,married,PhD,Customer Support,CS Manager,"August 14, 2013",79365.0,"50977,56128,64922,73000",2.0,1.0,2,1,No,0,3.2021000394906696,2021-10-31,9,MGR_076,Active,0
EMP_1111,33.0,male,single,BA,Marketing,Marketing Manager,"February 03, 2019",110501.0,"72597,81012,85973,96149",1.0,3.0,4,1,Y,1,0.44798765065215695,2025-04-05,16,MGR_090,Terminated,1
EMP_0818,42.0,Male,Married,Bachelor,Operations,Operations Manager,"May 31, 2015",83141.0,"50794,56003,65551,76360",3.0,2.0,Very Low,5,1,2,2.1970270321853143,2024-03-31,14,MGR_088,Active,0
EMP_1414,52.0,F,married,Master,Engineering,Jr. Software Engineer,2016-01-12,63015.0,,3.0,1.0,4,5,1,1,,2022-10-17,28,MGR_027,Active,0
EMP_1525,32.0,F,Single,Bachelor,Sales,Sales Manager,2011-10-06,80964.0,,4.0,2.0,3,16,No,2,1.4155682057119385,2020-03-21,18,,Terminated,1
EMP_1661,45.0,Male,Divorced,BS,HR,Recruiter,"January 01, 2011",63375.0,"47603,54450",2.0,4.0,Medium,9,No,2,1.4555697486488761,2017-06-15,74,,Resigned,1
EMP_0428,40.0,Female,single,High School,Customer Service,Support Specialist,11-11-2014,45689.0,"28888,32154,34568,40199",,4.0,5,Near,Yes,2,1.3856949305700819,2024-06-17,45,MGR_151,Active,0
EMP_1835,30.0,male,Married,PhD,Marketing,Marketing Specialist,08/13/2011,55784.0,,1.0,4.0,Low,16,No,5,,2023-03-20,12,,Active,0
EMP_1647,33.0,Male,Divorced,MS,Human Resources,HR Specialist,2011-04-26,58050.0,"47005,51536",2.0,2.0,High,13,1,0,0.9357920429346999,,0,,Active,0
EMP_1913,,male,Married,Bachelor,Sales,Account Manager,"September 10, 2016",71206.0,"54277,58248,64557",3.0,3.0,High,7,TRUE,1,,2023-01-18,11,MGR_172,Active,0
EMP_0553,44.0,Female,Divorced,Master,Finance,Financial Analyst,12/04/2017,61917.0,54943,3.0,3.0,1,9,N,4,4.8517431242467355,2017-11-17,-100,MGR_188,Terminated,1
EMP_1724,39.0,Male,Single,Masters,Operations,Process Specialist,11-05-2023,69326.0,,3.0,4.0,4,2,No,2,0.03931231915991438,2025-01-24,41,MGR_150,Active,0
EMP_0388,50.0,Female,S,Masters,R&D,Research Scientist,05/22/2023,112532.0,"87792,98500",1.0,2.0,3,22,Yes,2,0.5652224743927321,2023-06-05,20,MGR_005,Active,0
EMP_0628,33.0,male,single,Master,Customer Service,Customer Rep,"December 23, 2018",35539.0,"29997,32491",2.0,4.0,3,7,No,2,0.2682974137545556,2021-02-14,39,MGR_162,Active,0
EMP_1793,33.0,male,Married,High School,Engineering,DevOps Engineer,"December 09, 2014",93369.0,,2.0,4.0,3,19,Yes,3,2.053708504350443,2017-03-27,14,,Active,0
EMP_0139,41.0,Female,married,PhD,Human Resources,HR Specialist,11/28/2019,42940.0,,4.0,3.0,Low,3,No,1,0.24798071268622227,,61,MGR_121,Terminated,1
EMP_1437,33.0,F,Married,PhD,HR,HR Manager,06/17/2013,84809.0,78992,1.0,3.0,Low,3,N,1,0.5784814329491893,2022-05-16,1,MGR_003,Active,0
EMP_1359,23.0,Male,M,Bachelor,Sales,Sales Manager,2023-13-45,93445.0,"69237,80021,88378",5.0,1.0,5,1,No,2,2.094295248138381,2019-08-07,29,MGR_167,Active,0
EMP_1677,44.0,M,Married,Bachelor,IT,System Admin,2012-05-22,71798.0,"56854,61479",5.0,4.0,4,6,No,3,2.1066170135396254,2017-07-01,4,,Active,0
EMP_1553,27.0,M,single,High School,Finance,Finance Manager,"June 09, 2011",,,2.0,1.0,3,2,No,1,0.03788244957414846,2024-06-10,21,MGR_060,Active,0
EMP_1230,52.0,Female,Single,High School,Finance,Finance Manager,Invalid Date,111261.0,"86212,100186",5.0,3.0,High,32,No,2,3.008671354400527,2023-10-15,0,MGR_018,Active,0
EMP_0253,51.0,M,M,Bachelor,Marketing,Marketing Manager,"February 27, 2012",88790.0,83857,6.0,4.0,2,4,1,1,0.23656433550688372,2016-04-12,37,MGR_153,Terminated,1
EMP_1953,27.0,Male,M,High School,HR,HR Specialist,10-07-2020,46904.0,"28275,31027,35722,41049",3.0,1.0,3,46,No,0,4.297946848000495,2022-03-23,8,MGR_059,Active,0
EMP_1643,34.0,Male,Single,Bachelors,Operations,Operations Analyst,06/11/2023,51890.0,,5.0,4.0,2,8,No,3,1.8974739802078484,2019-09-21,11,MGR_102,Active,0
EMP_1310,38.0,F,Single,Masters,Operations,Operations Manager,"January 09, 2022",81079.0,,3.0,3.0,Low,33,No,1,1.553186733081272,2016-06-13,17,,Active,0
EMP_0867,37.0,Male,Divorced,Bachelors,Sales,Sales Representative,"March 16, 2013",45133.0,"36655,42415",3.0,3.0,3,5,Yes,1,0.19262362244179407,2025-04-27,4,MGR_141,Terminated,1
EMP_0808,31.0,Female,Married,Master,Operations,Process Specialist,25-12-2016,59711.0,"46693,53649",3.0,4.0,4,7,Yes,3,0.5755180570637767,2024-02-13,4,MGR_060,Terminated,1
EMP_1521,44.0,female,Single,Masters,Engineering,Engineering Manager,06/01/2012,118452.0,"87087,95547,108769",5.0,2.0,5,8,No,2,0.4807914257859136,2015-09-23,0,,Terminated,1
EMP_0749,30.0,Male,Divorced,Bachelors,Customer Support,Customer Rep,2012-10-31,36843.0,,3.0,4.0,1,4,No,0,2.20511316418768,2024-10-02,78,MGR_097,Active,0
EMP_1380,49.0,male,Single,Bachelors,Finance,Finance Manager,"May 26, 2015",101825.0,"74278,82064,94004",2.0,3.0,3,26,Yes,2,1.7631035764017622,2021-03-31,2,MGR_128,Active,0
EMP_1705,38.0,M,married,Bachelors,Engineering,Jr. Software Engineer,"September 04, 2017",76453.0,"66262,72408",3.0,3.0,4,6,1,1,4.249769831786947,2023-06-15,1,MGR_045,Active,0
EMP_1095,40.0,MALE,married,Master,IT,Software Engineer,04/14/2016,103401.0,97590,3.0,3.0,2,,No,3,0.7718143799785033,2023-02-04,42,MGR_094,Resigned,1
EMP_0931,30.0,Female,married,Masters,Customer Service,CS Manager,"June 13, 2017",73786.0,65497,,2.0,3,2,Yes,2,0.06578660052656818,2020-03-20,40,MGR_015,Terminated,1
EMP_1076,31.0,male,married,BA,Sales,Sales Rep,12-09-2017,55060.0,51977,2.0,3.0,3,19,No,6,1.7123335446714119,2016-05-13,11,,Terminated,1
EMP_0383,18.0,F,Single,Bachelors,Sales,Account Manager,2013-07-17,84162.0,"64117,70110,75735",3.0,5.0,3,48,No,1,3.77928880357297,2023-07-11,1,MGR_057,Resigned,1
EMP_0645,33.0,Male,Single,Masters,Sales,Sr. Sales Rep,"June 27, 2019",67478.0,"55783,59951",2.0,4.0,4,50,No,1,0.9633672061207302,2017-05-17,6,,Active,0
EMP_1164,21.0,Female,single,MS,Engineering,Engineering Manager,"April 04, 2021",143009.0,"111845,130612",3.0,2.0,2,13,0,2,1.184187130540185,2022-07-01,5,MGR_044,Active,0
EMP_1800,35.0,F,Divorced,Master,sales,Sales Rep,"October 25, 2019",39629.0,,1.0,2.0,5,8,Yes,3,6.974240808523341,2015-08-05,12,,Terminated,1
EMP_0721,37.0,Female,single,High School,Sales,Sales Rep,"August 08, 2018",49170.0,"33371,37971,42998",2.0,3.0,5,6,No,4,1.5405908036226368,2020-03-08,52,MGR_143,Active,0
EMP_0295,37.0,M,married,Bachelor,Marketing,Marketing Specialist,31-01-2012,29673.0,"17794,20133,22934,26421",4.0,4.0,Medium,,TRUE,2,0.5889128593929692,,22,MGR_008,Terminated,1
EMP_0641,32.0,F,Single,Bachelor,Sales,Sales Rep,2021-07-12,51013.0,"37616,39635,43878,46921",4.0,2.0,3,23,Yes,4,1.6383885219450878,,12,MGR_161,Active,0
EMP_0734,21.0,F,Single,Bachelor,Sales,Account Manager,"December 07, 2015",82029.0,76944,5.0,2.0,4,5,Yes,2,9.601312538356616,,49,,Resigned,1
EMP_0114,54.0,M,Single,Master,Operations,Operations Analyst,"May 07, 2020",53679.0,47351,4.0,4.0,2,1,No,2,0.5457677094255756,2016-11-30,0,MGR_190,Active,0
EMP_1807,37.0,Female,Single,Bachelor,Engineering ,Senior Engineer,04/02/2020,124099.0,"76642,87329,92694,105547",0.0,1.0,Low,10,Yes,1,0.46018222586816226,2019-12-19,9,MGR_185,Active,0
EMP_0040,36.0,F,single,High School,Human Resources,Recruiter,2020-01-29,47552.0,"33702,36283,38839,45063",3.0,4.0,nan,16,No,5,1.3787477001565969,2018-03-11,4,MGR_075,Terminated,1
EMP_0070,29.0,MALE,married,Bachelor,Operations,Operations Analyst,2019-10-28,67607.0,"50134,53967,58139,62201",2.0,5.0,3,14,Yes,6,0.206008815633375,2023-04-06,6,MGR_090,Terminated,1
EMP_1027,35.0,male,D,BS,Sales,Sales Rep,08/14/2015,50972.0,"37355,39593,44651",2.0,4.0,3,3,N,3,1.5834545691687745,2015-09-17,1,MGR_021,Resigned,1
EMP_1140,40.0,F,married,Masters,Marketting,Marketing Specialist,2013-09-03,65071.0,"46846,52897,55735",4.0,4.0,Medium,12,Yes,1,0.2690958925984825,2015-10-19,7,MGR_085,Active,0
EMP_1300,37.0,Female,D,Master,Marketting,Marketing Specialist,2024-10-14,60370.0,,2.0,5.0,3,9,No,0,3.384203161966907,2018-09-01,5,MGR_116,Terminated,1
EMP_9515,40.0,male,single,Bachelor,Engineering,Senior Engineer,"May 14, 2019",116802.0,"93235,107040",3.0,4.0,2,15,0,3,3.2848832104064756,2021-04-23,16,MGR_018,Active,0
EMP_0980,41.0,female,married,High school,Sales,Sales Manager,2023-07-13,77719.0,,3.0,4.0,Very Low,41,Yes,1,0.0551703530687986,2022-10-01,16,,Active,0
EMP_1675,47.0,Female,D,MA,Finance,Financial Analyst,12/23/2013,83036.0,78232,5.0,3.0,4,6,Yes,0,0.3690788543973448,2024-04-09,57,MGR_126,Active,0
EMP_0011,31.0,M,Single,Bachelors,Engineering,Software Engineer,27-05-2012,118752.0,"75988,86807,92998,107552",5.0,3.0,3,8,No,2,6.129247585017191,,6,MGR_081,Terminated,1
EMP_0288,39.0,F,single,Master,IT,System Admin,20-03-2013,77401.0,"46720,52667,61876,68287",3.0,2.0,Very High,6,Y,1,1.1711507621159913,2016-07-29,7,MGR_102,Terminated,1
EMP_1844,35.0,M,Married,BA,Customer Support,CS Manager,2022-09-07,65871.0,,4.0,0.0,Medium,6,No,2,0.5375326019339797,2025-04-04,0,MGR_053,Active,0
EMP_1482,32.0,Female,Divorced,Bachelors,Sales,Sales Representative,09/07/2013,47202.0,44607,2.0,3.0,4,4,No,1,0.3366512690506294,2019-03-11,20,,Terminated,1
EMP_1554,28.0,Male,married,Bachelors,Marketting,Marketing Specialist,2018-06-29,46510.0,"28798,32321,36186,40475",3.0,4.0,High,1,Yes,1,0.41347356720332346,,30,MGR_007,Active,0
EMP_9369,54.0,M,Single,Master,Operations,Operations Analyst,"May 07, 2020",53679.0,47351,4.0,4.0,2,1,No,2,0.5457677094255756,2016-11-30,0,MGR_190,Active,0
EMP_0445,24.0,male,Married,Bachelor,IT,Software Engineer,08/12/2017,101143.0,88309,3.0,4.0,High,9,No,3,5.14907798003351,2016-08-04,15,MGR_112,Terminated,1
EMP_0060,42.0,M,single,High School,Sales,Sales Rep,24-02-2024,66806.0,"54434,59602",3.0,,Low,30,Y,1,0.12530159813097333,2023-03-31,1,MGR_166,Active,0
EMP_1115,36.0,male,Married,Masters,sales,Sales Rep,2014-12-01,45915.0,"34923,39205,43553",4.0,4.0,4,2,No,1,3.34723817081034,2019-07-29,26,,Active,0
EMP_1003,,M,married,Bachelor,Marketing,Marketing Specialist,"May 09, 2022",58015.0,"34373,38965,45466,51268",2.0,4.0,5,10,No,2,0.23930159364994646,2016-11-01,16,MGR_101,Resigned,1
EMP_1336,32.0,Male,Married,High School,Sales,Sales Rep,08/01/2011,43858.0,39641,3.0,4.0,4,5,No,0,1.096938491299871,2019-09-19,63,MGR_089,Terminated,1
EMP_1269,29.0,MALE,D,Bachelors,Sales,Sales Rep,10/12/2023,49939.0,"33098,37691,40181,42719",6.0,3.0,4,6,No,2,6.119642830821913,2016-04-10,3,MGR_101,Active,0
EMP_0022,33.0,female,S,BS,Operations,Ops Analyst,"September 27, 2019",47532.0,42921,4.0,1.0,4,25,No,3,0.5949710598919388,2015-12-31,10,MGR_062,Active,0
EMP_0443,18.0,M,Divorced,Bachelors,Customer Service,Customer Rep,26-03-2014,,,4.0,3.0,4,35,No,1,0.3176834260291874,2024-09-25,12,MGR_156,Active,0
EMP_1871,26.0,Male,Single,Master,Operations,Ops Analyst,2014-01-25,69276.0,65661,3.0,1.0,nan,7,No,4,0.31970872122704946,2015-11-09,6,MGR_179,Terminated,1
EMP_0049,37.0,Male,Married,Bachelor,Operations,Operations Analyst,29-06-2019,60580.0,"43309,48456,51770",3.0,3.0,2,13,No,1,0.6287856252936135,2024-08-28,19,,Active,0
EMP_9861,23.0,female,Married,Bachelor,Engineering,Jr. Software Engineer,2012-10-08,78273.0,"65569,69259",3.0,5.0,3,1,No,1,1.8005968287968768,2017-10-17,0,MGR_193,Active,0
EMP_0857,,M,Single,Bachelor,HR,Recruiter,2023-09-04,68654.0,"44711,51437,55748,61872",5.0,3.0,4,50,N,2,0.682560990035998,2023-09-11,31,MGR_187,Active,0
EMP_1690,32.0,M,Married,Bachelors,Marketing,Marketing Specialist,"June 06, 2020",60367.0,,3.0,3.0,4,1,No,3,11.751305918116868,2018-04-25,13,MGR_100,Active,0
EMP_1315,35.0,Female,S,Bachelors,Engineering,Senior Engineer,"June 20, 2010",93820.0,"81053,88477",4.0,1.0,4,24,No,1,0.6665582947096702,2018-08-16,16,MGR_002,Active,0
EMP_1613,42.0,Female,married,Bachelor,Sales,Sales Representative,02/13/2024,61721.0,"38498,41772,46522,53163",2.0,0.0,3,3,No,2,2.777205055179052,2017-07-31,49,MGR_021,Terminated,1
EMP_1749,36.0,Male,Single,Master,HR,Recruiter,18-05-2021,,,3.0,5.0,1,17,Y,2,0.5932216162764536,2017-11-05,9,MGR_150,Active,0
EMP_0605,38.0,male,Married,Bachelor,Engineering,Jr. Software Engineer,04/17/2018,49752.0,"38151,42799",4.0,10.0,3,17,No,1,0.663062851526647,2019-11-30,28,MGR_035,Active,0
EMP_0541,41.0,M,Married,MA,IT,System Admin,2024-10-22,78828.0,"65828,71888",4.0,3.0,3,3,N,1,0.37956397297845706,2016-03-31,35,MGR_086,Active,0
EMP_1837,25.0,female,Single,BS,Sales,Sr. Sales Rep,"January 04, 2016",65729.0,,4.0,4.0,Low,44,Yes,2,2.274584768669439,2024-08-17,84,MGR_053,Active,0
EMP_0417,47.0,female,Married,High School,IT,Software Engineer,"October 09, 2016",97488.0,,1.0,4.0,4,2,No,2,0.33832422934329115,2016-05-20,33,MGR_109,Terminated,1
EMP_1334,46.0,Female,Married,High School,Engineering,DevOps Engineer,07/31/2013,85455.0,"51710,60531,67761,78571",4.0,2.0,3,13,1,0,0.1918181193727187,2017-08-07,8,MGR_070,Active,0
EMP_1623,42.0,male,married,Bachelors,Sales,Sales Representative,"August 16, 2014",58458.0,"47623,52508",4.0,3.0,2,,FALSE,5,1.7952447804908958,2024-11-29,13,MGR_094,Active,0
EMP_0017,26.0,Female,married,High school,Marketing,Digital Marketer,"September 23, 2016",52852.0,"39456,42592,45449",2.0,3.0,4,1,No,1,4.63876571875441,2018-09-28,3,MGR_084,Resigned,1
EMP_0136,47.0,M,Divorced,High School,IT,System Admin,"May 16, 2014",83755.0,"66723,71381",3.0,2.0,High,7,Yes,1,5.318740103803622,2021-06-12,18,MGR_025,Active,0
EMP_1620,44.0,M,Married,Bachelors,Sales,Sales Representative,"August 04, 2021",39640.0,"28978,31715,34032",3.0,3.0,3,50,No,2,2.1280762763519583,2024-10-02,30,MGR_083,Active,0
EMP_0006,33.0,female,Divorced,Bachelors,Operations,Operations Manager,27-01-2022,98834.0,93398,2.0,4.0,3,4,1,2,2.0903703210813376,2020-09-14,0,MGR_103,Active,0
EMP_0805,31.0,Female,single,Master,Sales,Sr. Sales Rep,03/13/2020,45513.0,"31060,36175,39224",2.0,4.0,4,7,Yes,0,0.029279686539912083,2016-10-18,1,MGR_109,Active,0
EMP_0724,40.0,F,Married,High School,Engineering,Engineering Manager,"September 21, 2013",106482.0,"67571,75293,86038,93268",5.0,3.0,2,9,Yes,2,0.7155618509668501,2019-12-29,2,MGR_060,Terminated,1
EMP_1992,,Male,single,Masters,Engineering,Jr. Software Engineer,"August 14, 2013",69388.0,,3.0,2.0,4,8,No,1,2.721289309129278,2020-11-25,12,MGR_125,Terminated,1
EMP_1379,30.0,female,married,High School,Marketing,Marketing Manager,2011-05-13,20000.0,"15852,17528",5.0,5.0,3,23,Yes,2,0.1465416026429049,,14,MGR_051,Active,0
EMP_9359,39.0,F,single,Bachelor,HR,HR Specialist,"June 21, 2017",37919.0,35605,3.0,3.0,4,20,FALSE,5,1.7766018171061533,2021-11-16,34,MGR_011,Active,0
EMP_1135,33.0,MALE,married,Masters,Customer Service,Customer Rep,2017-05-30,48102.0,"40134,43011",4.0,0.0,5,14,No,6,5.100494209720615,2019-05-29,4,MGR_124,Active,0
EMP_1132,38.0,M,Married,Masters,Operations,Ops Analyst,2021-11-28,52839.0,,1.0,3.0,5,3,No,2,0.46991052570193664,2024-01-17,23,MGR_047,Active,0
EMP_0769,29.0,Female,married,High School,Human Resources,HR Specialist,27-09-2016,64515.0,"44725,48901,53611,57380",3.0,2.0,4,8,No,1,0.8496850890438661,2019-08-27,34,MGR_161,Active,0
EMP_1117,54.0,Female,Single,Bachelor,Marketing,Marketing Analyst,02/01/2011,56072.0,"35722,39973,44359,49656",,3.0,2,36,No,3,0.38817200808025604,2020-03-02,6,MGR_070,Terminated,1
EMP_0051,37.0,Male,married,Bachelors,Operations,Operations Analyst,"January 13, 2016",64378.0,"40681,44282,47941,55176",5.0,2.0,3,21,No,2,0.08831348394610936,2021-11-07,81,,Active,0
EMP_1679,42.0,female,Married,MA,Engineering,Senior Engineer,16-01-2020,106780.0,"80222,84446,91271,97646",3.0,1.0,4,22,No,0,3.582473179452056,2023-10-31,11,MGR_029,Resigned,1
EMP_0346,36.0,Female,Married,Bachelor,Sales,Account Manager,"November 28, 2020",58692.0,"39305,44431,49822,53529",4.0,5.0,2,13,No,0,1.3242647733360677,2022-07-17,27,MGR_128,Active,0
EMP_0660,33.0,male,married,High School,Finance,Financial Analyst,05-10-2011,,,3.0,3.0,3,50,No,1,0.42179432621553914,,95,MGR_034,Retired,1
EMP_1463,33.0,Male,single,Bachelor,sales,Account Manager,2022-06-24,67215.0,"54198,58966",1.0,4.0,4,32,No,2,-1.0578828562242975,2020-09-13,15,MGR_057,Terminated,1
EMP_0658,34.0,MALE,single,Bachelors,sales,Account Manager,22-04-2021,62079.0,,3.0,1.0,2,50,No,2,,2018-08-19,13,MGR_088,Laid Off,1
EMP_1909,25.0,Male,Single,Bachelor,Marketing,Marketing Analyst,2019-06-23,63373.0,"53968,57502",2.0,3.0,4,36,Y,1,7.645518196022935,2023-03-16,1,MGR_049,Active,0
EMP_0994,29.0,Female,Divorced,Bachelor,HR,HR Specialist,06/15/2013,46753.0,"28810,33000,35022,41028",4.0,1.0,3,25,No,5,1.5517153639093002,2018-08-02,3,MGR_148,Active,0
EMP_0664,30.0,Male,married,Bachelor,Customer Service,Support Specialist,04/28/2015,55478.0,"41556,47810,51321",4.0,4.0,4,14,No,3,7.034474567185345,2022-10-02,26,MGR_193,Active,0
EMP_1081,32.0,MALE,Married,Bachelor,Operations,Operations Manager,2010-08-20,85297.0,,3.0,2.0,3,6,No,2,2.193674843770384,2021-12-28,43,MGR_001,Active,0
EMP_0981,41.0,female,Single,MS,Operations,Process Specialist,2022-07-25,54085.0,50484,4.0,1.0,3,2,No,1,3.5063192418871534,2025-04-19,13,MGR_127,Retired,1
EMP_0962,,Female,married,BS,Operations,Operations Analyst,2015-08-01,44883.0,39257,4.0,3.0,Very High,6,No,3,0.1364390988363319,2020-06-10,20,MGR_042,Resigned,1
EMP_1382,31.0,M,married,BS,Sales,Sales Rep,"May 08, 2023",,,4.0,5.0,4,4,0,2,2.3401722330794583,,1,MGR_094,Active,0
EMP_1412,39.0,Male,Single,BS,Customer Service,Support Specialist,17-12-2020,,,3.0,2.0,Medium,10,No,2,0.23262972293047857,2019-10-18,31,MGR_020,Active,0
EMP_0916,37.0,male,Married,nan,Engineering,Senior Engineer,"January 25, 2010",84957.0,"50921,56779,62942,73384",1.0,3.0,3,5,Yes,1,8.246355935607776,2020-03-21,8,,Active,0
EMP_0811,33.0,Male,D,PhD,Marketing,Digital Marketer,2022-06-09,61620.0,55849,2.0,5.0,4,10,No,2,0.026922113814612618,2022-07-09,26,MGR_036,Active,0
EMP_1597,39.0,MALE,single,Masters,Sales,Sales Representative,2016-12-05,47911.0,,3.0,4.0,4,Near,No,4,2.966729905743444,2022-07-12,4,MGR_153,Active,0
EMP_0247,31.0,male,S,Master,Engineering ,Senior Engineer,"May 31, 2019",123822.0,106268,2.0,4.0,3,9,Yes,0,4.049221233210985,2016-09-18,0,MGR_055,Active,0
EMP_0937,26.0,Male,Divorced,Bachelor,Engineering,Engineering Manager,2017-09-05,125139.0,109164,3.0,3.0,3,41,No,2,4.389480322452056,2023-02-02,29,MGR_140,Active,0
EMP_1313,46.0,female,Single,Bachelors,Customer Support,Customer Rep,"April 17, 2013",32898.0,"22851,24200,25948,30199",3.0,1.0,4,2,1,4,1.3474431664058393,,18,MGR_031,Active,0
EMP_0089,30.0,male,Divorced,Master,HR,HR Specialist,2014-06-05,44927.0,"32740,34484,38842",3.0,3.0,5,24,No,3,6.259763453062592,2023-04-22,87,MGR_140,Active,0
EMP_1366,33.0,Male,Single,High School,Marketing,Marketing Analyst,18-04-2021,62386.0,"44838,47571,55588,58537",4.0,,5,12,Yes,2,1.9797554558479478,2015-08-15,6,MGR_136,Resigned,1
EMP_0436,35.0,M,married,Masters,Engineering,DevOps Engineer,12/16/2017,92105.0,,3.0,2.0,Medium,11,Y,3,5.906028130299017,,66,MGR_138,Active,0
EMP_1761,48.0,male,married,Bachelors,Sales,Sr. Sales Rep,03/02/2017,78076.0,"52796,60980,70920",2.0,3.0,nan,11,FALSE,1,2.441483017840147,,2,MGR_189,Active,0
EMP_1673,31.0,Male,married,PhD,Customer Service,Support Specialist,18-07-2015,39126.0,"28445,31652,36046",1.0,4.0,High,2,Yes,2,0.09551699310686294,2021-01-27,2,MGR_100,Active,0
EMP_0059,37.0,male,Single,High school,Customer Service,CS Manager,"October 23, 2020",70819.0,"59846,63057",2.0,5.0,3,45,No,3,0.19794156869794471,2019-08-13,8,MGR_062,Active,0
EMP_1776,24.0,F,single,High School,HR,HR Generalist,02/14/2011,41592.0,,3.0,4.0,4,22,Y,2,3.008499592987496,2015-08-12,13,MGR_188,Resigned,1
EMP_1259,29.0,male,single,High School,Marketing,Marketing Analyst,"October 14, 2020",61902.0,"44604,48179,55671",4.0,3.0,5,14,No,2,0.21635120319760665,2023-07-13,72,MGR_094,Active,0
EMP_1616,60.0,M,married,Masters,Sales,Sr. Sales Rep,03/12/2018,70468.0,"58697,65170",3.0,5.0,High,20,No,1,1.4142882891757644,2024-08-07,2,MGR_187,Active,0
EMP_0151,37.0,Female,Married,Bachelor,Marketing,Marketing Analyst,2016-12-04,52183.0,"33350,37598,41450,45122",3.0,2.0,4,3,Yes,2,0.28730462583665717,2017-11-24,45,MGR_068,Terminated,1
EMP_1473,33.0,F,married,Master,IT,Software Engineer,2018-01-12,102681.0,"61011,71356,81024,94801",4.0,4.0,4,6,No,4,1.5885343678464017,2020-12-11,53,,Resigned,1
EMP_1191,35.0,Female,single,Master,Operations,Ops Analyst,"October 08, 2021",49501.0,"31708,36716,41156,44161",2.0,3.0,Medium,18,No,2,2.2853890033229285,2019-02-06,3,MGR_054,Active,0
EMP_0683,30.0,Male,Divorced,High School,Operations,Ops Analyst,05/28/2020,64219.0,"48093,54639",3.0,1.0,3,16,No,3,1.9634892718338655,2022-02-14,2,MGR_127,Active,0
EMP_0348,23.0,F,Married,Master,Finance,Finance Manager,"May 11, 2017",86010.0,74799,4.0,5.0,Low,4,Y,0,0.7594102462574904,2024-05-14,12,MGR_184,Resigned,1
EMP_1408,47.0,Male,Single,High School,Engineering ,Senior Engineer,2014-10-28,,,4.0,3.0,nan,31,No,2,0.14449165233610378,2024-11-03,22,MGR_167,Active,0
EMP_1019,32.0,female,married,Bachelor,Finance,Finance Manager,2013-12-10,91565.0,"61375,71417,80959,86131",6.0,2.0,2,12,Yes,4,2.86547842141321,2023-03-24,1,MGR_147,Terminated,1
EMP_1545,30.0,female,Married,Bachelor,Engineering,Engineering Manager,10/26/2019,118566.0,"90946,104535",2.0,5.0,3,3,Yes,5,2.6040956635788124,2024-05-23,15,MGR_110,Active,0
EMP_0405,31.0,Male,Married,Master,Finance,Accountant,"May 05, 2020",40824.0,"26522,28033,30406,35166",4.0,2.0,4,17,No,1,4.513377764997641,2023-01-20,0,,Active,0
EMP_1945,39.0,Male,Married,BS,Sales,Sales Representative,"May 03, 2023",57565.0,"45607,50113",4.0,0.0,2,,No,2,0.8102584409079676,2023-08-13,10,,Active,0
EMP_1266,23.0,male,Married,Bachelors,Engineering,DevOps Engineer,10-02-2023,117207.0,"98342,108218",4.0,3.0,4,3,No,1,0.8785184062276787,2019-01-23,3,MGR_188,Active,0
EMP_1032,21.0,female,Married,Master,Customer Service,Support Specialist,"June 22, 2020",46684.0,"31728,36684,39457,42718",2.0,4.0,1,5,No,100,5.51461463425643,2024-11-18,47,,Active,0
EMP_0053,29.0,Male,Single,High School,Operations,Ops Analyst,"July 31, 2018",49954.0,"36456,42583,45152",2.0,2.0,High,8,Yes,-1,1.2725006853443734,2022-05-11,7,MGR_153,Terminated,1
EMP_0441,38.0,Male,D,Bachelor,Finance,Senior Analyst,2024-06-27,73729.0,"54791,63606",3.0,3.0,3,50,TRUE,2,,2025-03-11,6,MGR_121,Active,0
EMP_1926,27.0,MALE,D,BA,Marketting,Marketing Specialist,10/11/2018,55242.0,"40857,44160,51446",3.0,1.0,3,39,No,4,1.6075071725134793,,5,MGR_127,Active,0
EMP_1122,44.0,M,married,BS,Finance,Senior Analyst,25-09-2017,88045.0,"58562,67189,71052,81007",3.0,4.0,1,2,Y,4,,2016-12-28,59,MGR_179,Active,0
EMP_0950,36.0,Female,M,MA,HR,HR Manager,"May 02, 2024",75951.0,"61099,64604,68900",2.0,4.0,1,7,N,1,1.0645784553847095,2016-11-02,20,MGR_090,Active,0
EMP_1064,21.0,M,married,Master,Human Resources,HR Manager,2015-05-24,73760.0,63213,5.0,2.0,4,Remote,FALSE,3,1.552234109107633,,13,MGR_193,Terminated,1
EMP_0434,40.0,Male,Single,High School,IT,IT Specialist,06/04/2022,82917.0,"67071,71560",5.0,3.0,2,8,No,35,2.0701833256672884,,16,MGR_055,Active,0
EMP_1812,36.0,F,single,Bachelor,Operations,Ops Analyst,"December 09, 2020",56081.0,,5.0,2.0,2,50,No,3,0.40003042908313396,2016-10-18,47,MGR_191,Active,0
EMP_1681,38.0,F,Divorced,Bachelor,Sales,Sr. Sales Rep,"August 04, 2012",69919.0,"53894,57012,60928",2.0,5.0,5,5,No,0,0.14827925424318814,,48,MGR_092,Active,0
EMP_1729,37.0,Male,married,Bachelor,sales,Account Manager,22-10-2022,66485.0,"49911,56588",2.0,3.0,1,19,Yes,4,0.3653972012607028,2025-04-30,30,MGR_195,Active,0
EMP_0911,32.0,male,Single,Bachelors,Customer Support,CS Manager,2019-06-23,67966.0,"42790,47547,53035,61031",5.0,2.0,Low,12,No,5,3.8754197701515123,,118,,Terminated,1
EMP_1332,44.0,Female,Single,High School,Sales,Sales Rep,03-04-2014,47190.0,"40616,43348",4.0,2.0,3,12,No,0,0.525251236409279,2020-07-01,22,MGR_138,Active,0
EMP_1558,28.0,female,single,High School,Enginnering,Software Engineer,06/20/2013,74449.0,"60839,68744",3.0,4.0,3,5,No,3,0.45350531860586824,,7,MGR_045,Resigned,1
EMP_0651,49.0,female,Married,Master,Engineering,Senior Engineer,02/02/2023,113575.0,"83020,90550,102990",3.0,4.0,2,44,0,0,2.11566907413119,2023-02-09,2,MGR_093,Active,0
EMP_1337,30.0,Male,single,High School,R&D,Product Developer,06-04-2017,72062.0,"43773,50877,54526,61920",3.0,2.0,4,39,Yes,3,0.313998117708525,2017-09-28,74,MGR_196,Laid Off,1
EMP_0815,43.0,male,married,Master,Finance,Finance Manager,2019-06-01,95851.0,85188,2.0,3.0,5,11,No,6,1.2517486505481406,2017-09-07,19,MGR_145,Active,0
EMP_1054,37.0,male,married,Bachelors,Customer Service,Support Specialist,"March 28, 2017",50793.0,"35903,41028,47690",2.0,1.0,4,22,No,5,0.14776321615674565,2023-11-11,9,MGR_063,Active,0
EMP_0696,32.0,F,Single,Masters,Engineering,DevOps Engineer,,98747.0,,4.0,4.0,Very Low,18,Yes,1,0.2975709670374334,2024-12-06,21,MGR_032,Active,0
EMP_0796,43.0,female,Divorced,BS,Marketing,Digital Marketer,09/22/2024,64019.0,"44098,47801,55463",,5.0,2,,No,0,3.8953946171350773,2017-01-23,38,MGR_084,Resigned,1
EMP_1477,34.0,male,single,Masters,Customer Support,Support Specialist,11/16/2012,31275.0,27773,4.0,4.0,3,4,N,3,4.7931175725922985,2016-07-27,43,MGR_027,Terminated,1
EMP_1711,43.0,Male,married,High School,IT,System Admin,30-11-2016,86483.0,75244,3.0,4.0,Medium,50,No,1,0.010369443281380328,2016-04-25,41,MGR_003,Active,0
EMP_1461,33.0,Male,Married,PhD,Engineering,Senior Engineer,21-09-2017,103843.0,"67910,77942,82727,90347",3.0,5.0,4,Very Far,Yes,2,1.7713773350366933,2016-05-05,31,MGR_178,Active,0
EMP_0533,34.0,M,Married,Bachelor,Finance,Senior Analyst,02/17/2015,76337.0,"53524,60475,67597",3.0,3.0,3,39,No,5,2.52582461507613,2019-07-29,10,MGR_010,Active,0
EMP_1278,38.0,F,single,Bachelor,Sales,Sales Manager,12/05/2022,98081.0,"66048,75193,86953",4.0,4.0,4,7,Yes,2,,2024-02-09,38,MGR_127,Active,0
EMP_0567,18.0,Male,Married,High school,sales,Sales Manager,12-07-2024,86284.0,75083,3.0,4.0,3,2,No,3,8.066848581624566,2016-12-19,29,MGR_193,Active,0
EMP_0447,37.0,Male,single,High School,R&D,Research Scientist,01/14/2017,79890.0,"55772,59091,68973",2.0,4.0,4,4,No,3,0.9864983790926433,2021-07-20,20,,Active,0
EMP_0205,23.0,Female,Single,Bachelor,sales,Account Manager,23-07-2019,87651.0,"58127,64365,74739",4.0,1.0,4,1,1,3,1.2015083871628023,2023-07-23,1,MGR_198,Terminated,1
EMP_1964,40.0,Male,S,High School,Engineering ,Software Engineer,29-08-2012,90819.0,,2.0,3.0,3,2,FALSE,0,,,0,MGR_043,Terminated,1
EMP_1692,31.0,M,M,Master,Marketing,Marketing Manager,2018-12-09,81880.0,74971,5.0,2.0,4,5,Yes,2,0.21607817741438512,2017-06-12,27,MGR_181,Active,0
EMP_0537,28.0,female,married,Master,Finance,Financial Analyst,2012-08-06,66070.0,,3.0,4.0,4,6,No,0,1.8209344023496448,2021-05-26,0,MGR_085,Active,0
EMP_0765,44.0,F,Divorced,Master,sales,Sales Manager,,91634.0,82531,3.0,4.0,3,10,No,2,,2017-09-09,3,MGR_020,Active,0
EMP_1777,30.0,M,single,High School,Marketing,Marketing Specialist,28-04-2016,68660.0,"55093,59143",3.0,2.0,4,26,No,1,13.955413108784596,2025-03-16,1,MGR_159,Active,0
EMP_0774,,female,Married,High School,Operations,Ops Analyst,10/15/2014,52466.0,"46959,49466",3.0,4.0,1,11,Yes,4,1.3724638463365433,2016-11-29,6,MGR_045,Active,0
EMP_0399,34.0,MALE,married,Masters,Operations,Process Specialist,2019-05-05,,,2.0,1.0,4,9,No,3,2.9813943596068,2020-12-15,34,MGR_185,Terminated,1
EMP_0850,30.0,Male,Married,High school,Finance,Senior Analyst,29-09-2021,64034.0,,2.0,3.0,2,18,Yes,2,2.836074016166944,,4,MGR_123,Active,0
EMP_0299,41.0,Female,Married,Bachelors,Engineering,Software Engineer,"May 31, 2012",110872.0,101543,4.0,2.0,2,8,No,5,1.8081908062586303,,14,MGR_037,Active,0
EMP_1346,23.0,M,Divorced,Bachelor,Engineering,Software Engineer,"December 12, 2015",111612.0,,4.0,4.0,4,3,No,2,0.4061774236771855,2025-03-30,67,MGR_181,Terminated,1
EMP_1857,,M,Married,High School,Sales,Sr. Sales Rep,"June 21, 2022",60898.0,54244,3.0,3.0,4,16,No,2,4.889691952677901,2019-06-05,20,MGR_112,Terminated,1
EMP_1732,32.0,female,S,Bachelors,Engineering,DevOps Engineer,15-09-2013,126981.0,116035,2.0,2.0,3,21,No,0,2.8488854400552954,2020-02-14,1,MGR_085,Active,0
EMP_1242,33.0,male,Single,MA,Operations,Process Specialist,13-07-2023,55075.0,50263,3.0,3.0,3,6,No,5,1.5396631865827395,,48,MGR_187,Active,0
EMP_0898,36.0,Male,S,Masters,HR,HR Manager,"December 24, 2020",,,3.0,3.0,2,,No,2,1.4231595101294907,2020-03-16,47,MGR_131,Active,0
EMP_0843,26.0,Female,Divorced,Masters,Customer Support,Customer Rep,12/03/2016,46302.0,"34893,39097,43208",3.0,3.0,4,4,Yes,3,2.0645405912143913,2024-09-23,18,MGR_032,Active,0
EMP_1557,42.0,Male,married,Bachelors,Customer Service,CS Manager,03/18/2022,79051.0,"63815,68073",4.0,1.0,High,7,No,1,1.053642338136355,2021-11-16,11,MGR_038,Active,0
EMP_1509,35.0,Female,S,Masters,IT,Software Engineer,"February 04, 2019",500000.0,,3.0,4.0,4,11,No,2,2.784644065180112,2021-09-10,3,MGR_046,Active,0
EMP_1719,40.0,Female,Married,Master,Engineering,Senior Engineer,2019-08-28,116207.0,,4.0,3.0,High,7,0,4,1.3568877468003686,2020-07-14,4,MGR_043,Resigned,1
EMP_0563,41.0,Male,single,Bachelors,Human Resources,HR Specialist,25-08-2024,46104.0,"29256,33487,35494,39763",4.0,5.0,3,7,No,1,0.8819432745133652,2019-03-06,3,MGR_166,Resigned,1
EMP_1157,29.0,M,married,nan,HR,HR Manager,05/16/2015,70513.0,"50987,54140,62039",0.0,4.0,4,4,No,2,1.5263123173903328,2021-09-11,28,MGR_151,Active,0
EMP_1136,42.0,F,single,Bachelor,Engineering,Senior Engineer,08/13/2024,109746.0,101811,3.0,5.0,3,17,Yes,0,0.0010573473137034984,2022-10-07,31,MGR_082,Active,0
EMP_1102,18.0,Female,Married,Bachelor,Marketing,Marketing Specialist,01-02-2013,51113.0,"43181,47676",4.0,3.0,2,5,No,2,5.492852299224531,2021-12-04,16,MGR_155,Terminated,1
EMP_0385,28.0,Male,Single,BS,Customer Service,CS Manager,05/22/2020,73603.0,65090,5.0,3.0,4,14,Yes,2,0.26251905815244325,2016-11-14,4,,Terminated,1
EMP_1715,30.0,Male,married,High School,Marketing,Marketing Manager,12/19/2011,80845.0,70163,4.0,3.0,5,9,No,2,4.147588223086724,2022-10-24,13,MGR_104,Terminated,1
EMP_0829,31.0,Male,Married,High School,IT,Software Engineer,10/26/2013,91926.0,"62314,66156,73641,82417",3.0,4.0,4,7,No,3,0.8393736778028258,2018-10-20,33,,Active,0
EMP_1071,34.0,F,Single,Masters,Marketing,Marketing Specialist,,67820.0,"47903,52981,58660",3.0,1.0,3,9,Yes,3,2.098344574921364,2022-05-28,0,MGR_036,Active,0
EMP_1488,20.0,F,Single,High School,Sales,Sales Representative,20-10-2024,30055.0,,3.0,1.0,4,1,No,3,1.6592723525632593,2022-07-30,6,MGR_123,Active,0
EMP_0477,39.0,F,married,Master,HR,Recruiter,11-09-2023,,,3.0,2.0,4,24,nan,0,2.7395790628831906,2019-02-16,21,MGR_084,Active,0
EMP_0369,35.0,Female,Married,BS,Customer Support,Support Specialist,2012-10-09,50571.0,,2.0,3.0,Very High,15,No,2,2.078877524746126,2016-09-20,0,MGR_037,Laid Off,1
EMP_0963,36.0,F,single,Bachelor,Customer Service,Customer Rep,2016-09-19,34720.0,"27099,30081",2.0,2.0,4,25,Yes,1,1.057605687698754,2021-11-12,11,MGR_154,Active,0
EMP_0068,43.0,Male,Married,Bachelors,Sales,Sales Representative,"November 13, 2019",46917.0,"31798,35977,40522",3.0,3.0,5,21,N,2,1.334044173944003,2023-03-19,10,MGR_070,Terminated,1
EMP_0872,28.0,Female,S,Bachelor,Operations,Operations Analyst,03/13/2010,51155.0,,4.0,4.0,4,5,No,1,1.0054184872842218,2022-07-15,5,MGR_081,Active,0
EMP_1166,54.0,Female,Single,Bachelors,IT,Software Engineer,"January 20, 2012",78932.0,"59811,68740",3.0,,5,12,No,0,0.25684141271944777,2019-04-12,4,MGR_041,Active,0
EMP_1766,28.0,female,single,MS,Marketing,Marketing Analyst,2023-05-29,42027.0,"30180,33542,35848",3.0,1.0,5,10,No,2,4.087491898861897,2024-08-09,18,MGR_135,Active,0
EMP_0599,31.0,Male,S,High School,Customer Support,CS Manager,11/14/2021,80384.0,"50842,56541,64227,71535",2.0,4.0,Medium,8,FALSE,5,4.1342100389316885,,26,,Active,0
EMP_1914,39.0,MALE,D,Masters,Customer Support,CS Manager,11/04/2017,58610.0,"46794,53136",2.0,3.0,4,1,No,2,0.8637705104028565,2024-03-24,18,MGR_190,Active,0
EMP_0510,28.0,F,married,Bachelor,Engineering,Senior Engineer,"December 21, 2017",151063.0,,3.0,2.0,4,17,No,0,8.844909353242597,2023-09-14,16,MGR_076,Active,0
EMP_0686,40.0,Female,Single,MS,Operations,Ops Analyst,2020-09-07,74965.0,"48873,56190,63631,67931",3.0,5.0,3,17,Yes,1,0.551371412939747,2018-06-27,9,MGR_168,Active,0
EMP_1195,,female,single,Bachelor,R&D,Research Scientist,"February 15, 2018",112699.0,,3.0,4.0,4,50,No,2,0.2909022447450833,2021-12-05,6,MGR_187,Active,0
EMP_0118,25.0,MALE,Single,High School,Sales,Sales Manager,2010-08-15,103151.0,,3.0,3.0,3,11,Yes,4,1.4734018553468342,2018-06-27,5,,Active,0
EMP_0572,48.0,male,Married,Bachelors,Finance,Accountant,2024-02-01,38692.0,,3.0,5.0,2,1,Yes,1,2.0885416871048443,,76,MGR_187,Resigned,1
EMP_1875,45.0,MALE,Married,High School,Marketting,Digital Marketer,08-08-2016,53775.0,49656,,2.0,2,9,Yes,7,8.374048620190282,2018-01-27,27,MGR_070,Active,0
EMP_1443,36.0,female,Divorced,Bachelor,Sales,Sales Manager,25-05-2010,99646.0,"74000,80187,89918",4.0,4.0,3,12,No,2,1.2266171350016652,2022-03-28,3,MGR_064,Active,0
EMP_1787,32.0,Female,single,Masters,Engineering,Software Engineer,16-06-2018,81510.0,70434,2.0,1.0,3,17,No,0,0.6835558667978157,2023-09-17,20,MGR_165,Active,0
EMP_0244,41.0,MALE,married,Bachelor,Sales,Sales Rep,2023-09-15,61904.0,"45032,50469,58134",4.0,4.0,3,4,No,2,1.381205918745755,2019-03-27,18,MGR_011,Active,0
EMP_1084,51.0,Female,Married,High School,Marketing,Marketing Manager,20-03-2019,66768.0,"41284,44873,50856,59690",6.0,3.0,3,12,No,1,2.90271744742485,2016-03-14,35,MGR_066,Active,0
EMP_0615,54.0,Female,married,High School,Operations,Ops Analyst,03/04/2024,64309.0,"43184,50396,54802,58668",3.0,1.0,2,1,Yes,6,1.212130137838966,2019-06-17,20,MGR_091,Active,0
EMP_1803,29.0,male,Married,High School,Sales,Sr. Sales Rep,2020-11-21,20000.0,"14236,15604,17117",5.0,2.0,3,7,No,1,2.622216573217232,2017-01-02,19,MGR_072,Active,0
EMP_1924,36.0,F,single,Bachelors,R&D,Research Scientist,2015-11-03,88476.0,,4.0,2.0,5,50,No,3,,2021-07-09,61,MGR_125,Active,0
EMP_1636,31.0,F,Single,BA,Operations,Process Specialist,02-03-2023,57614.0,"38270,43516,50309",2.0,2.0,1,5,No,4,2.5442533421574107,2024-08-14,49,MGR_079,Resigned,1
EMP_9558,26.0,MALE,Single,High School,Engineering ,Senior Engineer,2011-01-27,84505.0,73988,2.0,3.0,nan,28,Yes,1,4.394328868910379,2016-06-08,13,MGR_144,Laid Off,1
EMP_0238,36.0,F,Married,Bachelor,Sales,Sales Rep,11/12/2020,51539.0,"45629,48871",4.0,4.0,3,49,No,4,4.710741515584716,2017-06-06,5,MGR_182,Active,0
EMP_1291,38.0,M,Divorced,Bachelor,Human Resources,Recruiter,07/13/2014,53655.0,,3.0,4.0,3,10,Yes,1,5.542558317038803,2021-01-12,21,MGR_129,Resigned,1
EMP_0536,35.0,F,Married,Master,Operations,Operations Analyst,2020-03-26,63647.0,60447,2.0,2.0,5,16,No,4,0.4846321542892206,2019-06-10,2,,Active,0
EMP_1214,42.0,female,Married,Bachelor,Sales,Sales Manager,2018-01-30,63569.0,"48012,56467",4.0,5.0,3,10,No,0,3.198235856086693,2016-07-21,6,MGR_031,Active,0
EMP_0386,36.0,female,Married,Bachelors,Sales,Account Manager,2017-05-16,73779.0,63556,5.0,3.0,3,4,Yes,1,2.4411192095570624,2016-01-01,1,MGR_195,Active,0
EMP_1158,53.0,MALE,single,High School,Customer Support,Support Specialist,"January 24, 2019",44398.0,40085,3.0,4.0,4,3,No,0,1.076890240762039,2022-12-17,17,MGR_048,Terminated,1
EMP_0175,37.0,Female,Married,High School,Marketing,Marketing Manager,05/02/2016,87286.0,"74681,80777",3.0,4.0,4,25,No,1,1.342782972351699,2024-11-16,10,MGR_088,Active,0
EMP_0889,39.0,Male,Married,BA,Sales,Sr. Sales Rep,"April 14, 2014",43947.0,"30838,36105,39149",4.0,4.0,5,48,No,4,0.6972415898049464,2015-11-15,12,,Terminated,1
EMP_0077,35.0,female,Divorced,Masters,Engineering,Jr. Software Engineer,"July 03, 2018",68117.0,,5.0,3.0,5,9,No,1,2.378958153803998,2016-04-01,13,MGR_030,Laid Off,1
EMP_0837,47.0,female,M,Bachelor,Sales,Sales Manager,16-04-2012,85998.0,79237,5.0,2.0,3,10,No,0,3.6113753230235273,,1,MGR_075,Active,0
EMP_2000,29.0,male,Single,BA,Customer Support,CS Manager,"December 24, 2018",,,1.0,3.0,5,1,0,2,1.6863299160480085,2022-12-11,3,MGR_064,Terminated,1
EMP_0588,28.0,male,married,Master,Sales,Sales Manager,"April 02, 2015",98749.0,,4.0,10.0,3,Near,No,4,0.07633162768185724,2017-04-03,14,MGR_038,Active,0
EMP_1880,28.0,female,Married,Bachelor,Marketing,Marketing Manager,03/27/2015,51786.0,"41512,45267",5.0,4.0,4,50,No,2,3.9560413254530307,2018-04-09,2,MGR_163,Active,0
EMP_1370,27.0,F,Married,MS,Marketting,Marketing Specialist,"December 22, 2023",53568.0,,3.0,4.0,High,11,Yes,2,4.3210303631869875,2020-11-25,5,MGR_007,Resigned,1
EMP_1963,39.0,Female,Single,Masters,Operations,Process Specialist,2021-12-02,64836.0,57121,3.0,2.0,4,18,Yes,1,0.3641480861770164,2021-09-06,6,MGR_146,Active,0
EMP_1265,36.0,M,Divorced,Bachelors,Engineering,Software Engineer,2013-02-21,95239.0,"69306,75358,83282",3.0,2.0,3,,No,3,0.4099676990017075,2022-08-10,1,,Active,0
EMP_0219,31.0,F,married,Bachelor,Customer Service,CS Manager,12/11/2020,77837.0,71452,3.0,0.0,High,4,No,2,0.9162478461855977,2024-07-24,40,MGR_040,Active,0
EMP_0819,35.0,Female,Married,MS,HR,HR Generalist,11/05/2022,51791.0,,3.0,3.0,4,8,Yes,5,1.2759904436424054,2023-02-25,8,MGR_008,Terminated,1
EMP_1392,29.0,Male,Married,Bachelor,Operations,Operations Analyst,2020-12-24,66371.0,"53586,56871,60669",3.0,4.0,2,1,No,1,1.6141663420738752,2021-06-03,16,MGR_053,Active,0
EMP_1858,32.0,M,Married,Master,Human Resources,Recruiter,19-01-2021,,,3.0,3.0,Medium,1,No,5,2.9345784733064235,2018-05-10,11,MGR_159,Active,0
EMP_0024,85.0,male,Married,Bachelor,IT,IT Specialist,06/22/2013,,,3.0,1.0,3,2,No,1,2.177404104023369,2018-03-15,43,MGR_017,Active,0
EMP_0004,47.0,male,Single,Bachelors,Sales,Sr. Sales Rep,02/04/2022,63750.0,"40850,46508,51194,59102",4.0,3.0,4,4,No,2,2.2648365899812117,2015-11-13,4,MGR_197,Resigned,1
EMP_1941,37.0,Female,married,Bachelor,Customer Service,Customer Rep,"September 08, 2012",34062.0,"25162,27128,30095",5.0,5.0,4,,nan,0,2.5676568048550714,2024-05-28,4,MGR_100,Active,0
EMP_1202,31.0,Male,Divorced,PhD,Engineering,Software Engineer,17-01-2010,102684.0,"82979,89114",4.0,2.0,3,11,No,1,2.11514675265754,2024-12-23,4,MGR_024,Active,0
EMP_1005,40.0,female,Single,High School,IT,System Admin,2014-07-08,71566.0,"54636,57614,61164,66175",2.0,,3,10,No,0,2.6654821844056538,2019-10-16,18,MGR_135,Active,0
EMP_1836,37.0,F,married,Bachelors,Operations,Operations Analyst,02-09-2020,58924.0,55894,2.0,4.0,1,1,Yes,3,1.5277249162373225,2017-09-18,23,MGR_168,Terminated,1
EMP_0614,25.0,MALE,Married,Bachelors,sales,Sales Rep,2016-08-20,56000.0,47722,3.0,4.0,4,Near,No,1,2.789403994574655,2021-11-18,31,MGR_191,Active,0
EMP_0595,43.0,Male,married,High school,Sales,Sales Manager,23-07-2023,77648.0,"58543,65121,73352",4.0,3.0,3,13,No,3,1.965901156710557,2019-06-29,14,MGR_116,Terminated,1
EMP_0629,35.0,male,single,BA,Marketing,Marketing Specialist,"June 22, 2014",51563.0,"41811,48520",3.0,3.0,Medium,50,Yes,2,0.3141221627754825,,26,MGR_056,Active,0
EMP_0692,44.0,male,Single,Bachelor,Marketing,Digital Marketer,2019-05-05,37274.0,,1.0,5.0,4,2,TRUE,1,2.5061802562775606,2022-07-15,8,MGR_167,Active,0
EMP_1179,27.0,M,single,Bachelor,Engineering,Jr. Software Engineer,08/17/2012,47554.0,44461,4.0,3.0,2,5,No,1,3.5038793743124765,2023-11-20,23,MGR_114,Active,0
EMP_1168,39.0,Female,Married,Master,Finance,Senior Analyst,2021-06-26,88443.0,"71949,79076",2.0,4.0,4,2,No,2,0.1462680767229501,2021-03-14,30,MGR_152,Active,0
EMP_1813,47.0,M,M,Bachelor,Finance,Financial Analyst,2017-03-04,62981.0,"51492,57141",2.0,4.0,Medium,27,No,1,0.19515373591704527,2019-04-03,8,MGR_187,Active,0
EMP_1288,39.0,M,Divorced,MS,Sales,Sales Manager,10/10/2011,70840.0,66634,4.0,4.0,3,16,nan,3,1.3600405052179527,2023-12-12,19,MGR_015,Terminated,1
EMP_1938,38.0,Female,Married,Masters,Customer Support,Customer Rep,06/09/2022,,,3.0,,Very Low,5,Yes,0,0.7787803840032667,2022-12-11,40,MGR_100,Active,0
EMP_0336,33.0,female,Single,Bachelor,HR,Recruiter,10/01/2016,52220.0,,4.0,1.0,4,,No,3,1.8463149224342121,2016-10-28,14,MGR_108,Active,0
EMP_0221,53.0,female,Married,High School,Engineering,Engineering Manager,"August 02, 2015",158908.0,"139703,148118",3.0,3.0,nan,1,Y,2,1.1117968570106491,2017-12-14,8,MGR_135,Active,0
EMP_0359,37.0,M,single,Bachelor,Sales,Account Manager,11/20/2012,68326.0,"50401,58740",2.0,2.0,Medium,8,No,5,0.24193618860128974,,3,MGR_127,Active,0
EMP_1282,33.0,male,M,Master,Sales,Sales Representative,2018-08-10,40515.0,"34641,37560",4.0,2.0,3,6,Yes,3,1.1253094556818601,2018-10-21,20,MGR_163,Active,0
EMP_1113,41.0,M,married,Master,Sales,Sales Representative,07/17/2018,36750.0,,4.0,2.0,Very High,50,No,2,0.5571672925334034,2021-08-06,2,MGR_019,Active,0
EMP_1754,20.0,male,single,MA,Operations,Ops Analyst,Invalid Date,79798.0,"69539,73702",2.0,,4,6,No,2,0.0769774047327695,2015-10-30,68,MGR_093,Terminated,1
EMP_0882,30.0,Male,single,Masters,Sales,Sr. Sales Rep,2017-07-04,63454.0,60192,4.0,3.0,Low,18,No,3,,2018-03-05,60,MGR_072,Active,0
EMP_1387,45.0,M,Single,Bachelor,Engineering ,Senior Engineer,2010-01-31,155249.0,133984,1.0,3.0,4,25,No,1,2.369638539532319,,25,,Active,0
EMP_0101,23.0,M,married,Masters,Operations,Operations Manager,"August 23, 2024",89161.0,82459,4.0,4.0,2,6,No,2,1.3859663902631885,2021-10-04,6,MGR_185,Terminated,1
EMP_1911,48.0,F,D,Master,Marketting,Marketing Specialist,"January 29, 2024",56539.0,"45667,48714",4.0,2.0,1,20,No,3,4.752294786248851,2020-06-21,4,MGR_078,Terminated,1
EMP_1176,32.0,MALE,married,BS,Operations,Operations Manager,03/01/2010,,,4.0,3.0,Medium,31,No,2,1.7679074059647866,2023-01-16,0,,Terminated,1
EMP_1432,41.0,MALE,Divorced,Bachelor,Engineering,Engineering Manager,"September 10, 2012",125934.0,116935,3.0,3.0,2,5,No,2,0.06380331739851676,2022-04-09,16,,Active,0
EMP_0391,27.0,M,single,Bachelor,Human Resources,HR Specialist,"July 13, 2014",44472.0,"28968,30505,34603,38030",2.0,4.0,3,17,No,3,0.8413109598558541,2023-06-29,1,MGR_005,Active,0
EMP_1174,34.0,male,married,Bachelors,Sales,Sr. Sales Rep,14-05-2024,68648.0,61212,4.0,5.0,3,3,No,3,1.0915744723694822,2017-04-09,17,MGR_178,Active,0
EMP_0969,34.0,M,single,High School,Sales,Sr. Sales Rep,,63085.0,"49257,52983,58977",2.0,4.0,5,1,No,1,0.8150976329170188,2021-12-09,64,MGR_065,Active,0
EMP_0582,31.0,Female,D,High School,Sales,Sales Representative,"December 03, 2012",42437.0,"37064,39536",,4.0,3,1,Yes,2,-4.025749632704792,2024-04-06,1,MGR_114,Active,0
EMP_1469,25.0,female,married,PhD,Marketing,Digital Marketer,08/27/2017,63739.0,56590,3.0,3.0,4,30,No,1,0.5661763268969464,2021-12-08,18,MGR_007,Active,0
EMP_1794,40.0,Female,Married,MA,Operations,Operations Manager,2021-04-21,74813.0,65324,4.0,1.0,3,2,No,3,1.1972530368334162,2024-06-17,13,MGR_140,Active,0
EMP_0319,37.0,Male,married,High School,Engineering,Engineering Manager,05/09/2014,115990.0,"75702,85083,92292,99142",3.0,4.0,1,16,No,1,6.399045070297027,2019-04-23,92,MGR_161,Terminated,1
EMP_0110,34.0,male,married,Bachelors,Engineering,Software Engineer,13-11-2012,89382.0,"68965,77767",3.0,4.0,3,19,No,2,2.9367764808304604,2019-11-07,20,MGR_171,Active,0
EMP_1139,39.0,Male,single,High School,Customer Service,CS Manager,"September 14, 2012",68922.0,,3.0,4.0,High,1,No,5,4.871139366351333,2018-07-12,3,MGR_106,Active,0
EMP_0297,42.0,Female,married,MS,Customer Support,Support Specialist,22-12-2023,20000.0,"14808,15882,17083,18332",3.0,5.0,Very Low,5,No,4,0.6949682754175469,2019-02-01,28,MGR_154,Terminated,1
EMP_0278,30.0,M,Married,High School,Customer Support,Support Specialist,03/04/2019,37417.0,"24697,27063,28493,32229",3.0,4.0,3,1,No,1,0.6406381542654926,2020-11-22,16,MGR_177,Active,0
EMP_1859,,MALE,married,Bachelors,Sales,Sales Manager,2018-06-26,89999.0,80781,4.0,3.0,4,3,Yes,2,2.4811131833324525,2024-12-04,20,MGR_115,Active,0
EMP_1594,42.0,Female,Married,BS,Finance,Finance Manager,"December 07, 2021",69630.0,"54392,63536",3.0,0.0,4,6,No,1,,2021-10-01,6,MGR_166,Active,0
EMP_1753,29.0,Male,single,BA,Operations,Operations Manager,"October 04, 2024",20000.0,"15506,17949",4.0,3.0,2,50,No,0,,,1,MGR_152,Active,0
EMP_1187,27.0,M,Married,Master,Finance,Finance Manager,2022-02-21,92808.0,83897,4.0,5.0,4,5,No,0,0.18654349620836783,,18,,Active,0
EMP_1031,32.0,F,single,Bachelor,Operations,Operations Analyst,21-04-2021,61919.0,"50000,54456",2.0,4.0,4,19,Yes,0,0.08655867734908317,2021-04-26,38,MGR_136,Active,0
EMP_0779,34.0,Male,single,Master,Engineering,Jr. Software Engineer,11/01/2011,72406.0,"59516,63452",4.0,4.0,3,33,Yes,5,2.0142351368920726,2023-10-20,2,MGR_125,Active,0
EMP_1298,32.0,Female,S,PhD,HR,HR Specialist,2022-09-08,43781.0,"36368,38750",4.0,2.0,3,13,No,2,0.40246328699019873,2015-11-04,18,,Active,0
EMP_0186,40.0,Male,single,Masters,Customer Service,CS Manager,2017-08-06,61882.0,"48879,53587",3.0,3.0,High,22,No,1,2.1763255943575426,2023-03-31,5,MGR_054,Resigned,1
EMP_0795,26.0,M,single,Master,Operations,Operations Analyst,26-07-2017,53366.0,"39726,44507,48415",3.0,5.0,High,7,N,2,1.2995107780082547,2019-07-16,29,MGR_187,Active,0
EMP_1976,31.0,M,married,MS,Marketing,Digital Marketer,2021-11-08,57433.0,52016,3.0,3.0,3,2,Yes,1,0.6321767422697456,2022-09-19,0,MGR_008,Active,0
EMP_1912,52.0,M,single,High School,Operations,Ops Analyst,"July 18, 2016",69156.0,"56310,65209",3.0,5.0,3,3,Yes,4,,2021-04-01,0,,Terminated,1
EMP_1023,34.0,Female,Married,Bachelor,Human Resources,HR Specialist,2021-05-15,44378.0,"28306,31217,34510,37997",4.0,3.0,3,29,No,2,1.5280421717087622,,2,MGR_085,Active,0
EMP_9225,23.0,Male,Single,High School,R&D,Research Scientist,"July 30, 2014",95861.0,,3.0,4.0,3,11,No,3,7.1671622173920815,2015-07-18,6,,Active,0
EMP_0003,40.0,female,Divorced,Bachelor,Engineering,Senior Engineer,"October 04, 2023",135068.0,,3.0,4.0,High,29,TRUE,2,0.2955284558384248,2023-09-20,26,,Active,0
EMP_1764,22.0,Male,M,PhD,Enginnering,Software Engineer,2020-11-13,55035.0,"33054,38521,43426,48340",5.0,4.0,4,2,No,2,3.24893800601807,2022-07-09,5,MGR_163,Active,0
EMP_0759,28.0,female,Single,High School,Marketing,Marketing Manager,"July 19, 2019",81946.0,70496,1.0,5.0,3,5,No,4,1.634612151234556,2017-03-21,4,MGR_183,Active,0
EMP_0695,39.0,F,married,PhD,Operations,Operations Manager,"May 31, 2014",86438.0,"64021,74213",2.0,3.0,4,50,FALSE,0,4.444202217433791,2024-03-18,2,MGR_114,Active,0
EMP_0276,38.0,Female,D,Bachelor,Engineering ,Senior Engineer,22-04-2014,132223.0,"101341,106870,113876",4.0,5.0,3,4,Yes,5,0.4394242559731802,2023-09-11,11,MGR_058,Active,0
EMP_0427,27.0,F,M,Bachelors,Operations,Process Specialist,2018-09-19,63117.0,54072,3.0,10.0,Medium,24,Y,3,3.871003282438744,2018-05-31,15,MGR_051,Active,0
EMP_1217,29.0,female,Married,MS,Marketing,Marketing Specialist,16-12-2012,57785.0,"38171,40926,47527,52169",3.0,5.0,4,32,N,0,0.84104177904545,2016-06-05,0,MGR_012,Terminated,1
EMP_0554,37.0,F,single,BA,Engineering,Jr. Software Engineer,08/05/2015,65408.0,57554,4.0,0.0,3,1,No,0,0.16241699625286787,2023-06-23,28,MGR_004,Resigned,1
EMP_9196,40.0,F,Married,Master,Engineering,Senior Engineer,"June 27, 2011",105273.0,"82100,90001",4.0,4.0,2,3,No,3,0.514349365068192,2017-05-10,16,MGR_106,Active,0
EMP_0198,36.0,male,Married,Bachelor,Sales,Account Manager,2019-08-13,74675.0,"50498,56614,64197",3.0,1.0,3,7,No,3,0.6758057714072618,2018-07-13,82,MGR_019,Active,0
EMP_1980,38.0,Male,Married,Master,Engineering ,Software Engineer,"April 17, 2024",103050.0,"71923,84495,96788",2.0,5.0,4,14,Yes,4,2.357423903285943,2020-08-30,4,,Resigned,1
EMP_9817,19.0,M,Divorced,BA,Operations,Process Specialist,08/05/2015,,,1.0,5.0,3,11,Yes,5,0.9848585724898256,,5,MGR_191,Active,0
EMP_0323,28.0,Female,single,Bachelor,Sales,Account Manager,2020-06-28,86588.0,"57081,65683,74315",3.0,1.0,2,1,Yes,4,0.4435879171852753,2025-04-14,33,MGR_123,Resigned,1
EMP_1567,35.0,M,married,Bachelor,sales,Sales Manager,03/26/2017,72522.0,"52743,57128,61924",2.0,4.0,3,12,No,1,,2017-10-08,15,MGR_016,Active,0
EMP_1292,54.0,Male,S,PhD,Enginnering,Software Engineer,10/14/2019,84677.0,"62981,69252,74879",3.0,2.0,3,24,No,0,0.28110604878697926,2016-06-24,26,MGR_034,Active,0
EMP_0231,29.0,F,married,BA,Engineering,DevOps Engineer,"December 26, 2010",,,3.0,3.0,4,36,No,2,0.9840801027121294,2020-07-28,4,,Active,0
EMP_0174,37.0,F,married,High School,R&D,Research Scientist,"September 02, 2012",93109.0,,2.0,1.0,4,3,Yes,2,0.20522152036200575,,7,MGR_082,Active,0
EMP_0509,35.0,F,single,Bachelor,Sales,Sales Rep,"June 16, 2022",49826.0,42719,3.0,5.0,Low,18,Y,2,1.4600742578684935,2022-10-06,0,MGR_129,Active,0
EMP_0142,45.0,F,Married,High School,Marketting,Digital Marketer,05/25/2012,61185.0,"38375,42660,48688,53174",,2.0,Medium,22,Yes,2,3.8216491620979123,2021-10-21,45,MGR_076,Active,0
EMP_1783,22.0,M,Single,High School,Marketing,Marketing Specialist,"October 23, 2012",69781.0,"47595,50814,54270,63375",3.0,4.0,4,16,No,4,7.815759186298312,2021-05-08,26,MGR_046,Active,0
EMP_0463,29.0,Male,Married,Master,Engineering,Senior Engineer,"September 01, 2012",123830.0,"87178,96808,109255",3.0,2.0,Very Low,2,Yes,1,8.439076991984905,2016-05-01,27,MGR_100,Terminated,1
EMP_1517,47.0,Male,M,Bachelors,Human Resources,Recruiter,05-11-2024,63016.0,,3.0,4.0,5,4,Yes,1,7.832326039461227,2021-06-17,23,MGR_143,Active,0
EMP_0952,37.0,F,Single,Bachelors,Marketing,Marketing Manager,"December 31, 2023",20000.0,,3.0,5.0,3,28,Yes,1,0.9640079137498572,2024-02-08,19,MGR_106,Active,0
EMP_1662,34.0,male,married,Master,Engineering,Software Engineer,"September 15, 2010",97553.0,"68274,78800,90773",3.0,2.0,4,34,No,3,0.9299102652636385,2019-10-30,24,MGR_163,Active,0
EMP_0002,33.0,Male,married,BS,Finance,Senior Analyst,22-07-2015,73946.0,,2.0,3.0,2,2,No,5,1.2939222686358836,2017-02-06,22,MGR_067,Active,0
EMP_0991,36.0,M,Married,Bachelors,Marketing,Marketing Manager,2011-08-23,83916.0,"62093,70197,75674",4.0,3.0,3,3,0,3,3.4046537205256713,,14,MGR_087,Terminated,1
EMP_1605,31.0,Male,single,High School,Marketting,Digital Marketer,2020/15/30,51466.0,"39790,43915",5.0,3.0,3,17,N,4,1.3925746647429311,2022-06-30,42,MGR_025,Resigned,1
EMP_1039,36.0,MALE,Married,Bachelors,Finance,Financial Analyst,,57520.0,50232,3.0,4.0,4,33,No,2,1.9723776541580222,2017-05-25,18,MGR_069,Active,0
EMP_1506,31.0,M,married,Masters,Sales,Sr. Sales Rep,2013-01-10,20000.0,"13629,14918,17047,17953",4.0,3.0,4,6,No,3,6.2035208548401535,2022-11-11,30,MGR_144,Resigned,1
EMP_0956,43.0,male,Single,BS,IT,IT Specialist,05/26/2019,78024.0,"63283,72101",3.0,5.0,4,31,TRUE,1,0.827120355144231,2018-06-28,0,MGR_062,Active,0
EMP_1933,31.0,Female,single,Bachelor,Engineering ,Senior Engineer,2014-11-26,162449.0,"116219,124241,132933,143980",4.0,4.0,2,24,Yes,2,0.6028484619449949,2016-01-27,18,MGR_183,Active,0
EMP_1850,38.0,male,single,Bachelor,HR,HR Specialist,"August 10, 2024",42978.0,,4.0,3.0,nan,10,Yes,1,3.6219087327878126,2020-10-25,20,MGR_096,Active,0
EMP_0109,37.0,MALE,single,Bachelor,Finance,Accountant,12/21/2016,63209.0,"41860,46501,54127,59659",3.0,4.0,1,1,No,2,0.772324393528852,2016-01-27,32,,Active,0
EMP_1416,42.0,M,married,Bachelor,Sales,Sales Rep,12-10-2010,41860.0,"27317,30899,35968",3.0,1.0,3,10,Yes,2,1.1180444797220526,2016-02-25,103,MGR_011,Active,0
EMP_0618,40.0,M,Married,Master,Operations,Operations Analyst,25-06-2016,56944.0,"36839,41985,45705,51177",2.0,2.0,5,3,0,1,1.1260920067619398,2019-08-03,2,MGR_040,Terminated,1
EMP_0176,41.0,female,married,Bachelor,HR,Recruiter,2023-07-14,57038.0,"42547,50047",3.0,4.0,Medium,35,0,3,2.771865954233353,2015-09-29,31,,Terminated,1
EMP_0084,30.0,female,married,Bachelor,Marketing,Marketing Manager,03/22/2024,89853.0,,5.0,3.0,2,22,N,2,2.723709136494781,2021-11-18,0,MGR_060,Resigned,1
EMP_0268,23.0,female,S,Bachelor,Sales,Sr. Sales Rep,11/12/2012,71500.0,"57729,64704",4.0,1.0,3,7,Yes,1,2.4085346039042665,2024-02-27,2,MGR_159,Active,0
EMP_1280,32.0,M,Divorced,Bachelor,Engineering,Engineering Manager,07/27/2019,154161.0,"116000,133553,146312",3.0,1.0,1,8,No,0,0.679807844218575,2018-10-07,12,MGR_024,Retired,1
EMP_0770,49.0,F,Single,Master,Engineering ,Software Engineer,"September 19, 2012",112338.0,"68045,76808,84801,96819",2.0,3.0,Medium,33,Yes,2,1.664416351982781,2024-01-06,24,MGR_175,Active,0
EMP_0648,34.0,female,Married,Master,Engineering,Jr. Software Engineer,06/03/2014,81658.0,"71468,75252",3.0,4.0,2,1,No,2,1.1076648436160357,2021-10-18,47,MGR_083,Active,0
EMP_1248,28.0,Male,single,BA,Customer Service,CS Manager,"December 11, 2024",66818.0,"53947,61470",4.0,5.0,2,36,Yes,3,1.5548270811698879,2023-08-16,4,MGR_033,Resigned,1
EMP_1446,29.0,Male,single,Bachelor,Operations,Ops Analyst,30-08-2020,51742.0,48662,4.0,4.0,2,,No,1,4.346241312925832,2020-08-23,3,,Active,0
EMP_1170,41.0,female,Single,Masters,Marketing,Digital Marketer,2012-04-07,67487.0,57843,3.0,1.0,3,20,1,4,0.18869233864707866,2019-10-24,5,MGR_058,Active,0
EMP_0571,35.0,MALE,Single,Masters,sales,Account Manager,30-11-2024,68450.0,61726,3.0,3.0,1,19,No,4,0.15229202935589423,2018-09-07,25,MGR_150,Terminated,1
EMP_0587,31.0,F,Single,PhD,Sales,Account Manager,"February 03, 2019",102126.0,"67045,75349,80838,90487",3.0,3.0,3,31,1,3,1.860104138827044,2019-05-21,28,MGR_101,Active,0
EMP_0888,32.0,Female,Married,Masters,Marketing,Marketing Specialist,2010-03-21,48776.0,43032,3.0,1.0,Low,28,nan,2,,2022-11-07,6,,Active,0
EMP_1999,33.0,Male,Single,Masters,Sales,Account Manager,29-10-2024,78977.0,"52461,60457,70027",5.0,5.0,4,4,No,2,4.301307802280899,2024-10-11,77,MGR_003,Resigned,1
EMP_0789,34.0,M,Single,Master,sales,Account Manager,03/16/2024,55248.0,49967,2.0,3.0,3,8,N,5,0.12001492906668329,2023-03-13,63,MGR_096,Active,0
EMP_1069,31.0,Male,Divorced,High school,Sales,Sr. Sales Rep,2022-03-22,,,3.0,5.0,5,21,No,1,0.6915928018647387,2020-11-03,54,MGR_116,Active,0
EMP_1710,27.0,male,married,Masters,Engineering,Jr. Software Engineer,01/04/2019,77335.0,,2.0,4.0,3,33,No,3,0.08067146441039774,2022-02-04,3,,Active,0
EMP_1240,48.0,M,Divorced,BA,Marketing,Digital Marketer,09/24/2012,63759.0,"39092,44532,48795,54342",3.0,1.0,3,2,Yes,5,3.8292013958359314,2017-04-13,1000,MGR_127,Active,0
EMP_1403,44.0,F,Married,MA,Engineering,Engineering Manager,2022-06-28,127253.0,,3.0,1.0,3,14,Yes,0,1.2074847597700016,2019-08-19,74,MGR_072,Resigned,1
EMP_0656,35.0,Female,Married,Masters,Customer Service,Support Specialist,2022-07-22,38671.0,"25841,27852,30903,34470",2.0,4.0,1,14,1,6,1.131849931016075,2017-04-24,43,MGR_180,Terminated,1
EMP_1902,32.0,Male,single,Bachelor,Engineering,Jr. Software Engineer,"March 12, 2020",84556.0,"65933,72747",4.0,4.0,3,4,Y,0,1.1330127486407535,2024-09-04,34,MGR_103,Active,0
EMP_0890,43.0,Female,D,Bachelors,Customer Service,Support Specialist,09/10/2014,36471.0,,3.0,3.0,3,18,Yes,0,1.3310256935557319,2017-03-11,49,MGR_002,Terminated,1
EMP_0912,36.0,F,Single,High School,sales,Sales Rep,2022-05-04,47000.0,"29462,34489,38198,43370",4.0,4.0,High,2,No,4,1.0393700617292896,2016-03-10,43,MGR_070,Terminated,1
EMP_0907,24.0,F,Divorced,Masters,Engineering ,Software Engineer,2010-05-12,98731.0,,3.0,,4,5,Y,3,1.7833563233356258,2015-08-26,9,,Active,0
EMP_1487,23.0,Female,Divorced,MS,Operations,Operations Analyst,2010-12-10,55094.0,48931,3.0,3.0,Low,50,FALSE,0,2.565746171916695,2016-03-07,67,MGR_152,Active,0
EMP_1731,33.0,Female,Divorced,MA,R&D,Product Developer,"June 10, 2012",107848.0,"77318,85739,100160",2.0,4.0,1,15,1,1,3.4024928655032336,2023-04-03,14,MGR_157,Active,0
EMP_1137,44.0,MALE,single,High School,Engineering,DevOps Engineer,03/07/2010,98899.0,"77845,90015",3.0,3.0,3,8,Yes,1,1.1522152773769772,2019-05-06,33,MGR_032,Active,0
EMP_0448,27.0,Male,Divorced,High School,HR,HR Generalist,30-05-2019,46280.0,"35934,39368,42535",3.0,2.0,4,1,Y,0,1.833170042047013,2018-05-21,0,MGR_029,Active,0
EMP_0241,28.0,Male,married,BS,Operations,Operations Manager,04-11-2021,97142.0,84735,3.0,4.0,Very Low,12,No,1,0.17280444641131357,2016-05-15,16,MGR_143,Resigned,1
EMP_0400,44.0,Female,D,Master,HR,HR Specialist,14-05-2018,47007.0,,4.0,2.0,2,46,No,1,1.0965083806883447,2021-12-23,2,MGR_198,Active,0
EMP_0979,22.0,male,Single,BS,Human Resources,Recruiter,"October 14, 2019",61088.0,"40837,43242,45696,52726",4.0,4.0,4,1,No,2,0.7118593133997304,,16,MGR_165,Retired,1
EMP_0993,33.0,female,Divorced,Masters,sales,Sales Rep,"June 19, 2024",42440.0,"33450,37697",4.0,4.0,1,4,0,0,1.089138138854774,2019-01-27,4,MGR_108,Active,0
EMP_1040,43.0,F,married,Master,Engineering,Software Engineer,"June 29, 2011",77784.0,"51847,58645,67604,72235",3.0,1.0,2,3,No,1,0.8359063166945638,2020-04-20,31,MGR_180,Active,0
EMP_1221,25.0,Female,Single,Bachelor,Operations,Process Specialist,"July 28, 2010",40930.0,,3.0,2.0,4,1,Yes,3,0.896773406901697,2016-12-31,2,MGR_078,Active,0
EMP_1320,33.0,M,married,High School,Marketing,Marketing Analyst,"December 06, 2024",66729.0,"44923,51378,56984,60234",3.0,2.0,Medium,22,No,1,0.8095238324593803,2019-06-20,40,MGR_182,Active,0
EMP_0213,42.0,male,Divorced,Bachelor,Operations,Operations Manager,2012-01-12,85958.0,"55824,61994,72864,78571",4.0,4.0,3,31,No,0,0.5152142928559638,2020-12-26,8,MGR_178,Resigned,1
EMP_1762,40.0,Male,single,Bachelors,Human Resources,HR Specialist,"August 26, 2021",49353.0,"31803,37341,40103,42283",3.0,3.0,2,8,No,2,2.8152138024965336,2018-04-08,500,MGR_086,Active,0
EMP_1502,30.0,Female,Married,Bachelor,Customer Service,CS Manager,10/07/2013,70890.0,"53404,59876,64347",4.0,3.0,3,5,No,5,1.6661826110916618,2016-07-10,18,MGR_090,Active,0
EMP_0083,46.0,Female,Single,High School,R&D,Product Developer,12/20/2023,85183.0,76142,4.0,3.0,4,14,No,2,0.8352505064234048,2018-06-14,11,MGR_136,Active,0
EMP_1852,49.0,Male,Divorced,High School,Engineering,Senior Engineer,12/08/2010,107412.0,93415,3.0,2.0,2,6,No,2,0.13951293117784638,2023-11-15,46,MGR_136,Active,0
EMP_0501,42.0,female,Single,Bachelors,Operations,Operations Manager,11/13/2017,94115.0,"74890,84258",1.0,3.0,4,27,No,2,,2022-09-22,22,MGR_186,Laid Off,1
EMP_0592,31.0,female,married,Masters,Sales,Sales Rep,"July 04, 2020",48069.0,43609,1.0,3.0,2,5,Yes,2,1.3529992886142133,2017-04-04,23,MGR_112,Active,0
EMP_1500,39.0,Female,married,BS,Human Resources,Recruiter,15-11-2010,68056.0,60351,2.0,3.0,4,50,No,0,1.6138516090729051,2023-01-01,34,MGR_043,Active,0
EMP_0490,42.0,Female,Single,MA,sales,Sales Manager,10/22/2012,102996.0,"59877,69761,80546,90897",4.0,2.0,4,13,No,0,1.3311795885979554,2019-02-11,11,MGR_155,Terminated,1
EMP_1183,42.0,Female,married,Master,HR,HR Manager,2023-13-45,52283.0,"31159,36388,40720,46147",3.0,4.0,3,3,No,3,0.633004707917377,2017-06-29,27,MGR_094,Active,0
EMP_1161,18.0,male,married,MS,Engineering ,Senior Engineer,10/02/2015,114484.0,"74836,82463,92976,106963",1.0,2.0,Very High,2,No,2,0.6976437794934168,2024-10-01,5,MGR_188,Active,0
EMP_0280,31.0,MALE,married,Bachelor,Sales,Sales Manager,2020-03-29,86260.0,"62550,69285,79700",1.0,1.0,Very High,1,No,1,3.628551675452158,2024-02-29,18,MGR_081,Active,0
EMP_1693,41.0,F,married,Bachelor,Engineering,DevOps Engineer,02/22/2015,71639.0,"55323,58691,64930",4.0,4.0,3,7,No,2,2.129118031663689,2015-09-15,0,MGR_011,Active,0
EMP_1021,39.0,M,single,BS,Sales,Sales Representative,2021-02-06,48776.0,"35522,39964,43530",2.0,5.0,3,1,Yes,3,0.6923662262861083,2023-12-09,1,MGR_038,Active,0
EMP_0903,35.0,Female,Divorced,High School,sales,Account Manager,"February 05, 2016",69525.0,62783,4.0,4.0,5,16,Yes,3,0.23564784644366732,2022-10-09,7,MGR_197,Active,0
EMP_1225,33.0,Female,Married,Master,Engineering,Software Engineer,"April 02, 2012",90453.0,"59017,62916,72064,77195",3.0,3.0,3,41,Yes,0,1.2042805195435906,2019-04-29,21,,Active,0
EMP_1818,29.0,Female,Single,Bachelors,Human Resources,HR Manager,"June 25, 2016",91129.0,,4.0,3.0,3,1,Yes,4,0.6300650579100969,2021-08-11,2,MGR_050,Active,0
EMP_1830,35.0,female,Married,Bachelor,Sales,Sales Manager,"October 11, 2014",74544.0,,4.0,5.0,High,5,No,3,0.877485807434359,2018-02-11,32,MGR_129,Active,0
EMP_0243,39.0,MALE,S,Bachelor,Sales,Account Manager,"October 11, 2016",69138.0,"54242,58926",4.0,4.0,3,12,No,1,0.9297081129188289,,0,MGR_027,Active,0
EMP_0985,34.0,MALE,Married,PhD,Enginnering,Software Engineer,"March 01, 2022",91679.0,"68035,72427,83818",5.0,1.0,2,20,No,1,2.1854346537021136,2017-04-11,16,,Active,0
EMP_0196,38.0,M,Single,BS,Marketing,Marketing Specialist,2022-04-18,42618.0,39883,2.0,2.0,1,2,No,5,0.1343141515698511,,3000,MGR_021,Resigned,1
EMP_1059,39.0,F,Married,Bachelor,Engineering,DevOps Engineer,"March 11, 2021",103897.0,,2.0,3.0,5,11,No,4,0.8245036591272802,2018-10-01,3,,Active,0
EMP_1550,44.0,Female,married,Bachelors,Engineering,DevOps Engineer,04-06-2023,106377.0,"83891,89810,95566",2.0,3.0,4,38,1,3,0.3839365458889233,2022-06-16,9,MGR_111,Resigned,1
EMP_0691,32.0,Female,Married,Bachelor,Marketing,Marketing Analyst,06-12-2012,62894.0,"53413,57095",2.0,3.0,3,50,No,1,0.6274528741269959,2015-12-16,9,,Terminated,1
EMP_1357,30.0,female,married,High School,Sales,Sales Rep,2020-10-26,54292.0,"31458,35317,40901,46948",3.0,3.0,2,3,No,2,0.5163910712949117,,3,,Active,0
EMP_1967,33.0,Male,S,Bachelors,Operations,Operations Analyst,12/29/2023,59353.0,"43285,47670,55810",3.0,3.0,3,32,0,1,6.215073470623168,2024-03-09,32,MGR_177,Active,0
EMP_1462,25.0,M,Married,Bachelor,Sales,Sales Manager,07-12-2010,95522.0,82036,3.0,2.0,4,7,FALSE,2,0.7073114790055547,2022-05-21,2,MGR_045,Active,0
EMP_1641,35.0,Female,single,High School,Human Resources,Recruiter,01-11-2023,,,3.0,3.0,4,25,No,1,0.44291496673244996,2020-05-03,7,MGR_071,Terminated,1
EMP_0891,41.0,Male,Single,Bachelor,Engineering,Jr. Software Engineer,07/20/2016,60761.0,"49639,55568",3.0,3.0,3,15,N,3,4.509547286135961,2020-06-01,81,MGR_142,Terminated,1
EMP_0802,30.0,Female,married,Master,Sales,Sales Manager,07-05-2015,86133.0,"57967,61677,67588,76479",2.0,3.0,1,50,Yes,1,1.1621603537512961,2024-10-22,14,MGR_115,Resigned,1
EMP_1257,48.0,F,single,High School,Finance,Accountant,"March 20, 2016",56088.0,51744,3.0,5.0,3,30,No,1,2.6440740425934157,2022-07-23,3,MGR_192,Active,0
EMP_0548,33.0,female,Married,Masters,Customer Support,Customer Rep,2012-08-03,40954.0,"30721,35593",4.0,4.0,Very Low,1,FALSE,1,1.647203116037609,2018-04-08,60,MGR_025,Active,0
EMP_0010,39.0,Female,Married,Master,Engineering,Senior Engineer,02-11-2021,73564.0,"49604,56796,64576",3.0,4.0,4,5,No,1,1.8879821407464863,2016-11-29,85,MGR_048,Active,0
EMP_1996,43.0,Female,Single,Master,HR,HR Generalist,20-05-2013,53309.0,,4.0,3.0,4,29,No,1,0.22249162034981207,2020-05-21,2,MGR_102,Active,0
EMP_1503,28.0,Female,Divorced,Bachelors,Finance,Accountant,2013-02-28,79292.0,"54926,60240,70260",4.0,3.0,5,27,Yes,1,1.603903891430421,2017-11-26,8,MGR_095,Terminated,1
EMP_1026,38.0,F,married,Master,IT,IT Specialist,,68841.0,64341,3.0,3.0,Very Low,18,FALSE,0,0.5544262936144656,2017-02-18,11,MGR_071,Active,0
EMP_1686,44.0,female,Married,Masters,Enginnering,Senior Engineer,"April 10, 2024",130655.0,,4.0,4.0,3,1,No,0,2.6091213052205195,2019-12-12,8,MGR_079,Terminated,1
EMP_1270,44.0,Male,married,BS,Sales,Sr. Sales Rep,07/15/2019,50695.0,45816,1.0,5.0,2,2,Yes,1,1.790132451383736,2019-01-01,15,MGR_069,Active,0
EMP_1555,33.0,male,Single,Master,Operations,Process Specialist,"March 23, 2015",64258.0,"44665,50575,54010,59221",2.0,4.0,3,18,No,2,-3.4986009465365258,2024-12-08,4,MGR_016,Active,0
EMP_1991,41.0,F,Divorced,High School,Operations,Ops Analyst,Invalid Date,42451.0,"31737,35973,37905",3.0,3.0,3,1,FALSE,2,5.470524901651474,2019-10-03,3,MGR_095,Terminated,1
EMP_0066,45.0,Female,Married,BA,Engineering,Software Engineer,07-04-2021,94513.0,"68030,77273,82510",1.0,4.0,3,1,No,6,1.4149429595026028,2020-06-13,3,MGR_120,Active,0
EMP_0426,45.0,M,Married,Masters,Human Resources,HR Specialist,06/25/2015,40637.0,"27197,31002,35285,38061",5.0,3.0,1,3,Yes,4,0.05745522937903334,,4,MGR_160,Active,0
EMP_1968,33.0,Male,single,BA,Sales,Sales Representative,19-06-2022,61019.0,,3.0,3.0,4,13,No,3,3.285404268632526,2025-02-02,9,MGR_188,Active,0
EMP_1130,37.0,M,Married,Bachelor,Enginnering,Software Engineer,23-05-2022,79150.0,"65409,73142",4.0,4.0,3,11,No,1,3.641396063136195,2021-10-02,8,,Terminated,1
EMP_1842,19.0,M,married,Bachelor,Engineering,DevOps Engineer,2010-09-27,107834.0,"66570,70581,82915,94963",2.0,3.0,Medium,13,No,2,0.7169363073722707,2015-09-04,9,MGR_187,Active,0
EMP_1893,31.0,MALE,D,BS,Marketting,Marketing Specialist,05/04/2011,50489.0,,5.0,1.0,4,15,Yes,4,1.1612049460225085,2022-02-17,1,MGR_123,Active,0
EMP_1458,38.0,male,D,High School,Engineering,Engineering Manager,,143180.0,"112540,125140",0.0,2.0,4,9,Yes,1,2.7502313314434734,2021-08-28,13,MGR_130,Active,0
EMP_9048,48.0,M,M,Bachelor,Finance,Finance Manager,01-04-2015,92272.0,"74168,83338",4.0,2.0,3,15,No,1,1.2789867070328305,2018-09-19,20,MGR_063,Active,0
EMP_1481,40.0,female,Single,High School,IT,System Admin,07/22/2010,82549.0,"56107,61210,71235",2.0,4.0,High,4,Y,1,1.9280673265554635,2023-04-29,2,MGR_016,Active,0
EMP_0489,48.0,F,Divorced,BS,Customer Support,Support Specialist,19-03-2023,47773.0,"37398,43722",2.0,5.0,Low,50,No,1,1.511370269066139,2017-01-16,5,,Active,0
EMP_1596,26.0,Female,Single,Master,IT,System Admin,08/09/2024,65304.0,56662,2.0,2.0,Very Low,25,No,0,,2016-10-29,2,MGR_098,Active,0
EMP_1845,36.0,MALE,Married,nan,Sales,Account Manager,18-11-2020,75947.0,"54594,59029,65122",,4.0,3,41,No,1,2.9887175144392657,2017-02-13,0,MGR_078,Active,0
EMP_0646,32.0,Male,single,Masters,Enginnering,Software Engineer,06-02-2013,,,2.0,5.0,4,,No,4,0.06796969644923863,2021-01-23,9,MGR_058,Active,0
EMP_1426,19.0,Female,D,Master,IT,System Admin,32-12-2021,,,4.0,4.0,2,,No,3,1.1937015757868832,2016-04-17,4,MGR_146,Active,0
EMP_1422,43.0,MALE,Single,Bachelor,Customer Service,Support Specialist,12/19/2016,56150.0,51535,5.0,4.0,1,14,No,3,1.1987477885116176,,48,MGR_148,Active,0
EMP_0821,30.0,Male,Divorced,High School,Enginnering,Software Engineer,04/18/2015,102849.0,"76335,83584,93704",4.0,3.0,3,7,0,0,1.3131470612815805,,9,MGR_052,Active,0
EMP_1165,43.0,female,D,High School,Marketing,Marketing Analyst,26-07-2021,60115.0,,5.0,4.0,2,3,Yes,2,4.561555637883471,2016-08-24,65,MGR_159,Resigned,1
EMP_0254,43.0,F,D,BA,Customer Service,CS Manager,09-06-2023,72329.0,"50104,54046,57555,63770",4.0,3.0,3,8,No,2,2.104872996340238,,3,MGR_153,Active,0
EMP_1825,36.0,female,married,Masters,HR,HR Generalist,06/18/2022,58416.0,,3.0,2.0,5,19,No,2,0.7999821225600343,2018-09-11,43,,Active,0
EMP_1052,38.0,male,Married,Master,Human Resources,Recruiter,"January 18, 2023",,,3.0,0.0,1,2,Yes,2,0.27071161010550904,2020-10-23,33,MGR_133,Resigned,1
EMP_0723,24.0,Male,married,High School,HR,Recruiter,17-07-2013,47334.0,"34381,39021,41723",2.0,5.0,3,1,No,2,1.5962608714279318,2022-01-03,39,MGR_003,Terminated,1
EMP_1249,36.0,F,S,Bachelors,Customer Service,Customer Rep,10/19/2022,36726.0,33310,,2.0,4,1,Yes,0,0.24210444747071078,,9,MGR_070,Active,0
EMP_0152,37.0,female,single,Bachelors,sales,Sales Rep,"April 21, 2018",60834.0,"48197,54390",3.0,3.0,3,26,0,3,4.809265656972764,,2000,MGR_192,Active,0
EMP_0073,34.0,F,Single,Bachelor,Marketing,Digital Marketer,"June 10, 2012",69400.0,"55546,60916",5.0,4.0,3,10,No,1,5.459044364957786,2022-10-03,38,MGR_165,Resigned,1
EMP_1245,29.0,Male,Married,Bachelors,Sales,Sales Representative,"October 13, 2022",45435.0,"28125,32249,35533,40755",3.0,3.0,5,1,No,1,5.938860639489764,2023-02-21,22,MGR_134,Active,0
EMP_1954,29.0,Female,Married,Bachelors,Customer Service,Support Specialist,2019-04-22,53623.0,"36924,41642,46741",5.0,5.0,3,17,No,3,1.1752311826914585,2022-03-25,14,,Terminated,1
EMP_0966,46.0,MALE,Single,Bachelors,Sales,Sales Representative,2018-03-08,350000.0,"278710,315341",3.0,1.0,High,2,No,1,1.1895470731371338,2020-02-20,4,MGR_107,Active,0
EMP_0419,44.0,Male,Married,High School,Customer Service,Support Specialist,05-02-2022,,,3.0,4.0,3,10,Yes,2,1.7290078156606281,2024-07-22,18,MGR_192,Terminated,1
EMP_1782,34.0,female,Divorced,Bachelor,Sales,Account Manager,"April 05, 2013",63739.0,"46956,54467",1.0,4.0,2,2,Y,4,1.05860925325821,,5,MGR_127,Active,0
EMP_1808,39.0,male,married,Bachelor,Customer Service,Customer Rep,"January 05, 2024",49195.0,"32280,37004,42143",1.0,5.0,Very High,1,No,0,0.14357313192227303,,14,MGR_042,Active,0
EMP_0520,41.0,M,Divorced,Masters,Human Resources,HR Specialist,09-08-2010,61613.0,"46712,50427,54994",4.0,2.0,Medium,9,No,1,1.2580022614146915,2021-02-26,10,MGR_043,Resigned,1
EMP_0561,37.0,M,single,Bachelors,HR,HR Manager,04/26/2010,73859.0,,2.0,3.0,Medium,11,No,3,1.228415363673079,2023-01-03,31,MGR_194,Terminated,1
EMP_9371,36.0,Female,Single,Bachelor,Marketing,Digital Marketer,2020/15/30,62030.0,54890,3.0,4.0,5,25,Yes,0,0.5875045843972743,2019-03-15,14,MGR_059,Resigned,1
EMP_1062,18.0,Female,married,Masters,Finance,Senior Analyst,"June 18, 2018",60027.0,"48351,53229",3.0,3.0,3,2,Yes,3,0.16801656800294718,2025-02-11,14,MGR_144,Active,0
EMP_0479,59.0,F,married,Bachelors,Finance,Accountant,"December 02, 2016",55240.0,,3.0,5.0,High,11,No,1,3.069280561849753,2021-04-01,17,MGR_135,Active,0
EMP_0871,33.0,Male,Married,High School,Operations,Operations Manager,2023-13-45,,,4.0,5.0,3,22,No,2,0.6047261350029508,2022-03-07,19,MGR_154,Active,0
EMP_0293,30.0,F,married,BA,HR,HR Generalist,"July 29, 2016",51179.0,,3.0,4.0,2,1,No,4,2.883373643523172,,30,MGR_196,Terminated,1
EMP_1579,29.0,Male,married,BA,Engineering,Engineering Manager,2015-05-21,143791.0,"111426,122361",4.0,5.0,3,10,N,2,0.09083976232138333,2020-11-28,1,MGR_072,Resigned,1
EMP_1922,40.0,female,single,Bachelors,Sales,Account Manager,12/14/2014,60959.0,53308,5.0,3.0,4,5,No,3,0.07713117831069638,2020-03-24,40,MGR_056,Laid Off,1
EMP_1670,39.0,female,Divorced,High School,Engineering,Engineering Manager,02/16/2016,126417.0,"72710,84818,98462,111996",2.0,3.0,2,10,No,3,0.6961075435408695,2022-05-20,16,MGR_165,Active,0
EMP_0187,38.0,Female,Divorced,Bachelor,Human Resources,Recruiter,20-12-2010,61556.0,,4.0,0.0,nan,21,No,8,,2015-07-27,8,MGR_177,Active,0
EMP_0384,30.0,Female,M,BA,Customer Support,Customer Rep,04/14/2019,27616.0,"23443,25051",3.0,3.0,4,1,No,6,4.9533161058882955,2021-05-21,1,MGR_102,Active,0
EMP_1219,28.0,M,Single,Bachelors,Customer Support,Support Specialist,2014-10-14,,,0.0,2.0,Low,13,No,2,1.6744824560749645,2024-01-09,17,MGR_119,Active,0
EMP_0054,39.0,MALE,Single,BS,Engineering,Software Engineer,2011-08-04,80605.0,"69990,75107",5.0,3.0,3,4,FALSE,0,1.3280799267772396,2020-11-14,19,MGR_122,Active,0
EMP_1752,40.0,Female,Married,Master,Engineering,Jr. Software Engineer,2015-11-07,69443.0,"50461,59325",4.0,4.0,4,10,N,5,,2023-03-01,2,MGR_198,Laid Off,1
EMP_0960,38.0,M,Married,High school,Sales,Account Manager,"July 05, 2019",65647.0,"42978,45917,52082,58418",3.0,4.0,4,27,Yes,2,3.93042314181489,2025-03-13,12,MGR_054,Active,0
EMP_1790,45.0,F,Married,Bachelors,Sales,Sales Manager,03/28/2020,96285.0,"62262,70593,78805,86492",3.0,2.0,4,10,No,1,4.663717114942908,2017-04-16,6,MGR_130,Active,0
EMP_0044,32.0,Male,Single,Bachelors,Human Resources,Recruiter,14-11-2019,73823.0,70043,3.0,4.0,4,,0,4,0.11664162494034552,2015-10-20,55,MGR_027,Active,0
EMP_0694,39.0,Male,Married,BA,Sales,Sr. Sales Rep,26-12-2021,70208.0,"47815,54024,58730,64124",3.0,3.0,3,30,Yes,1,2.3745838330994395,2017-06-11,12,MGR_155,Active,0
EMP_0506,31.0,Female,married,Bachelor,HR,HR Specialist,"September 18, 2018",46068.0,,4.0,4.0,3,30,No,1,,2024-03-19,6,,Resigned,1
EMP_0397,21.0,M,single,Masters,sales,Sales Rep,"January 19, 2024",57845.0,,4.0,3.0,2,16,1,1,3.8179654845788056,2017-04-11,50,MGR_106,Active,0
EMP_1990,38.0,Male,married,High School,Sales,Sr. Sales Rep,"September 29, 2016",88308.0,"61086,68014,75473",4.0,3.0,4,13,Yes,4,1.0905782154118457,2017-02-26,20,MGR_065,Resigned,1
EMP_1810,42.0,Male,single,Bachelors,Engineering,Jr. Software Engineer,"April 25, 2019",71952.0,"48044,54213,63257",3.0,3.0,4,3,No,1,3.054877074837078,2017-03-17,6,MGR_026,Terminated,1
EMP_0710,48.0,Female,Married,High School,Enginnering,Senior Engineer,10/25/2022,174545.0,"108988,126905,133786,150111",3.0,2.0,4,1,1,3,0.3364398700281518,2022-06-03,24,MGR_151,Terminated,1
EMP_1970,44.0,MALE,Married,PhD,Customer Support,CS Manager,2024-07-04,73531.0,"55345,61206,69086",1.0,1.0,3,17,nan,1,6.03740043176718,2019-11-09,33,MGR_190,Active,0
EMP_0848,54.0,Female,S,MS,Finance,Financial Analyst,2019-09-06,54563.0,"39128,43495,47326",3.0,3.0,4,27,No,4,2.7373347636323957,2023-09-06,18,MGR_155,Active,0
EMP_1651,39.0,Male,married,PhD,R&D,Research Scientist,05/12/2022,89347.0,77649,3.0,1.0,3,5,Yes,1,4.102451571131223,2022-05-29,15,,Active,0
EMP_1982,23.0,F,married,Master,Engineering,Engineering Manager,13-06-2015,120881.0,105694,2.0,2.0,2,45,Yes,1,1.0931616260322465,2021-06-15,42,MGR_168,Resigned,1
EMP_0153,29.0,F,married,Bachelor,sales,Account Manager,08/22/2015,86572.0,,1.0,2.0,2,25,No,1,0.2647934714029067,2022-01-01,15,MGR_125,Active,0
EMP_1175,28.0,F,single,BS,Customer Support,Support Specialist,"May 29, 2022",48398.0,"31483,35701,41291,45252",3.0,2.0,High,3,No,1,0.4518770495857795,,19,MGR_044,Active,0
EMP_1534,33.0,M,Divorced,MA,Marketing,Marketing Manager,2019-11-17,83156.0,,3.0,2.0,Medium,20,No,1,0.09718328593052751,2024-10-14,16,MGR_093,Active,0
EMP_0303,40.0,male,married,Bachelors,IT,System Admin,03/03/2023,72560.0,,2.0,1.0,3,2,No,1,6.5866709019435215,2020-10-22,7,MGR_168,Active,0
EMP_1246,25.0,Male,Married,MS,Sales,Sr. Sales Rep,17-11-2010,58123.0,,3.0,4.0,4,1,1,1,0.2893295678545077,2017-12-29,11,MGR_087,Active,0
EMP_1235,28.0,M,Single,Bachelors,Operations,Process Specialist,10/15/2020,76421.0,"60345,65045,69266",4.0,3.0,3,19,No,3,2.846631324744282,2022-02-12,14,MGR_042,Resigned,1
EMP_0008,41.0,Female,Married,High School,HR,Recruiter,2020/15/30,54467.0,,3.0,2.0,2,50,Yes,3,0.15876779652089718,2016-06-16,8,MGR_035,Active,0
EMP_1141,32.0,Female,married,Masters,Engineering,DevOps Engineer,02/01/2017,91311.0,"64053,73199,77920,86183",3.0,4.0,2,48,Yes,8,2.2361925936579397,2022-02-23,10,MGR_194,Active,0
EMP_0504,39.0,Female,Married,Bachelor,Customer Service,Support Specialist,09/09/2018,48562.0,"33308,37169,42726",3.0,3.0,3,24,No,1,3.5173553926714844,2025-03-22,10,MGR_049,Terminated,1
EMP_0100,33.0,Female,single,Bachelor,Marketting,Marketing Specialist,13-02-2014,57650.0,"43163,45678,51415",3.0,2.0,Low,9,No,4,0.5277882878313366,2024-05-13,59,MGR_033,Active,0
EMP_1344,44.0,Female,Married,High School,Operations,Operations Manager,08/20/2023,83711.0,"68609,76767",4.0,3.0,2,15,Yes,1,1.2082460258455916,2020-06-15,42,,Active,0
EMP_0959,39.0,M,married,Masters,Operations,Process Specialist,"April 20, 2012",60274.0,56722,1.0,2.0,4,26,No,1,2.95828677913876,2022-08-31,11,MGR_167,Active,0
EMP_1936,22.0,F,married,High School,Operations,Process Specialist,02/09/2017,57494.0,"49469,53525",3.0,3.0,4,45,Yes,5,1.1748822432754207,2015-08-04,2,,Active,0
EMP_0208,39.0,F,married,Bachelor,Marketing,Marketing Manager,"February 14, 2020",79253.0,"51554,59945,69173,73879",3.0,5.0,1,4,1,2,,2020-04-16,23,MGR_083,Laid Off,1
EMP_1621,35.0,female,married,BA,Marketing,Digital Marketer,02/23/2017,74574.0,"46971,52362,56075,63824",4.0,4.0,3,4,No,0,2.5817308688358884,2017-06-18,4,MGR_147,Terminated,1
EMP_1785,35.0,Female,married,BS,Enginnering,Software Engineer,05-03-2010,76535.0,"60845,68211",5.0,5.0,Medium,3,No,4,3.13066159231463,2019-01-17,0,,Active,0
EMP_1515,34.0,Male,married,High School,Engineering,DevOps Engineer,07/21/2022,91900.0,"70094,74002,85802",5.0,1.0,3,5,No,2,5.337245820282172,2017-06-19,24,MGR_082,Active,0
EMP_1625,49.0,female,Divorced,BS,sales,Sales Rep,2022-07-30,46549.0,"29173,33129,35452,41249",1.0,4.0,3,26,Yes,3,0.7085772672324752,,44,MGR_158,Active,0
EMP_1056,29.0,female,Divorced,Bachelor,Customer Service,Customer Rep,"July 21, 2014",50679.0,,3.0,4.0,Low,2,No,3,1.5258198171808157,2024-10-19,13,,Active,0
EMP_1306,27.0,F,Married,Bachelor,Operations,Operations Manager,09/12/2015,84232.0,,3.0,3.0,Very Low,41,No,5,1.2729437428046657,2018-10-23,1,MGR_151,Resigned,1
EMP_0761,30.0,F,Single,High School,Engineering,Engineering Manager,11/24/2013,147955.0,"87606,98554,114550,127495",,4.0,2,15,No,2,,2023-03-12,15,MGR_174,Resigned,1
EMP_0700,33.0,female,Single,Master,Sales,Sales Representative,2013-11-30,63224.0,59646,1.0,3.0,3,4,Y,0,4.3457730749089185,2016-03-27,38,MGR_125,Active,0
EMP_1758,42.0,male,S,Bachelors,Enginnering,Software Engineer,"June 16, 2014",97350.0,"75804,86415",3.0,3.0,5,4,No,0,1.7955755429962332,2024-05-21,10,MGR_164,Terminated,1
EMP_1947,38.0,male,married,Bachelor,R&D,Product Developer,12/27/2010,79307.0,,3.0,4.0,Very Low,5,No,3,2.646476804288322,2025-05-07,22,MGR_176,Active,0
EMP_1805,20.0,female,Married,Master,Finance,Finance Manager,"June 27, 2015",72487.0,,1.0,3.0,4,7,Yes,1,0.6826107973266355,2022-04-15,29,MGR_143,Active,0
EMP_1580,28.0,Female,Married,MA,Sales,Sr. Sales Rep,"July 20, 2019",84706.0,,3.0,4.0,3,1,Yes,2,0.3161045869566489,2019-02-26,3,MGR_113,Active,0
EMP_9297,36.0,M,Married,High School,Finance,Finance Manager,"March 25, 2017",70479.0,,2.0,4.0,4,6,Yes,3,1.003645812618873,2015-08-11,7,,Active,0
EMP_1186,42.0,Female,M,PhD,Marketing,Marketing Manager,"September 02, 2022",58721.0,"45102,51154",2.0,3.0,1,3,nan,3,1.8915147660539913,2018-09-19,27,MGR_026,Terminated,1
EMP_1072,,Female,Married,Master,Marketing,Marketing Manager,"August 11, 2016",73009.0,"49127,53765,59189,68831",4.0,1.0,3,36,N,2,2.67894259707872,,48,MGR_136,Laid Off,1
EMP_0827,47.0,Male,married,PhD,Engineering,Jr. Software Engineer,"March 09, 2021",67186.0,"48916,53858,59517",2.0,,1,9,No,0,0.30075151887177043,2019-10-27,19,MGR_165,Terminated,1
EMP_0674,32.0,Female,single,MS,Engineering,Senior Engineer,"June 09, 2016",82185.0,75976,4.0,4.0,3,7,No,5,0.3532384541111994,2017-04-01,9,MGR_094,Active,0
EMP_0215,32.0,F,married,MA,Finance,Senior Analyst,26-08-2014,89064.0,"56626,63554,68586,76759",2.0,4.0,5,18,No,1,2.159880562043048,2017-08-26,27,,Terminated,1
EMP_1864,21.0,Female,Married,Bachelors,Engineering,Engineering Manager,04/26/2024,99217.0,"79091,85953",3.0,3.0,4,18,No,1,1.016019181997734,2016-01-26,0,MGR_105,Active,0
EMP_1220,52.0,M,married,Master,Sales,Account Manager,2020-01-28,70383.0,"61558,66060",3.0,2.0,3,6,No,4,1.6304991195826606,2023-07-31,29,MGR_077,Active,0
EMP_1986,39.0,F,single,Bachelor,HR,HR Specialist,"June 21, 2017",37919.0,35605,3.0,3.0,4,20,FALSE,5,1.7766018171061533,2021-11-16,34,MGR_011,Active,0
EMP_0948,29.0,male,married,Bachelor,Human Resources,Recruiter,05/19/2015,49427.0,"37924,40144,42306",3.0,4.0,5,8,Yes,0,1.1059810692469911,2018-10-25,20,MGR_076,Active,0
EMP_1881,42.0,Male,Married,Bachelor,HR,HR Generalist,03-12-2022,44675.0,"31277,33913,37429,41129",3.0,2.0,4,5,N,4,8.114148338472557,2019-06-12,78,MGR_028,Active,0
EMP_1204,39.0,Female,Married,Bachelor,Sales,Sales Rep,2010-10-11,49023.0,"39852,42208,45723",4.0,3.0,3,7,No,1,1.2149394175478958,,9,MGR_082,Active,0
EMP_0206,27.0,Male,M,MS,Finance,Financial Analyst,2015-12-20,,,2.0,3.0,4,23,Yes,4,2.008416953959244,2023-11-05,56,MGR_061,Resigned,1
EMP_1418,37.0,F,Single,Bachelor,Sales,Sales Representative,2023-07-15,44059.0,"28825,30763,32571,37475",3.0,4.0,3,1,No,0,3.5619718241430642,2020-11-07,12,MGR_016,Terminated,1
EMP_1101,42.0,female,Single,MA,Operations,Process Specialist,01/19/2023,51875.0,"38539,43012,48076",4.0,5.0,4,43,TRUE,1,1.0346410384627767,2023-06-02,9,MGR_173,Terminated,1
EMP_1092,34.0,male,Single,High School,Sales,Account Manager,"January 14, 2020",67507.0,"51541,58726",3.0,5.0,4,1,Yes,1,1.1049525613799256,2016-01-29,24,MGR_110,Active,0
EMP_1635,32.0,Female,Single,Bachelors,Operations,Operations Manager,24-08-2018,89770.0,79805,3.0,3.0,2,13,Yes,0,0.3305902233381607,2021-02-20,14,MGR_161,Terminated,1
EMP_0306,35.0,MALE,Single,PhD,Customer Support,Support Specialist,"October 13, 2013",42929.0,,2.0,4.0,1,10,No,3,4.876648471221753,2024-07-21,1,,Active,0
EMP_0786,43.0,F,single,Bachelor,Marketing,Digital Marketer,17-03-2016,53776.0,"37159,42050,44900,49713",4.0,3.0,3,9,Yes,2,0.13987456767971002,2017-09-21,0,MGR_114,Active,0
EMP_0704,23.0,MALE,Married,MS,Operations,Ops Analyst,2019-05-24,47830.0,"38048,40956",3.0,4.0,Low,25,No,3,1.7377443287289431,2020-03-08,0,MGR_138,Active,0
EMP_1771,35.0,female,married,Master,Operations,Operations Analyst,05/11/2021,67069.0,"54715,58032",3.0,3.0,4,12,Yes,3,3.731162068371513,2016-11-09,39,MGR_043,Resigned,1
EMP_1876,46.0,male,Single,PhD,Finance,Finance Manager,07/31/2011,88638.0,80070,4.0,5.0,4,,No,3,1.1403079628502786,2019-04-01,29,MGR_163,Laid Off,1
EMP_0495,47.0,M,Married,Master,Operations,Process Specialist,2022-10-03,47207.0,40387,3.0,4.0,4,31,No,0,1.3853917124296415,,43,MGR_128,Active,0
EMP_0113,35.0,female,single,High School,sales,Sales Rep,"October 19, 2016",57338.0,"36386,38715,44476,48908",3.0,3.0,1,2,Yes,3,5.431427805877297,,13,MGR_052,Terminated,1
EMP_1011,45.0,male,Married,Bachelors,Human Resources,HR Manager,"October 30, 2019",60917.0,"49546,53467,57214",3.0,4.0,2,6,No,2,1.3101981616705718,2024-09-15,31,MGR_151,Active,0
EMP_1211,25.0,female,Married,Master,Marketing,Marketing Manager,02/02/2019,67901.0,64234,4.0,2.0,2,1,No,3,0.567377657935754,2024-07-31,5,MGR_195,Active,0
EMP_1883,25.0,M,Married,Bachelor,Sales,Sales Rep,28-05-2015,39841.0,"32983,35989",3.0,4.0,4,25,No,2,6.649055921642687,2024-02-29,24,MGR_077,Active,0
EMP_0261,27.0,F,Married,BS,HR,HR Specialist,Invalid Date,45860.0,"34717,40372",1.0,2.0,3,19,Yes,1,6.462450908467225,2021-12-03,13,,Active,0
EMP_1829,34.0,male,Divorced,Bachelors,Engineering ,Software Engineer,13-02-2024,100052.0,95004,4.0,5.0,4,19,No,4,2.717280615238854,2017-02-09,26,MGR_079,Active,0
EMP_1162,53.0,male,Divorced,Master,IT,Software Engineer,16-11-2011,92627.0,"73982,85507",3.0,5.0,3,28,No,0,,2020-05-05,13,MGR_165,Active,0
EMP_0958,38.0,Male,single,Master,Sales,Sales Rep,05/26/2015,48045.0,"29767,34382,36979,43259",5.0,2.0,4,12,No,2,2.272582809781455,,10,MGR_117,Active,0
EMP_0344,30.0,Female,Single,Master,Engineering,Software Engineer,13-06-2010,80160.0,"65770,74094",2.0,4.0,3,1,Yes,3,0.5501318379277215,,11,MGR_008,Active,0
EMP_1751,18.0,Female,single,BS,Finance,Senior Analyst,"June 25, 2012",72261.0,,4.0,5.0,High,9,Yes,1,0.9959694001730922,2019-05-31,10,MGR_034,Active,0
EMP_1955,30.0,female,Married,Masters,Operations,Operations Analyst,2015-02-28,61910.0,"42165,46952,52128,55510",6.0,3.0,3,1,No,2,8.983717758415496,2019-01-26,13,,Active,0
EMP_1721,39.0,F,single,Master,Marketing,Digital Marketer,03/13/2018,63256.0,55317,4.0,4.0,1,4,No,2,3.370517742447763,2024-06-05,7,MGR_199,Active,0
EMP_0356,26.0,M,Married,High School,R&D,Research Scientist,14-11-2022,84177.0,"73908,78131",3.0,3.0,4,12,No,2,0.22099776289610246,2022-10-11,1,MGR_185,Active,0
EMP_0374,42.0,Male,single,Master,Enginnering,Software Engineer,"September 03, 2019",93273.0,87080,2.0,3.0,3,7,No,3,5.225493861114999,2020-01-21,15,MGR_166,Terminated,1
EMP_0601,41.0,F,Single,Masters,Finance,Finance Manager,2015-09-06,82266.0,,4.0,5.0,4,50,N,3,0.6355519445387365,2024-08-30,1,MGR_119,Active,0
EMP_0964,40.0,female,S,Bachelors,Operations,Process Specialist,"May 04, 2016",51037.0,"39207,44754",6.0,4.0,3,16,No,3,2.1151697357530397,2024-10-29,12,MGR_116,Active,0
EMP_0719,32.0,Male,S,Masters,Engineering,Software Engineer,"June 16, 2020",87766.0,"57132,66026,74214,80699",5.0,5.0,5,4,No,3,11.474642550548266,2017-02-15,38,MGR_174,Active,0
EMP_0210,65.0,M,Married,Master,Customer Support,Customer Rep,32-12-2021,40797.0,,5.0,3.0,2,1,No,2,1.3244317404501569,2015-11-13,7,MGR_105,Active,0
EMP_1138,25.0,female,M,PhD,Operations,Operations Manager,02/09/2022,102941.0,,4.0,4.0,5,9,No,2,0.06070396832628644,2024-09-03,19,MGR_146,Resigned,1
EMP_1863,41.0,F,Married,High School,Engineering,DevOps Engineer,05-07-2011,96171.0,"67707,76966,86889",4.0,5.0,2,4,No,3,0.679597205351924,2024-03-12,3,MGR_094,Active,0
EMP_0909,40.0,female,S,Master,Sales,Sales Rep,32-12-2021,51041.0,"40900,44523",2.0,2.0,2,24,Y,2,0.8039782788974077,2020-06-10,18,MGR_132,Resigned,1
EMP_0757,38.0,Male,single,Bachelors,Engineering ,Senior Engineer,06/28/2022,100146.0,"71474,81943,92925",4.0,1.0,Very Low,13,No,5,1.0312404900073482,2023-04-23,44,,Terminated,1
EMP_0995,26.0,Female,D,Masters,sales,Account Manager,19-03-2023,74399.0,"48254,51234,56362,64620",4.0,3.0,Very Low,,Yes,2,1.5075552577380686,2022-03-18,5,MGR_057,Active,0
EMP_1163,23.0,Male,Married,Masters,Engineering,DevOps Engineer,2020-11-29,94777.0,"77023,83763",4.0,3.0,4,1,Yes,0,3.475973009267452,2023-06-15,29,MGR_020,Active,0
EMP_1896,32.0,Female,married,BS,Marketing,Digital Marketer,2015-06-08,63032.0,"54221,58412",2.0,2.0,3,,No,7,0.1551095439076349,2017-02-16,21,,Active,0
EMP_1581,36.0,female,Married,BS,Engineering ,Software Engineer,25-11-2015,87079.0,,3.0,5.0,Medium,3,Yes,1,0.8128893948513648,2020-03-26,49,MGR_199,Active,0
EMP_1561,34.0,F,Single,High School,Marketing,Marketing Manager,"February 13, 2012",75273.0,"55007,64034",1.0,2.0,2,7,FALSE,1,,2016-03-09,20,MGR_133,Active,0
EMP_0320,33.0,female,Divorced,MA,sales,Sales Manager,"December 16, 2011",75081.0,"51949,56911,66833",1.0,4.0,4,5,No,-10,2.633944939838904,2022-06-23,2,MGR_092,Active,0
EMP_0545,18.0,M,married,Master,Marketing,Marketing Analyst,"October 07, 2012",62671.0,54486,3.0,2.0,3,1,No,3,0.46213003661508667,2024-06-07,6,,Active,0
EMP_0267,48.0,male,Divorced,Bachelors,Sales,Sr. Sales Rep,2016-08-13,71103.0,65265,2.0,5.0,3,10,No,0,0.9215098888075981,2016-02-13,37,MGR_074,Active,0
EMP_0055,43.0,male,single,High School,Engineering,Senior Engineer,29-04-2010,153362.0,,3.0,4.0,1,6,No,2,0.7905910057310307,,6,MGR_082,Active,0
EMP_0273,44.0,Male,Single,Bachelors,R&D,Research Scientist,14-09-2011,108075.0,"66288,76553,82636,93591",4.0,2.0,5,26,Yes,5,1.0471698000215806,2015-11-21,17,MGR_109,Active,0
EMP_1433,41.0,Male,Divorced,High School,Marketing,Digital Marketer,03/25/2017,66419.0,"51720,60530",4.0,0.0,2,40,No,1,5.521214428652238,2019-03-17,1,MGR_154,Active,0
EMP_1537,39.0,female,Married,PhD,Human Resources,HR Manager,"August 02, 2022",79940.0,68423,4.0,2.0,4,4,No,1,0.8461468679198162,2021-02-18,12,MGR_178,Active,0
EMP_0922,26.0,Male,S,Bachelor,sales,Sales Manager,08/28/2024,119584.0,109161,3.0,5.0,4,50,TRUE,5,0.1948602701307268,2016-09-05,11,MGR_119,Active,0
EMP_1977,43.0,female,S,PhD,Sales,Sales Rep,06/21/2021,42017.0,,5.0,2.0,High,14,No,3,0.9371029489213006,2021-01-22,1,,Active,0
EMP_1607,35.0,F,single,Master,Human Resources,HR Specialist,08-03-2016,53122.0,"41585,46459",2.0,,4,10,No,2,1.0823232165922145,2018-03-13,26,,Active,0
EMP_0649,33.0,Female,Divorced,High School,Human Resources,HR Manager,"July 20, 2015",82023.0,70483,3.0,1.0,2,3,Yes,1,,2025-03-27,23,MGR_190,Active,0
EMP_0787,41.0,Male,Single,Master,Enginnering,Software Engineer,2012-08-03,98951.0,"68835,80285,85847",2.0,1.0,3,2,No,1,,2018-11-24,5,MGR_084,Active,0
EMP_1493,30.0,MALE,single,PhD,Sales,Sales Representative,14-08-2024,53419.0,49811,3.0,3.0,4,1,Y,3,3.339758481945111,2021-10-13,19,MGR_065,Terminated,1
EMP_0226,43.0,Female,M,Master,IT,IT Specialist,2020-11-27,88280.0,"57537,66829,76032",5.0,3.0,Very High,49,Yes,3,0.27046417759209573,2018-10-29,22,,Active,0
EMP_1884,,Male,single,Bachelor,Engineering,Jr. Software Engineer,2019-05-04,62519.0,56233,3.0,3.0,5,3,No,1,0.04722505168208301,2021-07-18,21,MGR_154,Active,0
EMP_0112,34.0,Male,Single,Master,IT,Software Engineer,2022-05-08,81803.0,,1.0,4.0,3,1,Yes,2,-1.3112369221928377,2022-11-18,27,MGR_140,Resigned,1
EMP_1239,39.0,M,married,Bachelor,Sales,Account Manager,2017-01-06,71990.0,"45918,52333,59864,65406",4.0,4.0,3,20,Yes,2,1.583044565311691,2023-07-03,16,MGR_125,Active,0
EMP_1284,42.0,female,Married,High school,Human Resources,HR Specialist,02-09-2018,56967.0,,2.0,4.0,4,47,No,1,1.005434414128299,2016-04-25,7,MGR_111,Active,0
EMP_0918,36.0,Male,married,Masters,Operations,Process Specialist,"April 10, 2012",63368.0,"48308,54610",3.0,2.0,3,,No,0,0.5493079423224706,2024-08-31,44,MGR_092,Active,0
EMP_0836,36.0,Male,Single,Bachelors,Finance,Senior Analyst,12/18/2022,78552.0,"50946,54928,63667,67026",2.0,4.0,1,16,Yes,3,0.3841426916020479,,32,MGR_026,Resigned,1
EMP_0124,23.0,M,S,PhD,Marketting,Marketing Specialist,2011-05-29,55781.0,"41017,45015,48302",3.0,4.0,High,8,No,0,0.4405781378805634,,22,MGR_061,Active,0
EMP_1746,36.0,Female,married,Master,Sales,Sales Rep,06-03-2018,59014.0,"45661,53192",3.0,4.0,3,9,No,1,2.0715451237466738,2020-12-19,41,MGR_115,Terminated,1
EMP_0968,49.0,Female,Single,Bachelor,Sales,Sales Representative,12/20/2017,54625.0,50318,3.0,4.0,4,21,No,0,0.07381998927960566,2023-05-10,13,MGR_166,Resigned,1
EMP_1152,18.0,male,Divorced,Bachelors,Sales,Sales Representative,08-08-2018,58159.0,"44281,46934,50987",4.0,3.0,5,,No,0,4.432233826276562,2023-07-27,8,MGR_166,Resigned,1
EMP_1037,25.0,male,married,Bachelors,Operations,Operations Manager,"March 03, 2022",92525.0,84484,3.0,4.0,5,14,Yes,2,0.43680142395889154,2019-07-25,4,,Terminated,1
EMP_1759,47.0,F,D,High School,Finance,Financial Analyst,2011-09-22,68387.0,"55972,62898",4.0,3.0,Medium,7,nan,2,0.9991151738667801,2017-08-27,10,MGR_169,Active,0
EMP_0353,41.0,male,Single,High School,Finance,Accountant,"October 07, 2013",61446.0,"42893,49832,52766",4.0,3.0,3,5,No,1,2.2845191354447683,2015-10-10,7,MGR_095,Active,0
EMP_0275,27.0,Male,S,Masters,Sales,Sales Manager,05-05-2021,82532.0,"58511,63048,68567,73334",3.0,1.0,4,7,No,2,0.06166628131434914,2021-07-10,26,MGR_137,Active,0
EMP_0079,35.0,Male,M,High school,Operations,Operations Analyst,2015-12-02,68217.0,59737,4.0,3.0,4,,No,2,0.20674809821132617,2016-03-30,15,MGR_143,Terminated,1
EMP_1841,33.0,M,Single,Master,Finance,Financial Analyst,02/29/2012,75088.0,"52529,55765,61118,64543",3.0,2.0,3,1,N,1,0.5060118583418411,2016-04-26,5,MGR_035,Active,0
EMP_1855,43.0,M,single,Bachelor,Customer Service,Support Specialist,2015-08-20,,,3.0,4.0,Medium,18,No,3,8.693888504405999,2018-03-03,24,MGR_092,Terminated,1
EMP_0476,,Male,Married,Masters,Operations,Process Specialist,2018-07-21,,,6.0,4.0,2,19,No,1,1.237079547801623,2020-02-13,3,MGR_022,Active,0
EMP_0227,35.0,female,Single,Bachelor,Engineering,Senior Engineer,27-07-2015,,,2.0,3.0,High,3,No,1,1.4926837523120071,2021-01-10,19,MGR_051,Active,0
EMP_9811,48.0,Female,Divorced,High school,Engineering,Engineering Manager,"June 29, 2011",146513.0,"92098,101197,117945,128159",3.0,3.0,4,6,Yes,4,2.206267556153619,2016-12-13,69,MGR_066,Terminated,1
EMP_0793,37.0,MALE,Single,Master,sales,Account Manager,2017-01-01,64259.0,56719,2.0,3.0,3,22,0,0,2.7081137214056907,2021-05-06,0,MGR_051,Active,0
EMP_9858,26.0,M,Single,BS,Marketing,Marketing Analyst,2011-04-28,63138.0,59000,4.0,2.0,4,4,No,2,,2021-04-14,19,MGR_050,Active,0
EMP_0997,49.0,female,Married,High School,Engineering,Jr. Software Engineer,13-01-2013,66239.0,"47822,55592,62128",3.0,,3,2,No,4,1.5170371701863836,2022-02-22,27,MGR_034,Active,0
EMP_0056,42.0,Male,Married,Bachelor,R&D,Product Developer,08-12-2013,104004.0,"83228,88792",1.0,3.0,Very High,21,No,1,0.47652096876387645,2021-06-17,38,MGR_073,Terminated,1
EMP_0497,26.0,Male,Single,Bachelors,Customer Service,Customer Rep,2011-08-17,39887.0,"28167,32450,35024",5.0,2.0,2,50,No,4,,2018-10-14,42,MGR_074,Active,0
EMP_0457,34.0,Male,single,MS,Operations,Process Specialist,"January 18, 2021",71288.0,"60470,64951",2.0,3.0,2,9,No,3,1.394745009801969,2019-02-23,43,MGR_063,Resigned,1
EMP_0978,18.0,F,Single,Master,Marketting,Digital Marketer,10/30/2022,57059.0,"43752,50693",3.0,0.0,5,17,Yes,2,0.09486011159735623,2019-08-06,66,,Active,0
EMP_0376,28.0,M,single,Master,R&D,Product Developer,"February 14, 2020",89110.0,,4.0,1.0,5,20,No,2,4.155626431427367,2017-03-02,3,MGR_014,Active,0
EMP_0422,49.0,Male,married,Bachelors,Customer Service,Customer Rep,18-09-2014,,,2.0,4.0,3,2,No,2,6.19525206277244,2024-09-08,2,MGR_094,Laid Off,1
EMP_1009,43.0,F,single,High School,Sales,Account Manager,05/20/2018,98623.0,"63087,71159,78238,91713",1.0,3.0,Very Low,18,No,6,0.166590627692647,2022-09-15,34,MGR_046,Active,0
EMP_1400,29.0,M,single,Bachelor,Engineering,Software Engineer,29-10-2024,108936.0,95462,3.0,3.0,3,13,No,1,4.10896717566089,2022-10-12,34,MGR_101,Resigned,1
EMP_1873,32.0,Male,Married,PhD,Marketing,Marketing Analyst,2024-02-18,48968.0,,4.0,2.0,4,6,No,1,2.7033652442896243,2016-08-15,15,MGR_194,Active,0
EMP_1196,38.0,F,Married,High School,Marketing,Marketing Manager,10/15/2010,72998.0,,4.0,4.0,4,1,No,2,1.922765849909552,,70,MGR_162,Active,0
EMP_0568,26.0,M,D,MS,Operations,Ops Analyst,01/17/2015,57230.0,"38366,45096,49328",3.0,1.0,Low,3,No,5,-2.344897595692121,2019-12-12,32,MGR_010,Active,0
EMP_0763,55.0,Male,married,High School,Operations,Process Specialist,"May 27, 2010",58900.0,,2.0,3.0,5,1,No,2,8.780834719345851,2022-06-11,7,MGR_048,Active,0
EMP_1653,36.0,Male,single,MS,Engineering,DevOps Engineer,"December 13, 2023",80300.0,,4.0,4.0,3,1,No,2,0.4002582217554294,2016-10-30,22,MGR_179,Terminated,1
EMP_0472,18.0,male,S,Masters,Operations,Operations Analyst,05/15/2024,49387.0,"40256,45976",3.0,3.0,1,16,No,4,3.8268154679328297,2017-11-16,40,,Active,0
EMP_1327,27.0,M,married,High School,IT,System Admin,2021-10-24,65863.0,56470,4.0,3.0,4,12,TRUE,0,0.43337124365440527,2019-12-18,3,MGR_109,Active,0
EMP_0345,31.0,F,Single,High School,Engineering,Software Engineer,32-12-2021,89568.0,"74568,84407",2.0,3.0,2,,0,2,0.6310103578345633,2016-11-28,14,MGR_097,Active,0
EMP_1167,46.0,Male,Married,MS,Marketing,Marketing Analyst,2023-11-20,52390.0,"41075,47909",2.0,4.0,Very Low,21,1,4,0.6342848690833941,2018-07-22,0,MGR_130,Active,0
EMP_1815,32.0,Female,Single,Bachelor,Engineering,Jr. Software Engineer,20-07-2011,53459.0,"37480,40851,45001,47511",1.0,4.0,4,19,No,1,0.1656810745956259,2022-07-22,4,MGR_106,Terminated,1
EMP_1716,34.0,Female,married,Bachelor,Engineering,Software Engineer,"October 21, 2016",84402.0,"64518,69091,79304",3.0,4.0,4,16,No,1,1.6728385765061067,2018-04-18,21,MGR_193,Terminated,1
EMP_0884,43.0,Male,Married,BS,Sales,Sr. Sales Rep,06/14/2018,66355.0,60894,3.0,2.0,4,13,No,1,0.5490860823697471,2024-02-12,36,MGR_002,Active,0
EMP_0781,36.0,Male,Single,MS,Sales,Account Manager,23-11-2010,87057.0,,3.0,1.0,3,10,TRUE,3,1.0112105085881216,2021-06-25,3,MGR_100,Laid Off,1
EMP_0523,29.0,female,M,Bachelor,HR,Recruiter,2010-04-18,55538.0,"40447,45792,50407",4.0,5.0,2,18,No,-5,1.4093163591812774,2020-07-11,11,MGR_020,Active,0
EMP_1216,44.0,F,Single,Master,Sales,Account Manager,2017-07-15,65227.0,"42793,47718,52021,57658",3.0,4.0,4,8,Yes,3,1.0330926962033697,2018-07-25,36,MGR_093,Terminated,1
EMP_1639,,F,married,Bachelor,Engineering,Software Engineer,11/08/2022,100156.0,86005,2.0,3.0,3,10,1,3,1.2225770637336693,2016-12-24,37,MGR_186,Active,0
EMP_1929,43.0,F,Married,MS,Sales,Account Manager,16-01-2022,,,4.0,1.0,3,9,Yes,1,4.17818478655775,2023-01-07,2,,Resigned,1
EMP_0143,22.0,Male,S,High School,HR,HR Manager,2021-05-12,87288.0,77392,2.0,4.0,5,1,No,1,1.743903179642975,2022-05-01,31,MGR_196,Active,0
EMP_1507,40.0,male,Married,nan,Finance,Senior Analyst,2022-12-15,87744.0,"67288,71200,81929",2.0,3.0,5,15,Yes,1,0.1669836024896091,2023-08-10,31,MGR_090,Active,0
EMP_1899,,Female,Single,Bachelor,Engineering,Engineering Manager,"April 06, 2018",154263.0,"108617,121388,142157",4.0,3.0,4,2,No,0,1.7606571362214194,,6,MGR_091,Active,0
EMP_1611,32.0,Male,married,MS,Sales,Sales Manager,08/29/2011,92264.0,"78199,86560",4.0,3.0,3,1,Yes,5,0.7879316254661656,2020-08-12,23,MGR_109,Active,0
EMP_0438,23.0,male,single,Master,Operations,Operations Manager,2012-12-20,77169.0,"47933,56289,66196",2.0,2.0,2,2,No,2,3.989857551206297,2016-11-20,49,MGR_015,Active,0
EMP_1383,52.0,male,Divorced,Bachelor,Engineering,Jr. Software Engineer,"October 16, 2014",60666.0,,3.0,4.0,3,22,N,2,,2024-07-09,3,MGR_129,Active,0
EMP_0908,,M,Single,Masters,IT,Software Engineer,10/02/2016,96920.0,"76681,86476",3.0,3.0,4,7,No,4,0.3375295803110312,2016-02-14,31,MGR_181,Active,0
EMP_1748,39.0,F,Married,MA,Sales,Sales Rep,10-05-2016,52284.0,,5.0,4.0,2,2,No,1,,,44,MGR_018,Active,0
EMP_1150,28.0,female,Single,Bachelor,IT,IT Specialist,02/09/2020,64760.0,61480,5.0,3.0,2,3,Yes,2,2.4617273972207485,2018-03-15,42,MGR_165,Active,0
EMP_0378,36.0,M,married,PhD,Engineering,Engineering Manager,02/05/2019,149271.0,"122048,137633",4.0,3.0,5,6,No,1,1.0254090900890054,2015-07-13,35,,Active,0
EMP_0607,28.0,M,Married,BS,Human Resources,Recruiter,22-02-2014,46084.0,"29020,32151,36641,41732",3.0,4.0,3,12,Yes,2,1.45067156215896,2021-03-28,5,MGR_075,Active,0
EMP_1660,44.0,M,married,High School,Engineering,Engineering Manager,,172456.0,"140200,155072",3.0,4.0,1,21,No,2,2.3493385773968507,2017-09-23,16,,Active,0
EMP_0901,37.0,Male,single,MA,Sales,Account Manager,05/14/2010,70007.0,,3.0,4.0,3,2,Yes,1,2.3621099724436148,2016-10-31,5,MGR_091,Active,0
EMP_0899,44.0,M,Single,BA,R&D,Research Scientist,2010-07-28,86299.0,"72636,79761",5.0,3.0,2,14,1,0,0.31995412512385096,2024-02-04,102,MGR_134,Active,0
EMP_0932,50.0,F,M,PhD,Finance,Financial Analyst,"April 07, 2020",65591.0,"40588,45751,51434,59907",,2.0,4,29,FALSE,0,1.334777316953335,,13,MGR_021,Active,0
EMP_0149,39.0,Female,married,BS,Marketing,Marketing Manager,32-12-2021,60585.0,"45071,52048",4.0,2.0,3,12,No,2,0.9212037612685638,2018-06-04,48,MGR_151,Active,0
EMP_1075,42.0,male,Single,BS,Engineering,Jr. Software Engineer,12/24/2011,55571.0,50900,3.0,4.0,5,13,No,6,1.0491106178553433,2023-09-27,71,MGR_081,Active,0
EMP_0701,30.0,F,Single,Bachelor,Operations,Operations Analyst,"August 31, 2015",68487.0,61687,0.0,2.0,5,25,Yes,1,0.0708282964771319,2018-12-08,39,MGR_143,Active,0
EMP_1374,22.0,M,Married,Master,Sales,Sr. Sales Rep,03/19/2015,74418.0,"57262,66684",3.0,2.0,3,25,No,1,0.5821818391275365,2023-11-03,23,MGR_168,Resigned,1
EMP_1886,37.0,M,Married,High school,Engineering,Senior Engineer,11/14/2014,114436.0,"70523,78238,82952,97511",4.0,4.0,High,17,Yes,0,0.4721986764215184,2016-02-29,92,MGR_066,Resigned,1
EMP_1428,26.0,Male,single,Masters,Operations,Operations Analyst,2023-07-12,57705.0,51249,3.0,3.0,Medium,32,No,2,0.25321609089743335,2025-04-20,10,MGR_056,Resigned,1
EMP_0631,21.0,Male,single,High School,IT,System Admin,05-05-2010,62990.0,,,3.0,4,14,FALSE,1,0.13176730506574488,,4,MGR_158,Active,0
EMP_1295,35.0,F,Divorced,BS,Marketing,Marketing Analyst,"May 14, 2019",64436.0,56268,5.0,2.0,3,20,N,5,2.89319998638104,2019-08-25,8,MGR_011,Terminated,1
EMP_0266,25.0,male,Single,BS,Engineering,Senior Engineer,07-08-2012,123047.0,"108875,115889",4.0,5.0,3,20,Yes,5,2.1544756637891003,2016-03-30,34,MGR_183,Active,0
EMP_0132,35.0,male,Divorced,Bachelor,HR,HR Generalist,"October 28, 2012",,,5.0,,4,4,No,4,3.252521796202569,2015-10-01,12,MGR_011,Active,0
EMP_1018,31.0,F,Single,Master,Engineering,Engineering Manager,"March 10, 2018",170213.0,152526,3.0,2.0,4,15,No,0,7.545643421808861,2017-11-07,1,MGR_168,Active,0
EMP_0608,25.0,MALE,Single,BA,Marketing,Marketing Specialist,13-05-2019,,,4.0,4.0,1,,No,2,0.35945072577113707,2018-06-20,21,MGR_169,Active,0
EMP_0444,34.0,M,married,High School,Customer Service,Support Specialist,01-11-2022,52072.0,,2.0,3.0,3,1,No,3,3.2738389634784797,2024-11-22,104,,Active,0
EMP_1595,18.0,M,married,Bachelors,HR,HR Generalist,2011-12-19,48767.0,"29717,34596,39102,42566",6.0,4.0,4,23,No,1,0.19048667484543647,2017-02-09,16,MGR_121,Active,0
EMP_1533,37.0,male,M,High School,Marketing,Digital Marketer,"March 26, 2017",64055.0,"51784,57315",2.0,0.0,1,12,No,2,0.8318316323304474,2017-02-04,32,MGR_176,Active,0
EMP_0543,39.0,Female,married,Bachelors,Engineering,Engineering Manager,"September 18, 2014",125338.0,"107218,114865",3.0,4.0,4,8,No,5,3.2289227805148846,2019-02-24,29,MGR_062,Active,0
EMP_0429,43.0,Male,M,Master,Operations,Ops Analyst,08/21/2013,56060.0,"49923,52710",3.0,4.0,2,14,No,0,0.9139179615288479,2019-10-12,2,MGR_091,Active,0
EMP_1608,47.0,F,Married,Bachelor,Sales,Sales Rep,12/06/2021,43086.0,"30122,34184,37206,39410",3.0,3.0,3,2,Y,5,3.5287713204257662,2018-10-23,28,,Active,0
EMP_1091,34.0,Male,married,Bachelor,Marketing,Marketing Analyst,2020-12-10,58558.0,53304,3.0,2.0,Medium,11,1,0,1.4215658749500384,2024-12-12,29,MGR_129,Active,0
EMP_0467,39.0,F,married,Masters,HR,HR Generalist,2018-10-11,55951.0,,4.0,3.0,2,1,No,0,1.0887306898656077,2025-01-08,6,MGR_141,Active,0
EMP_1870,31.0,Female,married,High School,HR,Recruiter,2024-11-22,,,1.0,1.0,4,1,No,1,1.8942372502048106,2022-02-22,6,MGR_010,Active,0
EMP_1920,31.0,female,married,Bachelor,sales,Sales Rep,12/12/2014,50552.0,46213,2.0,2.0,4,9,No,2,0.8027346689569329,2022-04-14,17,,Laid Off,1
EMP_0033,34.0,Female,Single,High School,Engineering,Jr. Software Engineer,2020-03-17,75813.0,,1.0,2.0,High,4,Yes,0,3.704855308983341,2021-01-12,14,MGR_178,Active,0
EMP_1536,22.0,F,Single,Bachelors,Engineering,Engineering Manager,"July 19, 2013",118564.0,,4.0,3.0,4,3,Yes,2,1.285454808076909,2022-08-09,19,,Resigned,1
EMP_1028,35.0,F,married,Master,Customer Service,Support Specialist,24-04-2018,39032.0,"25724,29954,33266",3.0,0.0,3,9,No,2,3.6639657368290655,2022-06-21,70,MGR_063,Active,0
EMP_1417,35.0,F,Married,Master,Operations,Operations Analyst,2020-08-03,76352.0,71533,4.0,2.0,3,30,Yes,3,1.5246926125057534,2024-01-08,7,MGR_107,Active,0
EMP_0973,41.0,male,Married,Masters,Customer Service,Customer Rep,09/20/2010,41505.0,38850,3.0,2.0,3,2,Yes,3,1.027541045548443,2025-01-03,16,MGR_189,Active,0
EMP_1664,30.0,Male,Single,Masters,Sales,Account Manager,23-08-2010,78486.0,"62081,66967",2.0,4.0,3,14,Y,2,1.2164251422209438,2023-12-10,20,MGR_015,Active,0
EMP_0947,22.0,M,single,BA,Human Resources,HR Manager,"December 03, 2021",90123.0,"58380,62827,70717,81802",2.0,4.0,2,13,No,0,0.7044620744889155,2021-04-07,10,,Terminated,1
EMP_1369,31.0,Male,D,Masters,IT,Software Engineer,"July 16, 2019",87463.0,"56756,63706,68861,79884",4.0,4.0,2,6,No,4,0.3013650686752932,,10,MGR_070,Terminated,1
EMP_0603,41.0,Female,single,Bachelor,Operations,Operations Analyst,2010-06-04,58471.0,"41473,45991,52232",3.0,,3,9,No,2,0.6205939322499632,2019-11-24,10,MGR_124,Active,0
EMP_1148,23.0,Male,married,Bachelors,Engineering,Senior Engineer,05-12-2017,118041.0,"103964,110479",2.0,4.0,High,1,N,3,7.215355839210322,2024-05-02,6,MGR_028,Active,0
EMP_0082,37.0,Female,married,Bachelors,Marketing,Marketing Specialist,04-06-2011,,,3.0,4.0,3,50,1,4,1.6195178661293246,2017-06-20,22,MGR_038,Resigned,1
EMP_0211,39.0,M,Married,Masters,Sales,Sales Rep,02-01-2017,49580.0,"37232,42628",4.0,4.0,3,1,Yes,3,0.04729441311851229,2018-08-16,1,MGR_057,Active,0
EMP_1114,38.0,male,Single,MA,HR,Recruiter,2020/15/30,49057.0,"38042,41696,46339",2.0,3.0,High,1,Yes,3,2.090433599184339,2020-07-01,35,,Active,0
EMP_1814,42.0,Female,Single,Bachelor,IT,System Admin,02-12-2021,63873.0,60290,3.0,4.0,2,7,No,1,2.0112166172540107,2015-09-17,45,MGR_021,Active,0
EMP_0810,27.0,female,S,MS,Engineering,DevOps Engineer,2016-08-31,103766.0,"66236,77924,83721,95506",3.0,3.0,3,46,N,3,3.4183511810024525,2018-11-06,12,MGR_076,Resigned,1
EMP_1273,26.0,Female,Divorced,Masters,Engineering,DevOps Engineer,08/05/2018,350000.0,"288014,324930",3.0,2.0,3,8,No,3,0.16603482369774364,2025-05-23,9,MGR_062,Active,0
EMP_1903,,M,M,Bachelors,Finance,Accountant,2022-05-26,65419.0,"42188,48384,53165,61687",4.0,5.0,4,2,Yes,1,2.9663824304423314,2023-07-25,42,MGR_105,Active,0
EMP_1421,39.0,male,Single,Bachelors,Customer Service,CS Manager,08/01/2019,53106.0,50029,,2.0,Very High,1,No,2,0.8710050515099416,,6,MGR_126,Active,0
EMP_1703,40.0,Female,M,Bachelor,Marketing,Marketing Specialist,2016-12-03,45987.0,43065,3.0,1.0,2,3,N,1,0.09282349398146521,2020-02-29,14,MGR_117,Active,0
EMP_0611,40.0,Male,Married,Master,Marketing,Digital Marketer,"November 07, 2021",64797.0,,4.0,4.0,1,16,No,2,3.15709248221797,2021-01-13,3,MGR_048,Active,0
EMP_1685,25.0,M,M,Masters,Sales,Account Manager,2017-11-11,67302.0,"46324,54364,57253",4.0,,3,9,No,2,1.985065398073934,2019-09-24,5,MGR_020,Active,0
EMP_0389,42.0,female,Divorced,Bachelors,Operations,Ops Analyst,"June 30, 2013",51722.0,48657,3.0,3.0,Medium,6,Y,5,0.14219267449926157,2023-07-23,2,MGR_096,Active,0
EMP_0372,38.0,Male,Divorced,PhD,Human Resources,HR Manager,06/20/2019,72760.0,65809,4.0,5.0,3,33,No,5,0.17815299016681338,2018-05-18,27,MGR_177,Resigned,1
EMP_0018,37.0,Male,married,Masters,Sales,Sr. Sales Rep,2011-09-29,59610.0,"37837,44273,48089,55805",2.0,2.0,High,49,No,3,0.2843117690179376,2024-07-21,38,MGR_197,Active,0
EMP_0449,30.0,Male,Divorced,Bachelor,Finance,Senior Analyst,30-05-2024,89448.0,"59965,67102,74373,82968",3.0,3.0,2,26,N,3,2.696687456992082,,2,MGR_142,Active,0
EMP_0677,26.0,Female,M,High School,HR,HR Generalist,2019-12-04,54374.0,"44605,50652",3.0,4.0,Low,19,No,0,10.284021092926224,,10,MGR_036,Active,0
EMP_1942,,male,Divorced,MA,Sales,Sr. Sales Rep,,64012.0,"55863,60302",3.0,3.0,4,21,Yes,3,3.2553920440855526,2016-07-27,2,MGR_141,Active,0
EMP_1109,30.0,M,S,Bachelor,Operations,Process Specialist,32-12-2021,62068.0,"46143,53628",3.0,4.0,3,18,Yes,0,4.777052128997762,2024-09-03,23,,Active,0
EMP_0172,28.0,M,Single,Bachelors,Operations,Process Specialist,2014-06-13,58428.0,51106,4.0,3.0,4,50,Yes,1,0.33625039733291995,,8,MGR_053,Active,0
EMP_0709,18.0,M,Married,Bachelor,HR,Recruiter,17-07-2016,55885.0,"38271,43311,47885",4.0,2.0,3,36,No,1,6.147535162142192,2023-06-08,29,MGR_029,Active,0
EMP_0321,35.0,MALE,Married,Master,Sales,Account Manager,"October 29, 2018",42239.0,"25715,28116,32575,36445",2.0,2.0,4,4,No,3,,2023-10-02,12,MGR_118,Active,0
EMP_1125,48.0,Female,Single,High School,Engineering,Jr. Software Engineer,10/06/2017,53868.0,,3.0,1.0,3,50,No,1,1.2285610001697733,,17,MGR_097,Active,0
EMP_0279,35.0,Female,Married,PhD,Customer Support,Support Specialist,"May 04, 2021",46933.0,"28632,31539,35242,41240",1.0,1.0,2,4,No,1,5.777834917901952,2024-07-10,35,MGR_110,Active,0
EMP_1029,39.0,Male,Single,MA,Sales,Account Manager,17-01-2015,53270.0,,4.0,3.0,3,3,N,5,0.9668130657762445,2019-11-22,18,,Active,0
EMP_0191,31.0,M,single,Bachelors,Engineering,Engineering Manager,12/19/2021,121499.0,,5.0,4.0,3,1,Yes,2,1.781109232713582,2024-02-23,1,MGR_022,Resigned,1
EMP_9035,46.0,female,Divorced,Master,Engineering,DevOps Engineer,2016-03-01,85762.0,"59045,69184,80986",4.0,2.0,4,8,No,1,0.038272535725996364,2024-07-30,13,MGR_144,Resigned,1
EMP_0800,35.0,Male,Single,High School,Operations,Operations Manager,06-06-2015,83710.0,"52294,58482,62802,71920",3.0,2.0,3,28,No,3,,,15,MGR_085,Resigned,1
EMP_0450,26.0,Male,Married,MS,sales,Sales Rep,18-12-2013,46548.0,"27240,31551,36110,41324",4.0,4.0,3,8,No,1,2.074713955643957,2017-11-19,21,,Active,0
EMP_0240,,Male,married,Master,Customer Support,CS Manager,04/21/2014,76949.0,,3.0,3.0,2,5,No,1,0.31436182092750536,2020-06-23,6,MGR_149,Active,0
EMP_0420,35.0,F,Married,High School,Sales,Account Manager,2015-09-10,56810.0,"40257,45665,48606,52970",3.0,2.0,2,8,No,5,4.090967824551529,2018-04-02,5,MGR_015,Laid Off,1
EMP_0474,,Female,Divorced,High School,Engineering,Jr. Software Engineer,2015-08-27,84512.0,"62809,70502,78556",4.0,4.0,2,8,No,1,0.7459705401629196,,4,MGR_079,Active,0
EMP_1949,44.0,Male,S,High School,Engineering,DevOps Engineer,2015-09-22,92500.0,"65383,71732,79076",2.0,2.0,3,6,N,1,,2015-11-17,18,MGR_167,Active,0
EMP_0214,40.0,male,single,Bachelor,Engineering,Senior Engineer,"May 14, 2019",116802.0,"93235,107040",3.0,4.0,2,15,0,3,3.2848832104064756,2021-04-23,16,MGR_018,Active,0
EMP_1809,22.0,Female,single,Bachelors,sales,Sales Rep,01-09-2023,39807.0,"30014,33203,36986",4.0,2.0,3,11,Yes,4,1.7314633040207117,2017-06-23,8,MGR_084,Active,0
EMP_0849,29.0,female,married,MS,Human Resources,Recruiter,08/19/2016,64852.0,"49563,52913,60640",3.0,4.0,3,10,No,1,0.13173402258381814,2016-10-28,17,MGR_038,Terminated,1
EMP_0331,34.0,female,Divorced,BA,Sales,Sales Representative,"September 27, 2018",54953.0,,2.0,2.0,3,8,Yes,4,4.398828625568718,2021-08-13,9,MGR_160,Terminated,1
EMP_0250,38.0,Male,Single,MS,Engineering,Senior Engineer,"June 10, 2024",141448.0,"98720,106995,123681",1.0,5.0,2,10,Yes,2,2.2014486658522827,2017-12-20,15,MGR_136,Active,0
EMP_0885,40.0,F,married,BA,sales,Account Manager,02/28/2013,62088.0,,2.0,3.0,Medium,27,Yes,1,2.281670440600692,2023-02-09,76,MGR_066,Active,0
EMP_0355,34.0,F,Single,Masters,Sales,Sales Rep,15-09-2010,43499.0,40370,3.0,3.0,3,10,N,0,5.750149221246563,2022-08-25,2,MGR_126,Active,0
EMP_1529,31.0,male,Married,Master,HR,HR Generalist,20-09-2012,50916.0,"34728,40805,45777",4.0,4.0,Medium,41,Yes,6,0.5100916766148845,2023-01-09,10,,Active,0
EMP_1508,42.0,Female,Single,nan,Sales,Sales Rep,13-02-2019,47321.0,"30504,33604,36248,40309",5.0,2.0,5,20,No,1,2.9537653013036143,2018-10-10,13,MGR_047,Active,0
EMP_0484,36.0,F,S,High School,Enginnering,Senior Engineer,2017-02-13,146395.0,,3.0,5.0,3,5,Yes,2,1.947642442997292,2022-04-02,7,MGR_135,Resigned,1
EMP_0042,36.0,Female,Divorced,Bachelor,HR,HR Manager,2020-08-18,55712.0,"38576,41635,45994,50034",3.0,5.0,3,38,Yes,2,1.0849436347012482,2020-10-04,40,MGR_091,Active,0
EMP_1120,43.0,Male,Single,Bachelors,Sales,Sales Manager,22-09-2013,61368.0,58058,4.0,4.0,2,2,No,3,2.184183414651652,2024-12-21,32,MGR_128,Active,0
EMP_0996,32.0,female,married,Bachelors,HR,Recruiter,"June 15, 2011",63197.0,"50476,55634",5.0,2.0,Medium,3,Yes,2,,2019-09-21,12,MGR_004,Active,0
EMP_0403,35.0,female,married,Masters,Customer Support,Support Specialist,02-09-2010,34120.0,"25999,27728,29638",3.0,3.0,High,8,TRUE,0,4.345438005250335,2018-11-01,8,,Active,0
EMP_0534,25.0,M,Married,MS,sales,Sales Manager,05/11/2013,106301.0,,4.0,5.0,nan,21,No,5,0.09326134583380108,,6,MGR_194,Active,0
EMP_0597,32.0,Male,Married,Masters,Sales,Sales Representative,2017-05-17,52992.0,"37377,43438,48812",1.0,4.0,3,13,1,1,0.8197238623953789,2018-11-16,38,MGR_176,Active,0
EMP_1177,21.0,F,Single,High School,Operations,Operations Analyst,30-04-2024,58741.0,"38276,43189,50637",2.0,3.0,1,7,Yes,2,0.9758410588443365,2016-11-17,3,MGR_022,Active,0
EMP_0092,42.0,Male,D,BS,Engineering,DevOps Engineer,"October 18, 2012",105080.0,"70009,76313,83908,90887",4.0,3.0,3,1,No,1,1.2760114017155622,2021-08-22,37,MGR_118,Active,0
EMP_1013,51.0,MALE,Divorced,Bachelor,Customer Service,Support Specialist,2011-07-01,51379.0,"41986,46778",3.0,2.0,1,,No,2,0.8012875134034515,2018-05-07,9,MGR_159,Resigned,1
EMP_0409,35.0,male,M,Bachelors,Sales,Sales Representative,08/08/2024,56760.0,"41821,44933,49692",4.0,1.0,Medium,23,Yes,2,4.064389027057637,2022-09-11,3,,Active,0
EMP_1118,34.0,M,Married,Master,Sales,Account Manager,26-05-2010,69197.0,59705,4.0,0.0,3,31,No,0,0.8404214341738446,2023-11-12,5,MGR_027,Active,0
EMP_1707,40.0,Male,Divorced,MA,Customer Support,CS Manager,21-02-2011,69591.0,"51201,55165,61996",3.0,1.0,3,39,No,2,12.774524838300072,,31,,Terminated,1
EMP_1156,43.0,F,Divorced,Bachelors,Marketing,Digital Marketer,2024-03-25,37884.0,,4.0,1.0,Low,1,No,2,1.4201303784587642,2022-12-14,9,MGR_076,Active,0
EMP_1181,36.0,F,married,Bachelors,sales,Sales Manager,23-05-2010,97717.0,"62706,70377,80676,91694",3.0,3.0,3,11,N,4,0.02445460046061635,2017-03-28,19,,Active,0
EMP_0005,33.0,Male,married,Master,Engineering,Jr. Software Engineer,25-03-2011,64025.0,,4.0,2.0,3,8,No,1,3.8199639607183493,2025-05-09,23,MGR_118,Active,0
EMP_0557,31.0,Female,D,High School,Engineering,Software Engineer,20-06-2015,95810.0,"67923,78653,89356",3.0,4.0,3,1,No,1,0.39958524213355323,,13,,Resigned,1
EMP_1325,35.0,male,Divorced,nan,Customer Service,Support Specialist,2012-01-12,38542.0,"29847,35070",2.0,3.0,Medium,1,Yes,4,3.159614054017756,2023-12-15,10,MGR_143,Terminated,1
EMP_0972,29.0,M,Single,nan,Marketing,Marketing Analyst,02-04-2023,85271.0,"68436,78810",4.0,5.0,4,5,No,2,1.1805652127944954,2020-08-27,3,MGR_084,Active,0
EMP_1524,27.0,M,Married,Masters,Sales,Sales Representative,08/24/2022,67541.0,,4.0,3.0,3,1,FALSE,1,0.14947075313535768,2025-05-09,15,MGR_160,Active,0
EMP_0154,36.0,M,married,Bachelor,Marketting,Marketing Specialist,12/04/2017,49762.0,"42815,46030",3.0,3.0,3,1,No,5,0.18714214042986768,2021-01-21,10,MGR_104,Active,0
EMP_0722,21.0,male,Married,Bachelors,Sales,Sales Rep,22-04-2023,53077.0,,3.0,5.0,1,33,Yes,2,,2017-04-02,31,MGR_156,Active,0
EMP_0034,,F,married,PhD,HR,HR Generalist,2021-12-22,48179.0,"29130,31249,35607,41021",3.0,3.0,4,10,No,2,0.4004347452889624,2021-07-10,39,MGR_186,Terminated,1
EMP_1628,45.0,F,single,Bachelor,Sales,Sr. Sales Rep,12/29/2010,20000.0,"12134,13619,14759,17010",2.0,3.0,3,47,No,2,3.8390305172357255,2016-08-05,84,MGR_185,Active,0
EMP_0228,26.0,Female,married,Masters,HR,Recruiter,"July 31, 2013",65855.0,"57362,61008",2.0,2.0,3,22,Yes,1,0.7867522957381244,,29,MGR_128,Active,0
EMP_1654,32.0,female,Married,High School,Engineering,Jr. Software Engineer,"March 18, 2019",71710.0,"55398,64151",5.0,3.0,4,29,Yes,1,0.1430903242904369,,11,MGR_181,Active,0
EMP_1342,35.0,Female,married,Bachelor,HR,HR Manager,24-02-2018,75853.0,"50045,57632,65601,69990",3.0,2.0,1,8,No,1,4.7123551172061156,2019-08-30,36,MGR_004,Active,0
EMP_0859,30.0,Female,Married,MS,Marketing,Marketing Manager,2024-05-05,95357.0,"65917,74000,84849",1.0,,Very High,36,FALSE,4,4.924149844562348,2016-03-05,6,MGR_168,Active,0
EMP_1476,40.0,F,Married,Master,Engineering,Senior Engineer,"June 27, 2011",105273.0,"82100,90001",4.0,4.0,2,3,No,3,0.514349365068192,2017-05-10,16,MGR_106,Active,0
EMP_1993,44.0,male,Single,MA,sales,Account Manager,2021-05-13,83378.0,73605,3.0,4.0,4,3,Y,2,2.4581928922871015,,16,MGR_041,Active,0
EMP_0007,47.0,Male,Married,MS,Sales,Sales Representative,22-10-2010,500000.0,"406807,443621",4.0,4.0,Medium,13,No,4,0.6034939727652063,2023-06-27,10,MGR_131,Active,0
EMP_0387,37.0,Female,married,Bachelor,Marketing,Digital Marketer,"February 14, 2016",59940.0,56100,4.0,2.0,5,35,No,2,0.019333522021238822,2017-03-10,2,MGR_117,Active,0
EMP_0108,36.0,F,Single,Bachelor,Engineering ,Senior Engineer,2018-04-01,107097.0,,4.0,4.0,4,7,Yes,2,0.29485365425527954,2021-05-04,11,,Active,0
EMP_1445,38.0,Male,single,Masters,R&D,R&D Manager,22-07-2019,128499.0,109545,3.0,3.0,4,20,No,2,1.0097363791910128,2016-02-29,13,MGR_138,Active,0
EMP_1960,36.0,male,Single,Masters,Engineering,Software Engineer,06/06/2014,93166.0,"74087,86200",3.0,,High,29,Yes,3,0.8748929580178825,2022-07-05,5,MGR_047,Active,0
EMP_1927,18.0,M,Divorced,Master,Engineering ,Software Engineer,2020-07-18,115481.0,,3.0,3.0,High,37,No,1,0.09715297536321299,2024-02-26,9,,Active,0
EMP_0439,21.0,Female,Married,Bachelor,Customer Support,Customer Rep,24-02-2016,30082.0,"25919,28019",3.0,3.0,3,1,No,1,0.24243851647074063,2019-10-03,13,MGR_061,Active,0
EMP_1817,18.0,Male,Single,Bachelors,Operations,Operations Manager,"November 28, 2017",,,1.0,5.0,3,11,Yes,5,0.6135050409266708,2025-01-29,27,MGR_164,Active,0
EMP_1526,43.0,M,Married,Bachelor,Finance,Senior Analyst,05-11-2019,72648.0,"58494,67322",1.0,4.0,4,20,FALSE,0,1.462706368320354,2024-12-07,68,MGR_056,Active,0
EMP_1046,42.0,Female,Married,Bachelors,Finance,Accountant,2020-10-07,59303.0,,3.0,4.0,1,4,No,1,0.11989525447782637,2020-11-06,83,MGR_004,Active,0
EMP_0414,45.0,female,Married,Master,Marketing,Marketing Manager,30-03-2017,90015.0,,4.0,2.0,3,1,No,3,2.0918923865562027,2020-05-18,19,MGR_006,Active,0
EMP_0673,32.0,male,married,Masters,R&D,Research Scientist,"April 18, 2016",90094.0,,4.0,3.0,2,12,No,2,1.2788310228878,2019-06-09,25,MGR_107,Active,0
EMP_0613,37.0,Female,Single,Master,Customer Service,Support Specialist,"November 17, 2021",47274.0,40840,2.0,1.0,3,12,No,3,6.319299646515533,2017-03-12,7,MGR_065,Active,0
EMP_0807,36.0,Female,Single,Bachelor,Marketing,Digital Marketer,2020/15/30,62030.0,54890,3.0,4.0,5,25,Yes,0,0.5875045843972743,2019-03-15,14,MGR_059,Resigned,1
EMP_0416,29.0,MALE,single,BA,Engineering,DevOps Engineer,05/06/2019,89985.0,76793,3.0,,3,19,No,2,2.6699538722302787,2019-10-08,2,,Terminated,1
EMP_0971,36.0,Male,Married,BA,Engineering ,Software Engineer,14-10-2012,93765.0,"65678,73135,80251",4.0,4.0,3,14,No,1,0.7110284781115377,2022-11-18,10,MGR_197,Active,0
EMP_0304,39.0,F,Married,Master,Sales,Sales Representative,04/14/2015,56199.0,"44025,46444,49125,53240",4.0,5.0,3,35,No,3,4.344942565474082,2023-05-17,10,MGR_100,Resigned,1
EMP_0296,29.0,Female,married,Master,Finance,Senior Analyst,21-09-2013,74251.0,"57749,65444",2.0,5.0,2,10,No,1,0.6183156186790798,2023-06-26,34,,Active,0
EMP_0398,45.0,MALE,M,Bachelors,Human Resources,Recruiter,2020/15/30,70576.0,"45970,49403,55016,60492",1.0,3.0,3,8,No,1,1.0579041349870713,2019-12-24,30,MGR_187,Active,0
EMP_0424,42.0,male,single,High School,Engineering,Engineering Manager,2024-11-03,147764.0,"126327,138039",3.0,3.0,5,1,No,2,1.4218992276091875,2018-04-17,17,,Resigned,1
EMP_1356,18.0,female,married,Bachelor,Operations,Process Specialist,18-11-2012,64371.0,"44947,51581,55289",5.0,5.0,2,6,No,2,0.8865976552257404,2024-12-11,12,MGR_192,Resigned,1
EMP_0433,32.0,Female,married,Bachelor,Operations,Operations Manager,"June 07, 2011",103948.0,"78995,91455",4.0,,4,11,No,2,0.7219191713300622,,23,MGR_191,Active,0
EMP_1682,34.0,male,Divorced,Master,Engineering ,Software Engineer,09/26/2020,106323.0,"73775,82697,96882",5.0,3.0,3,3,No,3,0.14200823291231374,2018-09-20,26,MGR_142,Active,0
EMP_0679,42.0,Male,Single,Bachelors,Sales,Sales Manager,"February 18, 2020",80528.0,"68913,75390",4.0,3.0,2,8,Yes,2,1.682050693947069,2019-02-20,55,MGR_150,Resigned,1
EMP_1397,24.0,F,married,High school,Engineering,Engineering Manager,"June 23, 2016",131037.0,"107427,114150",3.0,3.0,4,6,No,0,2.6197979942598866,2019-11-11,32,MGR_087,Resigned,1
EMP_1989,29.0,MALE,Married,Bachelors,Sales,Sales Manager,2020-11-03,,,2.0,3.0,nan,18,No,3,,2019-09-27,9,MGR_084,Active,0
EMP_0242,34.0,male,married,High School,Marketting,Digital Marketer,"March 17, 2012",61337.0,"50103,54705",4.0,5.0,3,38,No,4,4.258013855474652,2025-01-05,27,MGR_032,Active,0
EMP_0469,30.0,Female,Divorced,BA,Engineering ,Senior Engineer,05/29/2024,125094.0,"87760,96323,109505,116049",4.0,2.0,3,11,No,3,5.383359096883697,2023-01-03,10,MGR_163,Active,0
EMP_0193,36.0,female,Married,PhD,Finance,Accountant,10/25/2023,48213.0,,3.0,5.0,3,29,No,1,1.340885949234766,2024-11-10,7,MGR_185,Active,0
EMP_0144,36.0,M,single,Bachelors,Finance,Finance Manager,12/09/2021,105452.0,"65766,76210,83052,89715",3.0,3.0,4,3,Yes,2,1.9186004997510053,2022-07-31,65,MGR_171,Active,0
EMP_1632,28.0,M,married,Masters,Sales,Sr. Sales Rep,03-02-2022,54691.0,46724,3.0,5.0,4,1,Yes,2,0.6700335449594159,2016-05-18,13,MGR_193,Active,0
EMP_1094,,F,Married,Bachelor,Human Resources,HR Manager,2020-08-15,87026.0,,5.0,5.0,3,7,No,4,1.3359361968751076,2024-09-18,9,MGR_177,Active,0
EMP_0632,47.0,male,Married,Masters,IT,Software Engineer,25-06-2012,,,3.0,4.0,Very Low,10,No,2,1.1570967466456172,2018-08-14,22,MGR_153,Active,0
EMP_0367,36.0,Male,M,BS,Marketing,Marketing Analyst,30-11-2019,56173.0,52915,4.0,4.0,2,2,No,0,0.4563147441562423,2021-04-04,5,MGR_092,Active,0
EMP_1907,22.0,Male,married,Masters,IT,System Admin,18-07-2021,63707.0,"47111,49647,58184",5.0,5.0,Low,5,Yes,3,1.0426648409348065,2017-07-30,13,MGR_133,Active,0
EMP_1740,48.0,Female,Married,Bachelor,Finance,Finance Manager,2024-02-13,99708.0,93753,4.0,4.0,3,4,No,0,0.08320184065409195,2025-05-02,1,MGR_048,Active,0
EMP_1610,32.0,Female,Single,High School,Customer Service,Customer Rep,"April 26, 2021",47033.0,"36068,39916,42324",3.0,2.0,3,40,No,3,6.974888621664627,2024-04-15,14,MGR_152,Active,0
EMP_0768,49.0,Male,Divorced,Master,Engineering,Jr. Software Engineer,31-05-2017,88260.0,76926,3.0,2.0,2,50,No,3,,2016-05-09,30,MGR_030,Active,0
EMP_1322,39.0,Female,single,Bachelor,Operations,Operations Manager,08-09-2019,64272.0,,5.0,2.0,4,21,N,2,0.6336137589742505,,25,MGR_138,Active,0
EMP_0202,39.0,Male,married,Master,Operations,Operations Manager,2021-10-22,80323.0,"50524,54532,59856,68779",3.0,3.0,Medium,2,No,0,1.2806830854550835,2019-02-15,10,,Active,0
EMP_1252,41.0,F,married,Bachelor,Engineering ,Senior Engineer,"October 21, 2024",121943.0,"96282,110257",3.0,5.0,4,15,No,3,1.9109027325530414,2019-03-10,20,MGR_084,Terminated,1
EMP_1796,28.0,Male,Single,Bachelors,Engineering,Engineering Manager,2014-07-25,134950.0,"86320,98220,113653,126786",2.0,2.0,3,25,No,3,2.8978390655292303,,5,MGR_057,Active,0
EMP_1343,38.0,Female,single,Masters,Sales,Account Manager,"April 29, 2015",61149.0,57210,4.0,4.0,2,1,No,1,0.4064737536217828,2017-03-27,11,MGR_029,Active,0
EMP_1822,35.0,Male,Married,PhD,Marketing,Marketing Specialist,04-10-2011,64533.0,"39821,44331,51006,55848",3.0,3.0,3,9,Yes,7,1.0610642761534232,2016-08-21,14,MGR_182,Active,0
EMP_9695,52.0,M,Single,Masters,HR,HR Specialist,07/01/2017,45090.0,39422,4.0,2.0,4,12,Yes,0,1.1515201711199525,2021-01-04,60,,Active,0
EMP_1995,37.0,Female,Single,High School,Engineering,DevOps Engineer,"January 08, 2014",89061.0,76279,4.0,4.0,5,12,No,2,3.180615486554121,,14,MGR_181,Active,0
EMP_1364,27.0,female,single,High school,Engineering,DevOps Engineer,"September 29, 2016",112544.0,"91917,96804,105458",1.0,2.0,4,2,0,2,0.1517875244509036,2020-12-20,28,MGR_028,Active,0
EMP_1856,29.0,MALE,single,Master,Engineering,Software Engineer,2016-07-08,91902.0,82030,3.0,3.0,4,1,No,0,4.058210216582471,2020-10-16,0,MGR_011,Terminated,1
EMP_0760,40.0,female,Married,MS,Finance,Finance Manager,07/26/2011,87931.0,"71459,83065",2.0,2.0,1,19,Yes,1,1.6751965192740115,2020-08-04,7,MGR_186,Active,0
EMP_0508,28.0,Male,Married,Bachelors,HR,HR Generalist,06/27/2013,54248.0,"42573,46887",4.0,1.0,3,30,No,1,3.8380151207080617,2016-03-24,6,MGR_009,Active,0
EMP_0028,38.0,M,single,High School,IT,IT Specialist,2023-05-12,63549.0,"50799,56572,59660",3.0,4.0,4,18,TRUE,1,0.9772182744980298,2024-02-15,47,MGR_106,Active,0
EMP_0986,25.0,Male,D,Bachelor,Customer Support,Support Specialist,,43758.0,,3.0,5.0,3,5,No,3,3.9688981898244995,,0,MGR_196,Resigned,1
EMP_0393,24.0,Female,single,High School,Sales,Sales Rep,2019-06-10,43412.0,37361,5.0,3.0,4,7,No,2,0.0006417571238414581,2023-07-19,51,MGR_039,Active,0
EMP_1088,,Male,married,MS,Finance,Financial Analyst,06/22/2018,81437.0,"63011,71589",3.0,2.0,4,32,No,5,0.38404731366916467,2024-07-03,25,MGR_180,Active,0
EMP_1624,29.0,Female,Divorced,Bachelor,Engineering,Software Engineer,"February 26, 2019",108206.0,"72702,85161,96730,102193",3.0,2.0,3,10,No,0,2.5078558369324626,2024-11-18,47,MGR_168,Active,0
EMP_0063,26.0,M,Single,Bachelors,Operations,Operations Analyst,2022-07-11,500000.0,471424,3.0,1.0,4,7,No,3,0.09925557229593321,2021-11-15,28,MGR_127,Laid Off,1
EMP_1736,22.0,Female,Divorced,High School,Marketing,Marketing Analyst,"September 20, 2010",67649.0,"46609,52702,57843",2.0,4.0,3,50,No,0,1.2568990422790218,2017-02-28,54,MGR_041,Active,0
EMP_1973,40.0,Male,single,Bachelors,Enginnering,Senior Engineer,"February 26, 2017",110759.0,96847,5.0,4.0,2,50,No,1,1.7322919266527317,2019-10-09,14,MGR_020,Active,0
EMP_0767,34.0,female,single,High School,Engineering,Engineering Manager,"January 09, 2018",137568.0,"79193,92939,108390,125025",3.0,1.0,Medium,39,No,3,0.4260258423930247,2015-09-25,11,MGR_096,Active,0
EMP_0976,19.0,Male,Single,Masters,Marketing,Marketing Specialist,05/12/2019,57116.0,54042,4.0,4.0,4,3,No,2,1.2937564143879976,2016-01-18,15,MGR_124,Active,0
EMP_0455,30.0,Female,single,Bachelors,Sales,Account Manager,"June 17, 2013",61582.0,55811,5.0,2.0,High,,No,0,0.663565197682208,2016-12-23,22,MGR_005,Terminated,1
EMP_1516,34.0,Male,M,Master,Finance,Accountant,"June 22, 2016",46721.0,44307,3.0,2.0,nan,,No,2,0.7283171930426255,2023-09-26,3,MGR_014,Active,0
EMP_1285,28.0,M,single,Master,Operations,Ops Analyst,"October 05, 2018",71801.0,"52798,57373,63367,67043",3.0,3.0,5,24,nan,0,4.467242209781951,2022-11-26,36,MGR_019,Active,0
EMP_1821,33.0,M,D,Bachelor,Sales,Sales Representative,11/27/2022,62798.0,,4.0,2.0,1,14,No,2,1.910815324666916,2019-11-19,52,MGR_044,Active,0
EMP_0854,44.0,Male,married,Masters,Finance,Financial Analyst,2018-10-07,58721.0,,3.0,2.0,Medium,50,Yes,1,1.080925010084411,,7,MGR_174,Terminated,1
EMP_1997,34.0,F,single,High School,Marketing,Marketing Specialist,2013-02-19,58260.0,"46348,52405",3.0,2.0,5,18,No,2,1.5444857140923798,2019-04-04,2,MGR_097,Terminated,1
EMP_0415,37.0,female,M,High School,Engineering,DevOps Engineer,11/01/2023,102445.0,"67219,74411,87180,94906",4.0,2.0,3,2,N,1,0.3767496820821915,2023-12-09,11,MGR_108,Active,0
EMP_1478,38.0,male,Single,PhD,IT,System Admin,2018-06-12,53369.0,"44482,47789",3.0,,Medium,50,No,1,1.7906471955192227,2024-05-16,19,MGR_159,Active,0
EMP_1363,35.0,M,Married,PhD,Engineering,Jr. Software Engineer,2024-02-18,72833.0,"57614,60705,67253",2.0,5.0,4,11,No,1,1.2977685147742237,2020-12-09,6,MGR_030,Active,0
EMP_0236,40.0,Male,Single,PhD,Sales,Sales Representative,08/27/2021,55743.0,,3.0,4.0,1,14,No,2,1.7171459117057586,2023-12-30,2,MGR_108,Terminated,1
EMP_0130,,Female,Married,Bachelors,Marketing,Digital Marketer,"March 13, 2022",69773.0,,3.0,1.0,4,7,No,1,0.623862729210473,2023-07-21,29,MGR_045,Active,0
EMP_1276,36.0,Female,Married,Master,IT,IT Specialist,"October 21, 2010",83465.0,"61635,72359",3.0,4.0,3,21,1,1,2.252705128567809,2022-09-16,2,MGR_137,Active,0
EMP_1104,33.0,MALE,D,High School,R&D,Research Scientist,"July 02, 2011",130544.0,113482,2.0,3.0,3,11,No,1,5.716149075335745,2022-08-09,5,,Active,0
EMP_1260,34.0,MALE,married,Master,Sales,Sr. Sales Rep,11/23/2024,48823.0,"34733,38278,42099",4.0,3.0,3,10,FALSE,0,0.6647412347004803,2017-05-24,5,MGR_005,Active,0
EMP_0146,,Female,Married,MA,Sales,Sr. Sales Rep,"June 03, 2019",66773.0,"51261,59584",4.0,,Low,17,No,0,4.141818090075775,2017-01-28,12,,Resigned,1
EMP_1453,36.0,female,Married,Masters,Marketing,Marketing Specialist,2013-12-09,52769.0,"39905,46603,50070",3.0,3.0,4,23,No,1,1.872649866484405,2022-03-09,31,MGR_172,Active,0
EMP_1394,36.0,M,Married,High School,Finance,Finance Manager,"March 25, 2017",70479.0,,2.0,4.0,4,6,Yes,3,1.003645812618873,2015-08-11,7,,Active,0
EMP_0437,48.0,Female,Divorced,High school,Engineering,Engineering Manager,"June 29, 2011",146513.0,"92098,101197,117945,128159",3.0,3.0,4,6,Yes,4,2.206267556153619,2016-12-13,69,MGR_066,Terminated,1
EMP_1261,39.0,Female,married,Bachelor,Sales,Sales Representative,2015-07-30,37977.0,"27124,30039,31673,35664",4.0,3.0,3,50,No,4,0.8606189742276035,2016-02-06,3,MGR_036,Resigned,1
EMP_1112,36.0,F,Divorced,Bachelor,HR,Recruiter,06-05-2022,44675.0,"30347,32531,35466,40781",1.0,3.0,3,20,Yes,1,0.6179667031221564,2018-04-01,19,MGR_035,Retired,1
EMP_1253,19.0,M,Divorced,BA,Operations,Process Specialist,08/05/2015,,,1.0,5.0,3,11,Yes,5,0.9848585724898256,,5,MGR_191,Active,0
EMP_1722,32.0,M,married,Masters,Sales,Sales Representative,03-03-2017,60432.0,"49610,55627",3.0,3.0,5,11,No,0,2.8347799148322013,2017-11-28,8,MGR_032,Active,0
EMP_0379,52.0,Female,D,BS,IT,IT Specialist,31-07-2018,97858.0,85032,3.0,3.0,3,5,No,2,,2017-07-28,16,MGR_125,Active,0
EMP_1063,44.0,male,Single,BS,Finance,Financial Analyst,04/06/2020,63124.0,"40086,44545,48111,54600",3.0,3.0,1,1,Y,4,5.180792101056276,2019-02-05,9,MGR_099,Active,0
EMP_1377,29.0,male,Married,High School,Finance,Financial Analyst,"August 22, 2012",20000.0,"14261,16253,17151,18583",4.0,3.0,4,20,No,2,0.4746077470791164,,9,MGR_061,Active,0
EMP_1738,26.0,MALE,Single,Master,R&D,Product Developer,"June 14, 2024",500000.0,452705,3.0,4.0,4,38,No,4,0.402414630662175,2020-03-11,11,MGR_103,Active,0
EMP_1657,36.0,Female,Single,Bachelors,R&D,R&D Manager,10/11/2022,97916.0,"78145,87044",3.0,5.0,4,5,Yes,5,2.6478954416088216,2018-06-25,0,,Resigned,1
EMP_1838,35.0,Male,married,Masters,Engineering,Senior Engineer,16-09-2024,85978.0,,4.0,2.0,4,7,TRUE,2,0.9173966103950244,2017-09-26,11,MGR_126,Active,0
EMP_1612,22.0,Female,single,MS,Operations,Operations Manager,05/23/2024,103392.0,"88208,97035",3.0,3.0,4,12,No,3,0.35233932722714917,2022-12-12,1,MGR_151,Resigned,1
EMP_0197,27.0,M,single,Bachelors,Sales,Sales Representative,12/02/2020,,,3.0,3.0,2,18,No,2,,2021-10-17,1,MGR_036,Active,0
EMP_0341,28.0,female,Married,MA,Marketing,Marketing Specialist,12-05-2016,66301.0,,3.0,3.0,2,16,No,2,2.2067278596778066,2018-06-21,10,MGR_109,Active,0
EMP_0816,23.0,M,Married,Master,Human Resources,HR Manager,30-09-2022,65567.0,,4.0,3.0,2,7,Yes,1,1.1352497271123443,2024-11-17,5,MGR_141,Active,0
EMP_1074,24.0,female,single,High School,Engineering,Jr. Software Engineer,06/14/2021,70916.0,"47608,53996,63437",4.0,4.0,5,9,No,1,0.5621161603166513,2023-06-16,3,MGR_180,Active,0
EMP_0685,25.0,M,Married,MS,Sales,Sales Rep,2010-12-24,36199.0,"27046,29772,33530",,3.0,3,30,No,2,2.873337698038742,2025-01-01,18,MGR_164,Resigned,1
EMP_1694,24.0,M,Married,Master,Operations,Operations Analyst,04/16/2018,70505.0,60501,4.0,5.0,4,2,TRUE,2,4.671599132518716,2024-10-19,6,MGR_119,Terminated,1
EMP_0265,32.0,F,single,MA,Operations,Ops Analyst,08-11-2014,70725.0,"49104,56375,59495,63157",3.0,4.0,5,8,No,0,4.753280995767232,2016-06-23,12,MGR_131,Active,0
EMP_1406,28.0,M,married,Master,Operations,Process Specialist,08-09-2023,68026.0,"51519,56009,60868",3.0,4.0,5,17,Yes,3,2.6946628995973345,2018-12-04,20,MGR_189,Active,0
EMP_1061,41.0,male,Married,Bachelor,HR,Recruiter,09/16/2024,52060.0,"32201,37715,43727,46520",4.0,4.0,3,2,Yes,3,0.5505185446311768,2023-10-26,7,MGR_103,Active,0
EMP_1173,35.0,Male,M,MA,Human Resources,HR Manager,"August 13, 2023",79059.0,"59129,64056,69804",3.0,2.0,5,20,No,1,,2017-10-26,19,MGR_007,Active,0
EMP_0744,35.0,Male,single,Bachelors,IT,System Admin,"October 30, 2024",80964.0,"57102,60330,63941,72680",,4.0,3,17,No,3,7.018777111927198,2016-02-12,5,MGR_159,Active,0
EMP_1854,42.0,Male,married,BA,R&D,R&D Manager,03-02-2017,150203.0,,3.0,4.0,3,1,No,2,0.39459766449257544,2016-07-06,15,,Resigned,1
EMP_0682,25.0,F,Married,Master,IT,IT Specialist,"May 16, 2021",60229.0,"49785,53357",3.0,2.0,2,44,Yes,2,3.538708809007226,2018-04-15,67,MGR_003,Active,0
EMP_1045,33.0,male,Divorced,MS,Sales,Sales Manager,"January 09, 2021",81746.0,,2.0,3.0,3,3,Y,2,1.6038172178436632,2022-03-01,2,,Retired,1
EMP_1452,48.0,M,married,Bachelor,IT,System Admin,08/04/2020,350000.0,"216902,238619,280116,311780",1.0,4.0,3,,Yes,3,13.634376097787495,2018-10-30,11,MGR_119,Terminated,1
EMP_1492,55.0,male,Married,Masters,Engineering,Jr. Software Engineer,30-06-2024,57532.0,"49425,52321",2.0,4.0,4,1,No,0,3.312031475155196,2018-06-10,27,,Resigned,1
EMP_1484,31.0,M,single,High school,Finance,Accountant,06-06-2014,66844.0,,4.0,0.0,4,30,No,2,1.0121969747741346,2020-04-20,23,MGR_151,Active,0
EMP_1760,45.0,Male,S,MS,Marketing,Marketing Specialist,09/19/2020,73352.0,64281,1.0,2.0,4,10,No,0,1.749989527199172,,12,MGR_154,Resigned,1
EMP_0525,28.0,Male,single,Bachelor,Operations,Ops Analyst,05-02-2021,53940.0,46603,5.0,,4,7,Yes,2,3.055619120361417,2018-03-30,0,MGR_118,Active,0
EMP_1630,41.0,female,Single,BS,Marketting,Digital Marketer,2012-12-03,59590.0,"37197,42056,45662,50998",4.0,4.0,2,10,No,2,0.8838989537563965,2023-02-04,1,,Terminated,1
EMP_0190,22.0,M,Married,Bachelor,Finance,Senior Analyst,2021-05-02,78444.0,"65158,73174",4.0,3.0,4,4,No,0,1.308898407473012,2017-10-01,6,,Active,0
EMP_0324,51.0,male,married,High School,HR,HR Manager,16-07-2023,93805.0,"59848,64812,73500,85835",3.0,3.0,4,19,N,3,4.0018425296910785,2025-05-20,3,MGR_045,Active,0
EMP_1228,33.0,F,single,Bachelors,Sales,Account Manager,"March 08, 2023",85953.0,"66285,75763,79881",3.0,,2,1,Yes,2,2.4944565597695405,2015-09-21,14,MGR_177,Active,0
EMP_0665,29.0,F,Single,Bachelor,Engineering,Senior Engineer,09/29/2019,105691.0,"71330,81898,91649,99609",5.0,2.0,2,2,No,2,5.2392619899682416,2025-02-06,3,MGR_064,Terminated,1
EMP_0713,30.0,Female,single,Bachelors,HR,Recruiter,"November 18, 2014",57193.0,,4.0,3.0,4,3,No,1,1.3102408171227085,2023-10-06,15,MGR_156,Active,0
EMP_1895,34.0,male,Married,High School,Sales,Sr. Sales Rep,2017-02-04,62367.0,"43881,51201,55737",1.0,4.0,3,5,No,0,1.6047419969208094,2017-11-08,22,MGR_001,Active,0
EMP_1153,29.0,Female,Married,MS,Human Resources,Recruiter,2015-10-12,54683.0,,2.0,5.0,4,18,No,1,0.033925420735838534,,5,MGR_129,Active,0
EMP_0371,35.0,Male,single,Masters,Engineering,Engineering Manager,2018-03-28,147902.0,"97921,108708,122754,137123",4.0,2.0,2,2,No,2,0.13969642609303093,2022-11-24,12,MGR_061,Active,0
EMP_1877,30.0,Male,married,Bachelors,Sales,Sales Representative,"October 22, 2014",46702.0,,3.0,4.0,Very High,5,Y,4,0.06594046461398409,2023-01-24,10,MGR_011,Active,0
EMP_0844,38.0,male,married,Master,sales,Account Manager,"May 30, 2011",71451.0,"46214,52305,56927,64069",4.0,2.0,5,31,No,3,2.188710030065824,2022-10-06,0,,Resigned,1
EMP_1317,26.0,male,D,Master,HR,HR Generalist,07/13/2023,58261.0,"47072,50808",2.0,5.0,2,11,No,2,0.6888486459181355,2025-03-29,9,MGR_015,Laid Off,1
EMP_0423,33.0,Male,Divorced,High School,Operations,Operations Analyst,2019-05-17,50686.0,43381,3.0,2.0,5,1,No,3,10.403687624156854,2023-10-21,21,MGR_039,Active,0
EMP_0395,44.0,F,Single,BA,Finance,Senior Analyst,2022-10-15,83790.0,"50166,58624,67113,74162",4.0,3.0,2,2,No,3,0.697616791497026,,41,MGR_171,Terminated,1
EMP_0156,29.0,M,married,Master,Customer Service,Support Specialist,2020-06-01,37211.0,"24534,26954,29285,31798",5.0,5.0,Low,11,N,1,10.4892547143781,2024-11-03,32,MGR_162,Resigned,1
EMP_1372,,Male,Married,Masters,Customer Service,CS Manager,"May 13, 2015",78368.0,"55887,59535,64272,69275",3.0,2.0,1,1,Yes,0,0.17914104186288426,2021-09-26,5,MGR_137,Resigned,1
EMP_0125,39.0,M,M,Bachelors,Customer Service,Support Specialist,,35681.0,"27291,31960",3.0,4.0,2,11,No,2,0.9005736055826334,2021-05-14,7,MGR_150,Terminated,1
EMP_1601,33.0,F,married,Bachelor,Operations,Process Specialist,07/31/2020,59122.0,"41601,45503,50996",1.0,3.0,3,9,Yes,2,0.9974970616466137,2016-02-05,14,,Active,0
EMP_1642,46.0,female,Married,MS,sales,Account Manager,19-08-2022,65043.0,,4.0,3.0,Very High,6,No,1,1.1923645393553906,2024-01-19,16,MGR_066,Active,0
EMP_0370,28.0,Female,married,Master,sales,Sales Rep,2022-03-29,52153.0,"41982,45578",4.0,3.0,4,5,N,1,0.06947507812906671,2020-06-11,16,MGR_091,Active,0
EMP_1650,55.0,Male,Single,MS,Engineering,DevOps Engineer,10/05/2010,77132.0,,2.0,4.0,3,1,No,0,5.260372790352721,2016-08-25,48,MGR_016,Active,0
EMP_0764,,F,Single,Bachelors,Engineering,Jr. Software Engineer,23-03-2013,67583.0,59573,2.0,3.0,4,1,Yes,2,1.95140625317304,2016-03-09,4,MGR_028,Active,0
EMP_0826,46.0,Male,Single,High School,Engineering,Senior Engineer,2010-02-07,142754.0,124537,4.0,3.0,3,35,0,5,0.7924961014302494,2021-08-28,7,MGR_173,Active,0
EMP_0616,36.0,Female,single,Bachelors,Sales,Sr. Sales Rep,"January 13, 2021",47863.0,,4.0,4.0,1,,No,2,4.651560720918969,2017-07-04,13,MGR_104,Active,0
EMP_1030,26.0,M,Single,BS,Marketing,Marketing Analyst,2011-04-28,63138.0,59000,4.0,2.0,4,4,No,2,,2021-04-14,19,MGR_050,Active,0
EMP_0612,34.0,F,Married,Master,Sales,Sr. Sales Rep,2014-06-09,52675.0,"35357,39815,42544,48848",3.0,4.0,2,2,Y,2,0.8030111966492729,,9,MGR_004,Active,0
EMP_1255,44.0,Female,Single,Master,Customer Service,CS Manager,25-12-2023,52389.0,"37122,40689,45367,47814",2.0,2.0,3,49,No,0,1.9764336704570498,2018-02-23,-50,MGR_139,Active,0
EMP_0260,41.0,M,married,Bachelors,Operations,Operations Manager,2020-02-20,91361.0,"53693,62573,72289,81983",3.0,,3,34,No,4,0.3615725655689118,2016-05-16,26,MGR_152,Active,0
EMP_1294,41.0,male,M,Masters,Engineering,Engineering Manager,09/25/2022,142727.0,"115405,126394",4.0,3.0,Medium,37,Yes,3,1.4753952796776921,2023-08-02,25,MGR_174,Active,0
EMP_0586,36.0,MALE,Single,BA,Operations,Ops Analyst,"June 11, 2020",68785.0,"44478,50251,57488,62294",4.0,,5,8,Yes,1,0.6053142736899176,2023-03-03,6,MGR_072,Terminated,1
EMP_1589,28.0,M,married,High School,HR,Recruiter,05/01/2010,66303.0,"48683,54449,59872",2.0,3.0,3,15,Yes,1,0.029453643878543573,2015-12-23,1,MGR_136,Terminated,1
EMP_0138,32.0,M,Married,High school,Finance,Accountant,Invalid Date,56533.0,"43956,49973",4.0,3.0,4,50,No,2,1.4596493589858166,2018-01-20,26,MGR_174,Active,0
EMP_9043,31.0,Female,married,Bachelors,IT,Software Engineer,21-05-2012,105867.0,"82373,93507",3.0,4.0,4,8,Yes,1,0.12371800451289575,2016-07-26,18,,Active,0
EMP_0115,15.0,Male,Single,Bachelors,Sales,Sales Rep,06-03-2015,76673.0,"47159,50925,58386,67631",4.0,5.0,5,1,0,2,0.6587777647902638,2021-07-04,10,MGR_087,Resigned,1
EMP_1467,48.0,Female,single,High School,Sales,Account Manager,20-10-2010,69214.0,"43295,46182,51820,59173",3.0,1.0,3,1,No,2,4.761336359559983,2019-03-13,29,MGR_082,Terminated,1
EMP_0585,36.0,M,Married,Bachelors,Sales,Sales Representative,26-03-2019,43811.0,"34404,38296,40870",1.0,4.0,3,32,Yes,4,6.779721437415769,2023-04-18,59,MGR_045,Active,0
EMP_1053,38.0,male,Single,Bachelor,Customer Service,Customer Rep,"February 01, 2012",42148.0,39568,4.0,4.0,2,10,No,1,0.6984863341338239,,28,MGR_037,Active,0
EMP_1207,29.0,M,Single,Master,Finance,Accountant,"March 11, 2012",,,4.0,2.0,Very High,14,No,2,0.33944243559229614,2021-09-22,2,MGR_060,Active,0
EMP_1739,42.0,Male,Single,MA,Marketing,Marketing Analyst,2014-04-26,57419.0,"35854,41727,47910,52941",4.0,10.0,4,1,No,3,1.2955671349239777,2024-01-07,13,MGR_070,Terminated,1
EMP_1399,44.0,MALE,Married,Bachelor,HR,HR Generalist,28-07-2018,46817.0,,3.0,2.0,4,4,Yes,4,5.342151729586154,2021-06-18,53,MGR_139,Active,0
EMP_1578,44.0,Male,Married,MA,Operations,Operations Analyst,2020-10-10,58009.0,,5.0,1.0,5,28,No,0,1.31729919066695,2022-09-20,17,MGR_046,Active,0
EMP_0133,26.0,Male,married,High School,Sales,Sr. Sales Rep,05/25/2011,61186.0,56657,4.0,3.0,4,1,No,1,,2020-12-11,6,MGR_129,Terminated,1
EMP_0257,45.0,F,Single,Master,Sales,Sales Representative,10-07-2011,37036.0,"29724,33762",3.0,5.0,Very High,4,No,2,3.046206403449524,2024-12-08,27,MGR_099,Resigned,1
EMP_0120,41.0,female,Married,High School,Customer Support,Support Specialist,2014-05-21,34298.0,,3.0,2.0,High,9,TRUE,0,1.6630751440440952,2024-10-29,1,MGR_140,Active,0
EMP_0915,34.0,M,Single,Bachelors,Operations,Operations Analyst,"January 10, 2023",78961.0,"56687,63815,68069",3.0,2.0,3,50,No,4,2.531009702788726,2019-06-05,30,,Active,0
EMP_1348,42.0,Female,married,High School,HR,Recruiter,05-09-2024,65677.0,,2.0,2.0,4,10,No,3,0.33769601821754536,,10,MGR_184,Active,0
EMP_1449,44.0,male,single,Bachelor,Finance,Accountant,23-07-2011,58169.0,"39477,44544,51715",4.0,1.0,Very High,38,Yes,2,0.186651971935241,2016-01-08,25,,Resigned,1
EMP_0468,41.0,female,Single,Bachelors,IT,IT Specialist,"May 27, 2012",77745.0,,3.0,4.0,2,12,Yes,0,1.083232755210047,2017-01-15,15,MGR_114,Active,0
EMP_1889,31.0,F,Married,High School,Human Resources,Recruiter,15-01-2014,40031.0,,3.0,3.0,Medium,40,No,3,2.744926726377487,2018-12-19,6,MGR_088,Active,0
EMP_1454,55.0,F,Divorced,Masters,Engineering,Senior Engineer,2010-07-19,117427.0,"79538,92261,100054,107821",3.0,4.0,3,15,No,2,0.25022431758452696,2024-10-21,35,MGR_113,Active,0
EMP_1128,28.0,Female,M,Bachelors,Sales,Sales Rep,01-07-2011,57705.0,"44585,48913,53667",3.0,2.0,3,32,FALSE,0,3.2825711282914964,2016-03-26,27,MGR_086,Terminated,1
EMP_1791,19.0,M,single,Bachelor,HR,HR Generalist,"March 22, 2024",,,2.0,4.0,4,5,No,1,0.5721924987541198,2020-02-20,17,MGR_076,Active,0
EMP_0025,30.0,F,married,High School,Marketing,Marketing Analyst,04-06-2023,45309.0,,3.0,3.0,5,9,No,3,5.345649886714399,,12,MGR_109,Active,0
EMP_1593,38.0,Female,Married,Master,Finance,Senior Analyst,Invalid Date,63260.0,,4.0,2.0,2,5,No,3,0.4399974170070399,,3,MGR_011,Active,0
EMP_1676,32.0,F,Single,MS,Finance,Senior Analyst,01/29/2021,80952.0,75410,3.0,4.0,2,4,1,1,1.9219740634995854,,17,,Laid Off,1
EMP_1504,34.0,Male,married,BS,Engineering ,Software Engineer,"November 20, 2022",76478.0,,3.0,3.0,High,22,No,0,2.808309467543522,2025-04-19,0,MGR_175,Active,0
EMP_1349,24.0,Male,married,MS,Sales,Account Manager,2012-11-18,57285.0,"45371,49651",6.0,4.0,3,1,Yes,0,4.273869520775616,2023-03-22,50,MGR_078,Terminated,1
EMP_0104,28.0,Male,married,BS,Human Resources,Recruiter,03/01/2016,56786.0,48828,4.0,2.0,2,33,Yes,2,0.009310611289322031,2022-02-01,2,MGR_102,Active,0
EMP_1971,39.0,male,married,Master,Marketting,Marketing Specialist,2024-04-17,40466.0,"32969,34954",3.0,2.0,4,14,No,1,2.781631012703686,2019-10-29,5,MGR_062,Active,0
EMP_0593,38.0,F,D,BS,Customer Service,CS Manager,Invalid Date,79973.0,"66394,74044",4.0,2.0,5,4,No,3,,,17,MGR_080,Terminated,1
EMP_0283,47.0,Female,Divorced,High school,Operations,Operations Analyst,"March 12, 2024",72873.0,"57060,65681",3.0,3.0,4,15,Yes,2,0.5574390920134931,2023-10-16,5,MGR_002,Active,0
EMP_1006,,F,Divorced,High school,Human Resources,HR Specialist,08/23/2021,46782.0,"31117,35338,38828,43282",3.0,3.0,3,17,No,1,0.8216172968378639,2022-10-16,11,MGR_030,Active,0
EMP_1172,37.0,M,Married,High School,Finance,Accountant,06/09/2010,61568.0,"46840,53680",3.0,4.0,3,8,No,1,0.08115177243380957,2015-09-28,5,MGR_103,Active,0
EMP_0535,29.0,female,Married,Masters,Customer Service,Customer Rep,27-11-2017,35669.0,32188,3.0,4.0,4,12,No,1,0.2875198541346894,2018-10-03,8,,Active,0
EMP_1723,40.0,Female,married,High School,R&D,R&D Manager,"December 12, 2011",148309.0,,3.0,,4,14,No,2,1.2223502402114534,2023-11-07,11,MGR_036,Terminated,1
EMP_0730,28.0,female,Married,MA,Human Resources,HR Manager,13-07-2015,86229.0,"54984,58374,68229,78454",2.0,4.0,3,7,Yes,2,0.4588490926193225,2025-03-11,27,MGR_108,Active,0
EMP_0305,34.0,M,married,Bachelors,Sales,Sales Representative,"April 22, 2010",60310.0,"43430,46719,53997",5.0,4.0,5,,Y,2,0.6537369165261048,2019-03-03,29,MGR_138,Active,0
EMP_1439,38.0,M,single,Bachelors,R&D,Product Developer,2010-03-01,57992.0,"47488,52717",3.0,5.0,2,13,Yes,2,1.6521889537342622,,0,MGR_158,Terminated,1
EMP_1640,26.0,Female,single,PhD,Engineering,Software Engineer,"October 08, 2012",76780.0,66479,3.0,3.0,5,2,Yes,3,3.970127792082679,2021-11-20,18,,Active,0
EMP_1627,31.0,Female,single,Bachelors,Engineering ,Software Engineer,09/05/2019,99922.0,"62010,72474,82190,88715",3.0,2.0,3,1,No,1,4.859755563121811,2017-06-08,15,MGR_005,Terminated,1
EMP_1311,34.0,F,Divorced,Master,Customer Service,CS Manager,2013-08-15,59455.0,"38046,44289,49881,54692",3.0,2.0,4,1,TRUE,3,0.08003073155885185,2016-07-25,6,MGR_015,Active,0
EMP_0817,37.0,M,Single,PhD,Finance,Senior Analyst,10/28/2023,87844.0,"58641,64392,73438,79395",3.0,3.0,2,4,No,25,0.6454430947639744,,23,MGR_110,Active,0
EMP_1442,44.0,MALE,Married,Bachelor,Customer Support,Support Specialist,16-11-2012,50452.0,"32552,38065,40622,43020",3.0,4.0,3,15,No,4,4.108027494354469,2020-03-16,7,MGR_057,Resigned,1
EMP_1243,30.0,female,Divorced,High School,Marketting,Marketing Specialist,06/21/2015,54014.0,"34463,36390,41492,46493",3.0,3.0,Medium,16,FALSE,3,0.13503913976239404,2020-01-09,31,MGR_038,Active,0
EMP_0678,49.0,M,S,Bachelor,sales,Account Manager,"July 16, 2018",,,1.0,4.0,3,1,No,3,0.8476821920496519,2018-04-23,49,MGR_141,Active,0
EMP_0406,39.0,Male,Divorced,BS,sales,Account Manager,28-08-2017,65044.0,,0.0,3.0,Medium,14,No,3,2.138463088316745,2021-11-28,20,MGR_147,Active,0
EMP_0315,45.0,Female,M,Bachelor,Sales,Sales Rep,01/23/2018,,,3.0,4.0,Medium,28,No,2,0.6861346616742688,2015-10-18,57,MGR_164,Terminated,1
EMP_0900,28.0,female,Married,High School,HR,HR Generalist,2016-09-02,43886.0,"36722,39560",1.0,3.0,4,14,No,1,1.2877262408703731,2017-09-20,0,MGR_022,Resigned,1
EMP_0707,24.0,male,married,Bachelor,Marketing,Marketing Manager,12-10-2017,92603.0,,2.0,4.0,Very High,12,No,4,0.20427242620235395,2018-09-24,18,MGR_089,Resigned,1
EMP_0105,33.0,F,Married,Bachelor,Marketing,Digital Marketer,07/12/2012,61048.0,57749,1.0,10.0,4,50,No,5,0.6163779947782771,2019-05-14,23,MGR_009,Terminated,1
EMP_0738,42.0,Male,Married,Master,Sales,Sr. Sales Rep,13-04-2014,84890.0,"50987,55677,65019,72953",4.0,1.0,3,4,Yes,5,0.28845679619670206,2021-04-30,1,MGR_122,Active,0
EMP_0929,47.0,MALE,Divorced,Master,Engineering,Engineering Manager,11/08/2018,132655.0,"92287,98255,113500",5.0,4.0,4,4,No,0,3.5615273948743167,2023-06-27,4,,Terminated,1
EMP_0565,44.0,Male,Single,Bachelor,Finance,Accountant,02-04-2023,47901.0,,5.0,4.0,4,28,Yes,1,2.1561055099474236,2023-03-17,1,MGR_181,Resigned,1
EMP_1367,34.0,Male,married,Bachelors,Finance,Accountant,07/07/2015,49976.0,"35734,39987,43044",4.0,2.0,3,17,No,4,1.5807808146518034,2016-03-22,9,MGR_125,Resigned,1
EMP_0179,32.0,male,married,Bachelor,HR,HR Specialist,10-10-2020,36324.0,"27824,30533,32848",4.0,4.0,3,28,No,0,0.131584742474211,2023-09-01,29,MGR_084,Terminated,1
EMP_0173,34.0,M,married,Bachelors,Finance,Senior Analyst,2010-08-29,500000.0,"353804,385048,450382",4.0,4.0,nan,2,Yes,3,2.922739497825969,2017-03-19,42,MGR_181,Active,0
EMP_0666,35.0,MALE,single,PhD,IT,IT Specialist,10/12/2023,70593.0,,3.0,3.0,Medium,7,No,1,4.546165942248498,2015-08-27,0,,Active,0
EMP_0141,36.0,Male,married,Bachelor,Sales,Sales Representative,12/30/2022,59522.0,"43164,46024,51524",5.0,0.0,5,6,No,2,3.376013667536151,2024-10-17,15,MGR_062,Active,0
EMP_1667,27.0,Female,Married,High School,HR,HR Manager,08-08-2023,72193.0,"57936,62989",1.0,4.0,3,17,No,4,0.7596217261469386,2021-11-14,19,MGR_068,Active,0
EMP_1296,34.0,Female,D,Masters,Customer Service,Customer Rep,"April 08, 2022",47418.0,43123,2.0,4.0,3,15,Y,0,2.089360897700869,2021-05-01,0,MGR_082,Active,0
EMP_1713,18.0,female,Single,Masters,Customer Service,CS Manager,2011-03-26,65218.0,55664,5.0,4.0,3,38,No,4,4.948311617908939,2020-06-22,46,MGR_013,Terminated,1
EMP_1016,36.0,Male,Married,MS,R&D,Research Scientist,10/10/2011,105620.0,"66800,77184,89828",5.0,4.0,3,,Yes,2,2.0680806630270356,2017-12-02,58,,Active,0
EMP_1351,25.0,Male,Single,Master,sales,Sales Rep,24-01-2018,46828.0,"31997,34132,36421,40385",3.0,4.0,2,1,No,4,0.8200573435545117,2019-04-04,67,MGR_098,Active,0
EMP_1423,32.0,female,Single,MS,HR,HR Specialist,"February 22, 2013",56690.0,"44630,49748,53647",4.0,3.0,High,18,No,3,0.5855358874235419,2025-02-21,19,MGR_125,Active,0
EMP_0855,46.0,male,M,Bachelor,Marketing,Marketing Analyst,"March 31, 2023",64312.0,,3.0,3.0,4,9,Yes,1,3.196141595142373,,33,MGR_082,Active,0
EMP_1916,30.0,Male,Divorced,High School,Marketing,Digital Marketer,2023-13-45,74337.0,"51492,58113,67795",2.0,3.0,4,1,No,1,2.6873918690081466,2019-10-21,21,MGR_064,Active,0
EMP_1193,30.0,Male,Married,High School,sales,Sales Manager,2013-11-02,82027.0,"64281,73043",5.0,1.0,1,5,No,0,4.2821239290677235,2024-11-19,21,MGR_126,Active,0
EMP_1468,38.0,Female,Single,MA,Operations,Ops Analyst,2012-11-25,51410.0,"33383,36383,39719,43960",3.0,4.0,2,10,No,4,0.7808747110572312,2024-10-04,14,MGR_047,Active,0
EMP_0360,28.0,M,M,Bachelor,IT,Software Engineer,"November 09, 2022",81399.0,"62328,72101",3.0,5.0,3,1,No,1,9.935942802614317,2016-08-11,23,MGR_182,Active,0
EMP_1328,33.0,Female,Single,Bachelor,Finance,Senior Analyst,2018-04-06,70794.0,65922,4.0,2.0,Medium,3,No,1,3.0968972142865305,2020-08-30,21,MGR_087,Resigned,1
EMP_1649,44.0,male,S,Master,Sales,Sr. Sales Rep,2011-06-07,70592.0,"54221,61441",3.0,3.0,4,4,No,5,0.05344168964734527,2015-09-05,11,MGR_006,Active,0
EMP_1666,34.0,male,Married,Bachelor,Engineering,Engineering Manager,2018-11-29,159507.0,"136765,148086",3.0,1.0,3,27,No,4,0.03173293715283284,,20,MGR_112,Resigned,1
EMP_0036,25.0,Male,single,Bachelor,IT,System Admin,28-02-2024,73971.0,"56361,62855,68641",4.0,1.0,4,3,TRUE,2,0.21118765043386756,2024-02-10,3,,Active,0
EMP_1231,30.0,female,M,Bachelor,Engineering,Senior Engineer,"August 10, 2016",102340.0,"79321,88572,95741",2.0,3.0,4,1,N,0,1.765858364578658,2015-11-01,27,MGR_032,Terminated,1
EMP_1919,33.0,M,M,Bachelors,sales,Sales Rep,2023-13-45,58386.0,,3.0,4.0,4,5,Yes,0,0.8007985950691828,2015-07-29,3,MGR_119,Active,0
EMP_1998,27.0,Female,married,Bachelor,Human Resources,HR Specialist,2015-01-30,55246.0,,5.0,3.0,2,1,Y,3,2.6589004638862126,2018-04-30,51,MGR_061,Active,0
EMP_0470,30.0,Female,single,High School,Customer Service,CS Manager,2013-05-02,73232.0,,4.0,4.0,2,20,No,0,0.020832817014793458,2025-04-07,2,MGR_162,Active,0
EMP_0661,30.0,Male,Married,Masters,Operations,Operations Manager,"March 15, 2013",64398.0,60894,1.0,2.0,3,Close,No,4,4.448096387855146,2016-07-01,72,MGR_119,Laid Off,1
EMP_0335,42.0,MALE,married,Bachelor,Finance,Accountant,01/24/2019,64249.0,"40856,46634,51133,54761",5.0,3.0,2,20,No,2,1.0234754928025587,2018-01-11,17,MGR_070,Active,0
EMP_1887,28.0,female,married,High school,IT,IT Specialist,"April 29, 2022",75921.0,"60486,64373,72064",3.0,3.0,2,10,No,2,3.2060400746510602,2022-11-25,13,MGR_026,Active,0
EMP_0778,33.0,male,Single,MS,sales,Account Manager,2021-10-23,65438.0,56294,4.0,5.0,4,18,No,1,1.87687085149336,2016-06-28,2,MGR_116,Active,0
EMP_1799,43.0,M,Married,Master,Finance,Senior Analyst,27-07-2018,64455.0,56853,3.0,2.0,4,17,No,3,2.6610843610187835,2017-11-03,4,MGR_054,Active,0
EMP_1798,28.0,M,Married,High School,Engineering,Jr. Software Engineer,2017-10-09,61419.0,55291,4.0,4.0,High,18,No,2,3.317094676541971,2024-11-09,70,MGR_135,Active,0
EMP_1234,55.0,female,Married,High School,sales,Sales Manager,19-11-2013,85397.0,,3.0,5.0,3,1,Yes,2,0.5631387894455736,2017-09-12,3,MGR_038,Active,0
EMP_0904,45.0,female,married,Master,Operations,Ops Analyst,10/25/2012,58882.0,"40247,43951,49718,54756",3.0,4.0,5,6,No,2,,2020-11-12,2,MGR_035,Active,0
EMP_0050,20.0,female,married,MS,Sales,Sales Manager,"September 02, 2021",85984.0,80280,,3.0,3,50,No,2,1.6379924022332795,2024-03-03,14,MGR_084,Active,0
EMP_1055,30.0,Female,Married,PhD,Finance,Finance Manager,01/10/2010,89896.0,"63992,72464,76949",5.0,5.0,2,2,Yes,0,0.7056325790185496,2024-07-09,29,MGR_185,Terminated,1
EMP_0327,44.0,F,Single,Bachelors,Engineering,Engineering Manager,2017-05-03,126253.0,"98070,114144",3.0,5.0,4,5,FALSE,1,0.5849348542232623,2025-04-14,3,MGR_069,Active,0
EMP_1784,41.0,Male,married,Masters,Operations,Process Specialist,"August 06, 2024",53555.0,"35617,40571,42927,50495",4.0,2.0,3,40,Yes,0,0.14066851170269845,2016-07-17,14,MGR_193,Active,0
EMP_0106,38.0,Male,Married,Masters,Engineering ,Software Engineer,03/10/2022,109484.0,"67904,77838,91224,101803",4.0,3.0,3,5,Yes,1,5.1100924691092615,2019-01-10,15,MGR_104,Active,0
EMP_1668,30.0,F,single,Master,Engineering,Engineering Manager,2023-08-03,123131.0,105217,4.0,3.0,2,14,Y,2,0.010094705147871594,2018-05-21,3,MGR_058,Active,0
EMP_0307,45.0,Female,Married,Bachelors,R&D,Research Scientist,2018-07-23,90625.0,"71940,83198",1.0,3.0,3,3,No,1,,2025-05-27,28,MGR_042,Active,0
EMP_0090,39.0,Male,Single,High School,Operations,Process Specialist,"June 26, 2013",47594.0,"33471,37643,42421",3.0,4.0,3,11,N,2,1.4231679262323975,2019-04-24,34,MGR_098,Active,0
EMP_1538,30.0,F,Single,Masters,Sales,Sales Rep,"July 22, 2024",54829.0,"38408,43120,49339",,2.0,4,13,Yes,2,2.427240683548029,2019-09-06,26,,Active,0
EMP_0974,29.0,female,single,Bachelor,Engineering,Senior Engineer,19-06-2023,88380.0,"53565,59775,68973,77510",3.0,2.0,3,21,Yes,3,5.1516490766306084,2016-12-02,42,MGR_060,Active,0
EMP_1227,35.0,F,married,Bachelors,Marketing,Marketing Manager,"October 13, 2011",68438.0,"50655,59456,63690",3.0,4.0,5,1,No,1,1.558578442095503,2018-04-15,8,MGR_022,Active,0
EMP_0503,23.0,MALE,D,High School,Customer Service,CS Manager,"January 25, 2022",66441.0,58049,3.0,3.0,2,17,No,1,7.201507968627094,2021-04-15,13,MGR_153,Active,0
EMP_1188,33.0,Female,Single,High School,Sales,Sales Representative,2015-08-14,44833.0,"28903,32873,38174",4.0,5.0,4,36,No,2,5.337060451834547,,31,MGR_024,Terminated,1
EMP_1438,47.0,Female,Single,MA,R&D,Research Scientist,09-01-2017,97388.0,90452,5.0,5.0,4,14,Yes,3,1.1427540685000745,2016-10-11,24,MGR_098,Active,0
EMP_0212,44.0,Female,M,Bachelor,Marketting,Digital Marketer,18-04-2014,60819.0,,3.0,2.0,2,4,Yes,1,0.16281564276636953,2018-03-11,21,MGR_030,Terminated,1
EMP_0870,51.0,MALE,Married,MA,Sales,Sales Manager,2013-12-17,92633.0,"70839,75435,79475",3.0,3.0,3,25,No,1,2.8532223856749606,2023-01-22,4,MGR_156,Terminated,1
EMP_1060,32.0,Male,married,Bachelor,Operations,Operations Analyst,03-11-2017,58718.0,"45628,50151,52984",2.0,4.0,4,50,No,2,5.587114438589235,,40,MGR_108,Active,0
EMP_0750,23.0,female,Married,Bachelor,Engineering,Jr. Software Engineer,2012-10-08,78273.0,"65569,69259",3.0,5.0,3,1,No,1,1.8005968287968768,2017-10-17,0,MGR_193,Active,0
EMP_1393,51.0,female,married,Master,Operations,Operations Analyst,01/03/2011,50313.0,"40420,43355",4.0,2.0,2,2,No,2,0.23478857669716363,,26,MGR_083,Active,0
EMP_0772,30.0,F,single,BS,Sales,Sales Manager,02/26/2018,92592.0,"59865,68979,80653,87845",4.0,4.0,Very Low,50,No,1,0.9788398099342861,2019-12-21,2,MGR_135,Active,0
EMP_1391,38.0,Male,Married,High School,Operations,Ops Analyst,"May 08, 2010",47718.0,"29223,31481,35646,40627",1.0,3.0,4,23,Yes,1,1.2928080132929862,2023-08-27,37,MGR_185,Active,0
EMP_1586,40.0,Female,Married,Bachelor,Sales,Account Manager,16-11-2015,68496.0,"47280,52409,59415",3.0,3.0,High,29,1,1,3.080573618847541,2023-06-28,36,MGR_010,Active,0
EMP_0965,34.0,Female,Single,Bachelor,Sales,Sr. Sales Rep,"June 24, 2019",78344.0,"47718,54214,62102,70042",4.0,5.0,Low,2,Yes,0,0.926585452196787,2017-07-16,37,MGR_128,Resigned,1
EMP_0591,35.0,F,S,Bachelor,Engineering,Engineering Manager,29-07-2017,157511.0,"116395,136013,147140",5.0,1.0,2,12,Yes,3,1.5291862854515967,2019-08-14,15,MGR_069,Active,0
EMP_1223,40.0,Female,married,Bachelor,Finance,Finance Manager,26-04-2014,70521.0,"52420,61471,65666",3.0,4.0,4,16,Yes,2,1.9144581865342507,2024-10-29,7,MGR_125,Resigned,1
EMP_0401,22.0,F,Divorced,BS,Operations,Operations Analyst,"October 06, 2022",63603.0,"44857,48044,54832",4.0,3.0,4,18,No,0,0.13980509962086485,2022-11-15,36,MGR_085,Active,0
EMP_0038,19.0,F,Divorced,High School,Engineering ,Software Engineer,"December 27, 2016",92614.0,"72857,79751,85472",4.0,4.0,4,28,No,2,4.643447653230541,2017-12-09,19,MGR_081,Resigned,1
EMP_0431,25.0,F,Single,MS,R&D,Product Developer,2015-03-12,,,3.0,1.0,1,7,No,3,0.6619855466886665,2024-09-07,2,MGR_099,Active,0
EMP_0167,41.0,M,married,Bachelor,Sales,Sales Rep,05/04/2010,53124.0,"38333,44530,49549",3.0,3.0,1,6,Yes,3,0.9663014493915527,2023-10-03,8,MGR_052,Terminated,1
EMP_1190,27.0,Male,D,High School,Engineering,DevOps Engineer,09/17/2010,61888.0,"51541,57852",4.0,2.0,4,1,Yes,3,1.1983909022790702,,18,,Terminated,1
EMP_1767,52.0,F,married,Masters,Operations,Ops Analyst,01/31/2014,43608.0,"35756,41405",1.0,3.0,Medium,3,No,1,0.9959532015233543,2017-09-07,29,MGR_006,Active,0
EMP_1781,23.0,F,Married,High School,Finance,Senior Analyst,"December 22, 2010",79150.0,"67166,72289",4.0,3.0,2,1,Yes,0,6.001741029288967,2020-10-12,4,MGR_173,Active,0
EMP_0775,39.0,M,married,Bachelor,Sales,Account Manager,19-01-2010,85420.0,,3.0,1.0,3,1,No,2,5.891007307070242,2016-08-18,5,,Resigned,1
EMP_1386,37.0,Male,married,Masters,sales,Account Manager,2019-02-12,79393.0,,4.0,5.0,2,1,No,2,1.9822750905259297,,1,MGR_010,Active,0
EMP_1910,36.0,Male,married,MS,Human Resources,Recruiter,"November 12, 2017",49782.0,,4.0,4.0,4,35,No,3,1.014492781934809,2022-06-10,18,MGR_061,Active,0
EMP_1471,44.0,Female,Married,High School,Engineering,Software Engineer,20-12-2011,81483.0,"50074,54593,63493,72488",4.0,,2,1,FALSE,0,0.6767845505630695,2020-05-26,26,MGR_009,Active,0
EMP_0074,47.0,male,Single,High School,Customer Support,Customer Rep,09/09/2016,40875.0,"31606,33338,36901",3.0,5.0,4,21,Yes,0,4.8758820923078785,2017-12-16,4,MGR_102,Active,0
EMP_1007,42.0,Male,married,Bachelors,IT,System Admin,2017-09-12,64445.0,,5.0,3.0,1,1,Yes,4,1.6735780322002032,2016-10-17,23,MGR_045,Active,0
EMP_0334,29.0,Male,Married,Master,IT,System Admin,09-09-2011,77685.0,70063,4.0,2.0,4,8,No,2,1.2052397915278978,2018-03-21,14,MGR_159,Resigned,1
EMP_0080,19.0,Male,married,High School,Finance,Accountant,2011-09-01,55222.0,"37211,40544,47215",3.0,5.0,3,10,No,3,0.9625624953094234,2020-04-10,12,MGR_108,Terminated,1
EMP_0122,27.0,Male,married,High School,Engineering,Software Engineer,06/12/2016,96718.0,"76015,82483",3.0,3.0,Low,14,No,0,0.1628622418807086,,11,MGR_157,Active,0
EMP_0735,43.0,Male,Married,PhD,Marketing,Marketing Manager,12/29/2012,43565.0,40256,2.0,2.0,2,10,Yes,2,1.8333363705761945,2017-11-07,7,MGR_042,Active,0
EMP_1663,18.0,F,Married,High School,Customer Support,Support Specialist,2024-10-11,51283.0,45867,4.0,5.0,2,39,Yes,1,2.581816093045853,2019-11-08,1,MGR_163,Active,0
EMP_0924,29.0,Male,S,Bachelors,Marketing,Marketing Analyst,10-04-2024,40837.0,"29668,32811,35166",3.0,5.0,Very High,2,No,3,0.679745569321188,2020-09-23,0,MGR_069,Terminated,1
EMP_0446,40.0,female,Married,Bachelors,Engineering,Jr. Software Engineer,05-12-2019,84156.0,,3.0,2.0,High,20,FALSE,1,1.1663923303779977,2017-02-27,7,,Active,0
EMP_1147,26.0,female,Divorced,Bachelor,Engineering,Jr. Software Engineer,01/13/2014,67785.0,"43040,46529,49760,57686",2.0,3.0,Medium,12,No,2,0.7787595458099522,2018-05-28,11,MGR_176,Active,0
EMP_1271,43.0,M,single,Bachelors,Sales,Sales Rep,17-12-2019,51607.0,"31548,36224,41350,46475",2.0,4.0,4,21,No,1,1.3915019875023231,2020-09-14,5,MGR_054,Active,0
EMP_0340,30.0,Female,married,PhD,Marketing,Digital Marketer,21-02-2012,55573.0,51541,4.0,4.0,Very High,13,No,1,0.7310542536405832,,42,MGR_091,Active,0
EMP_1105,43.0,male,Single,Master,HR,HR Manager,2010-04-17,56754.0,51191,2.0,4.0,3,7,No,2,2.0578003713284407,2016-06-17,23,MGR_061,Terminated,1
EMP_1734,32.0,Female,Divorced,High School,Sales,Sales Rep,08-11-2023,62186.0,"42709,50186,54174,57486",3.0,1.0,2,17,No,3,,,3,MGR_042,Resigned,1
EMP_0847,37.0,F,M,Bachelors,Operations,Operations Analyst,08/10/2016,58068.0,"42756,46119,53317",3.0,,4,5,No,0,0.21041707988414501,2017-11-10,0,MGR_057,Active,0
EMP_1198,39.0,M,married,MA,Operations,Operations Analyst,"April 04, 2018",,,4.0,2.0,3,12,Yes,1,2.5500606551431986,2020-12-17,66,MGR_025,Active,0
EMP_1303,33.0,Female,single,High School,Sales,Sales Rep,21-02-2024,51186.0,"43026,45987",3.0,3.0,5,1,No,0,0.9023052407279926,2015-07-18,36,MGR_148,Active,0
EMP_1511,25.0,M,Single,Bachelor,Finance,Finance Manager,12/30/2017,80792.0,"57113,61709,66944,76416",2.0,4.0,4,6,No,3,2.3983040207380295,2020-04-05,1,MGR_018,Terminated,1
EMP_0343,36.0,MALE,Divorced,MS,Sales,Sales Manager,19-10-2022,104232.0,,5.0,3.0,4,31,No,2,1.4633524791725416,2020-09-21,37,MGR_009,Active,0
EMP_0647,18.0,F,married,Bachelors,Engineering ,Software Engineer,2018-07-21,85764.0,"57235,66243,73356",3.0,5.0,4,26,0,2,-1.0642726449394162,2023-05-29,90,MGR_159,Active,0
EMP_0026,35.0,female,Single,Bachelors,Operations,Operations Manager,,79800.0,"65922,72748",1.0,3.0,2,11,TRUE,0,1.3849347647909265,2015-09-28,7,MGR_049,Resigned,1
EMP_1680,31.0,Male,single,Master,Enginnering,Software Engineer,2023-03-02,91004.0,"65080,75506,84348",3.0,3.0,Low,17,Yes,2,0.48167396710906857,2021-06-26,10,MGR_095,Active,0
EMP_9440,30.0,Female,single,Bachelors,Sales,Account Manager,"June 17, 2013",61582.0,55811,5.0,2.0,High,,No,0,0.663565197682208,2016-12-23,22,MGR_005,Terminated,1
EMP_1107,39.0,M,Single,BS,Engineering,DevOps Engineer,11/26/2014,110809.0,"93203,105192",3.0,3.0,Very High,2,No,3,1.857604096344594,,44,MGR_152,Active,0
EMP_1659,26.0,male,Single,Masters,Operations,Ops Analyst,2018-02-24,58676.0,"38054,41128,45539,51866",4.0,3.0,Very Low,34,Yes,1,0.23934819725490894,2017-11-04,5,MGR_081,Active,0
EMP_1804,22.0,Female,Single,Bachelors,Operations,Ops Analyst,2011-05-01,59266.0,"43533,51069",1.0,4.0,3,6,No,1,3.431899952441661,2015-11-02,10,MGR_056,Active,0
EMP_1333,33.0,F,S,Masters,Marketing,Marketing Specialist,08/26/2010,64577.0,"52133,59340",4.0,4.0,4,27,Y,4,0.8085318414539819,2016-09-08,24,MGR_167,Active,0
EMP_0874,29.0,Female,Single,High School,R&D,R&D Manager,"April 23, 2023",110913.0,,3.0,4.0,Low,6,No,4,0.2573359728845154,2020-05-29,13,MGR_162,Active,0
EMP_0485,28.0,female,Single,High School,Marketting,Marketing Specialist,"April 09, 2017",54978.0,"44904,48844",4.0,4.0,3,15,No,2,2.811252509897343,2017-03-20,15,MGR_177,Terminated,1
EMP_0639,24.0,F,Single,Masters,Sales,Sales Manager,"January 15, 2010",78575.0,"52144,59604,65108,73220",5.0,4.0,4,21,No,0,0.3197189264852049,2022-07-22,28,MGR_197,Active,0
EMP_1361,34.0,male,single,Bachelor,Customer Service,Support Specialist,08/22/2024,34426.0,32374,0.0,4.0,3,3,No,0,0.028968754266999044,2019-06-27,77,MGR_051,Active,0
EMP_1389,35.0,Male,married,Bachelor,Customer Service,Support Specialist,2024-07-16,52298.0,,4.0,5.0,4,14,Yes,1,0.6062439900893601,2016-05-06,17,MGR_180,Resigned,1
EMP_0466,,Male,Single,Bachelor,sales,Account Manager,23-03-2021,71325.0,63827,4.0,4.0,3,22,No,1,0.6025734748931928,2020-07-28,10,MGR_192,Active,0
EMP_1057,34.0,Male,single,Master,Marketting,Digital Marketer,"January 21, 2013",45340.0,,2.0,2.0,3,28,No,1,2.724148147859276,2023-04-03,10,MGR_122,Active,0
EMP_0471,32.0,female,Married,Bachelor,Human Resources,HR Specialist,"January 22, 2021",37945.0,34677,2.0,3.0,High,Near,N,4,0.915214610184733,2020-05-15,36,MGR_058,Active,0
EMP_0732,27.0,M,Married,Bachelor,Marketing,Marketing Specialist,13-06-2017,68687.0,59844,3.0,2.0,4,37,No,2,,2024-10-08,26,,Resigned,1
EMP_0301,28.0,Male,Single,High School,Engineering,Jr. Software Engineer,2018-05-22,83275.0,,3.0,2.0,High,35,N,4,1.6950687144115535,2022-11-21,12,,Active,0
EMP_1474,35.0,Female,married,Masters,HR,HR Specialist,"November 19, 2016",52575.0,"35615,37706,42242,45259",3.0,3.0,3,22,No,1,1.2939474367176402,2015-10-02,7,MGR_101,Active,0
EMP_0988,42.0,Male,Divorced,Masters,Finance,Accountant,"October 25, 2020",48811.0,"32174,37052,40174,46204",2.0,2.0,4,1,No,1,2.995313555536343,2019-09-03,0,,Active,0
EMP_1108,26.0,male,Single,Bachelors,Human Resources,HR Specialist,2010-11-24,54620.0,"45899,51838",3.0,4.0,4,12,0,2,1.7787456037230902,2018-08-18,84,MGR_052,Active,0
EMP_0936,30.0,male,Divorced,BS,Engineering,Engineering Manager,2012-06-14,117350.0,108468,4.0,3.0,4,7,Yes,1,1.5079384339721853,2018-02-09,34,,Active,0
EMP_0699,42.0,female,M,Masters,Engineering,Jr. Software Engineer,2019-08-04,65674.0,"49869,53331,56756",4.0,1.0,1,3,Yes,2,2.5225519036327335,2016-03-29,14,MGR_006,Laid Off,1
EMP_0790,21.0,F,married,PhD,Engineering,DevOps Engineer,"July 16, 2014",82428.0,76157,4.0,1.0,4,3,FALSE,2,3.707649739431098,2024-10-08,64,MGR_029,Resigned,1
EMP_0440,34.0,Female,Married,Master,Operations,Operations Manager,18-05-2020,87803.0,"61523,66827,70656,75215",2.0,4.0,3,18,No,0,1.1975507716441736,2016-01-10,8,MGR_166,Active,0
EMP_1587,,female,Single,PhD,Sales,Sales Rep,2023-08-19,42166.0,"33779,36136",4.0,3.0,4,8,No,4,1.6972441832606397,2016-07-28,22,,Active,0
EMP_0718,36.0,Female,married,Masters,Marketing,Marketing Specialist,07-09-2011,49311.0,"42274,46403",4.0,5.0,3,1,Yes,2,0.016022294174428724,2020-05-22,9,,Active,0
EMP_0277,36.0,MALE,Single,Bachelors,Finance,Financial Analyst,2012-03-14,74312.0,67284,2.0,4.0,Medium,,No,0,,2024-10-02,37,MGR_172,Active,0
EMP_0546,28.0,female,single,High School,Human Resources,Recruiter,08/08/2014,52857.0,"40428,47104",4.0,3.0,3,35,No,4,0.9928360901320061,2016-11-12,6,MGR_091,Active,0
EMP_1180,26.0,MALE,Married,Bachelor,Marketing,Digital Marketer,"January 26, 2013",39258.0,,5.0,5.0,3,23,No,0,2.1617146373625613,2020-05-14,18,MGR_169,Resigned,1
EMP_0514,27.0,Male,Married,Masters,Sales,Sr. Sales Rep,,77013.0,68628,1.0,1.0,5,10,Y,2,0.4244757740576667,2019-03-17,3,MGR_160,Active,0
EMP_0865,30.0,M,Single,Master,Marketing,Marketing Specialist,08/28/2018,53864.0,"33570,37683,41682,47075",3.0,4.0,Medium,19,No,3,0.18000248684809475,,14,MGR_141,Active,0
EMP_1874,41.0,male,Single,Bachelors,Customer Service,Customer Rep,"January 26, 2018",34373.0,"28124,31136",2.0,3.0,1,7,Yes,2,2.924140110688008,2017-04-21,0,MGR_163,Active,0
EMP_0880,44.0,M,married,PhD,Human Resources,HR Specialist,2017-01-06,54675.0,"37275,39546,41756,47027",3.0,2.0,Very Low,8,1,1,2.3337951963307093,2021-05-04,26,MGR_069,Active,0
EMP_0493,35.0,MALE,single,Bachelor,sales,Sales Manager,08/09/2011,83509.0,"59475,65202,68691,75824",4.0,4.0,nan,14,No,4,0.8336810697226666,2019-05-10,62,MGR_152,Active,0
EMP_1648,42.0,F,single,Master,Marketing,Marketing Manager,2013-06-02,67380.0,"47262,53815,58028",5.0,10.0,3,10,Yes,0,0.7854215561601262,2015-08-14,18,MGR_022,Active,0
EMP_0029,30.0,female,single,Bachelors,HR,HR Manager,2013-10-22,71259.0,"58240,64094",2.0,4.0,3,10,nan,4,1.5588007218266746,,2,MGR_055,Active,0
EMP_1171,41.0,female,Single,Bachelor,Engineering,Software Engineer,11/26/2019,76566.0,"53914,57240,66203",4.0,2.0,Medium,11,No,3,3.1761763463329444,2024-03-22,3,MGR_117,Active,0
EMP_0551,35.0,Male,married,Bachelor,Sales,Sales Representative,07-01-2016,54784.0,"35837,38173,41118,48052",2.0,2.0,3,16,nan,0,1.5009809042320152,,26,MGR_188,Active,0
EMP_0349,29.0,Male,single,High School,Marketing,Digital Marketer,2022-02-28,47545.0,44311,4.0,2.0,3,17,Yes,6,3.537548806824741,2020-08-04,0,MGR_017,Active,0
EMP_0012,31.0,male,Married,Bachelors,Customer Support,Support Specialist,2012-05-28,33492.0,,3.0,4.0,1,14,No,2,2.37671195349775,2021-11-24,18,MGR_199,Active,0
EMP_0121,41.0,Male,married,High School,Operations,Operations Manager,10-04-2015,,,5.0,2.0,3,3,Yes,4,3.890339297978655,2019-09-15,42,MGR_079,Terminated,1
EMP_1737,26.0,MALE,Single,High School,Engineering ,Senior Engineer,2011-01-27,84505.0,73988,2.0,3.0,nan,28,Yes,1,4.394328868910379,2016-06-08,13,MGR_144,Laid Off,1
EMP_1965,39.0,F,Married,BS,HR,HR Generalist,02-02-2024,46013.0,"33649,38942,41675",4.0,3.0,1,14,Yes,3,0.37428777488522047,2018-03-05,1,MGR_038,Active,0
EMP_0107,50.0,Female,Married,High School,Sales,Sales Rep,26-12-2012,51594.0,"45180,48504",2.0,4.0,4,6,No,1,0.18340722451720348,2024-01-23,18,MGR_064,Terminated,1
EMP_0933,23.0,male,married,Bachelor,HR,HR Specialist,21-10-2017,53066.0,"33110,38148,41396,47655",3.0,2.0,1,8,No,3,0.5143527791275089,,23,MGR_181,Active,0
EMP_0316,35.0,F,Single,Masters,Customer Support,Support Specialist,"November 12, 2023",42129.0,,4.0,5.0,4,14,Yes,2,1.6598789183721825,2018-03-21,57,MGR_127,Active,0
EMP_0877,30.0,Female,single,PhD,Sales,Account Manager,11/11/2017,75962.0,"65391,70512",4.0,5.0,4,4,Yes,1,1.0811528750672184,2019-09-19,24,MGR_195,Active,0
EMP_0794,24.0,F,single,High School,Engineering ,Senior Engineer,2011-07-24,123332.0,111661,3.0,5.0,1,9,No,1,2.4792964777280257,2021-04-19,24,MGR_110,Terminated,1
EMP_1472,30.0,Male,Married,Bachelors,Operations,Process Specialist,,59174.0,"45009,48394,53418",3.0,4.0,5,5,FALSE,1,8.761416527550525,2018-08-08,27,,Resigned,1
EMP_0729,30.0,MALE,Single,High school,R&D,Product Developer,12/13/2019,78051.0,"49418,53846,60236,69946",3.0,4.0,4,1,No,3,0.31531065318761753,2024-04-04,3,MGR_114,Active,0
EMP_0801,42.0,M,Single,Bachelors,Marketing,Marketing Specialist,"February 16, 2024",39403.0,36379,2.0,4.0,3,1,FALSE,2,,2022-11-04,14,,Resigned,1
EMP_1080,41.0,Male,single,Bachelor,Sales,Sales Manager,2017-08-01,110665.0,95573,3.0,4.0,1,5,No,0,2.4642752927667257,2019-12-12,31,MGR_167,Active,0
EMP_1833,42.0,M,Single,Masters,Sales,Sr. Sales Rep,"July 24, 2020",66995.0,,3.0,4.0,nan,1,No,6,2.599024406025073,2021-06-18,43,MGR_052,Active,0
EMP_0087,42.0,Female,Divorced,Bachelor,Engineering,Software Engineer,07-01-2017,93418.0,"77335,87606",2.0,4.0,1,15,No,1,2.029089812468414,2024-02-29,1,MGR_123,Active,0
EMP_9553,24.0,M,Divorced,Bachelor,Sales,Sales Manager,2019-06-22,71008.0,61746,4.0,5.0,3,12,Yes,1,0.6245049447924573,2024-05-08,17,MGR_062,Resigned,1
EMP_1645,26.0,Female,married,High School,Customer Service,Support Specialist,2012-08-05,,,5.0,1.0,3,4,Yes,1,0.4766559776213214,2017-10-17,1,MGR_186,Terminated,1
EMP_0693,26.0,Female,single,BS,Engineering,Engineering Manager,"August 26, 2019",102863.0,"60366,69730,79966,88393",3.0,5.0,5,Remote,No,0,1.4450920015870723,2016-01-07,8,MGR_194,Active,0
EMP_1301,29.0,Male,Single,Bachelors,Sales,Sr. Sales Rep,2021-03-20,64873.0,"44952,48875,52472,56804",2.0,2.0,4,27,Yes,3,4.8622910652262705,2018-04-15,3,MGR_087,Terminated,1
EMP_0825,31.0,Male,Single,Bachelor,Customer Support,CS Manager,09/27/2022,71243.0,,2.0,5.0,3,23,FALSE,3,2.416279229553642,2024-08-31,63,MGR_095,Resigned,1
EMP_0566,31.0,M,married,Bachelors,R&D,Research Scientist,"November 14, 2014",96756.0,"63234,71062,78668,90394",5.0,3.0,4,2,N,3,1.8719521212705492,2020-06-08,43,MGR_126,Active,0
EMP_1001,46.0,male,single,Master,Sales,Sr. Sales Rep,11/24/2010,59162.0,"38285,41085,47370,53743",4.0,4.0,5,19,No,3,3.0990668802542753,2021-05-13,0,MGR_008,Terminated,1
EMP_0670,43.0,Female,married,MA,Sales,Sales Rep,10/10/2022,52498.0,"32297,37707,44321,49231",4.0,2.0,3,12,N,2,3.5665027915148233,2020-11-07,13,MGR_198,Terminated,1
EMP_1378,43.0,F,Married,Masters,R&D,R&D Manager,2014-09-15,125932.0,"90183,105326,118261",3.0,3.0,4,16,Yes,5,0.14436442039787173,2017-06-19,17,,Active,0
EMP_0064,25.0,Male,S,High School,Marketing,Digital Marketer,2020-04-17,59550.0,56511,3.0,5.0,3,44,No,3,0.8104259924278523,2020-08-08,3,MGR_007,Active,0
EMP_0013,36.0,Female,Married,BA,Customer Service,CS Manager,12-03-2010,63985.0,,2.0,2.0,3,,No,2,2.623310301662594,2018-11-27,27,MGR_154,Active,0
EMP_0982,38.0,M,married,Bachelor,Sales,Account Manager,2024-06-24,84123.0,"69120,74835",2.0,2.0,4,15,No,3,0.45703509098210515,,16,MGR_151,Active,0
EMP_0853,29.0,F,D,Bachelor,Operations,Operations Analyst,18-11-2024,72966.0,68660,4.0,2.0,1,5,No,4,3.012788019311114,2017-11-14,13,MGR_009,Active,0
EMP_1274,32.0,M,S,Masters,Customer Service,CS Manager,09/09/2014,71664.0,,3.0,3.0,2,47,Yes,1,7.674707549106343,2016-08-28,3,MGR_016,Terminated,1
EMP_0967,29.0,Female,Married,Master,Sales,Account Manager,"June 08, 2016",66808.0,57923,3.0,2.0,2,7,No,2,3.491706735844223,2016-09-04,0,MGR_137,Active,0
EMP_1385,40.0,male,married,Bachelor,Sales,Account Manager,2019-03-21,49772.0,46984,3.0,2.0,Very Low,4,No,2,3.9579417307041043,2017-05-09,7,MGR_094,Active,0
EMP_1532,20.0,Male,Single,Master,Human Resources,HR Manager,"February 08, 2011",52480.0,"36976,42283,45053,48630",3.0,4.0,3,9,No,3,0.5325704755414289,,4,MGR_033,Active,0
EMP_0076,41.0,Female,married,Master,Sales,Sales Rep,2017-04-13,46271.0,41215,2.0,2.0,4,40,No,3,2.4351818960144564,,1,MGR_037,Terminated,1
EMP_1034,40.0,female,married,Bachelors,Engineering,Jr. Software Engineer,2020/15/30,72153.0,"53974,59591,63723,68237",2.0,5.0,2,13,No,1,0.9764805532472198,2016-02-24,1,,Active,0
EMP_0237,18.0,Female,married,Masters,Engineering,Jr. Software Engineer,10/02/2011,68596.0,"43493,50769,59345,64484",1.0,1.0,3,,No,3,1.6399163639696963,2023-03-23,2,MGR_164,Terminated,1
EMP_0576,18.0,Female,single,Bachelor,Engineering,Jr. Software Engineer,"June 30, 2023",62092.0,"36349,41609,46321,53283",5.0,4.0,1,Remote,No,1,2.176210944326967,,2,MGR_186,Active,0
EMP_1197,34.0,F,D,Bachelor,Marketing,Marketing Specialist,12/17/2019,59211.0,"44035,50888,53712",3.0,2.0,4,2,No,0,0.10723018648817186,2021-12-31,16,MGR_105,Active,0
EMP_0168,50.0,MALE,Single,Bachelor,sales,Sales Manager,2020-09-01,,,2.0,3.0,3,28,No,4,1.319056164857188,2019-10-28,24,MGR_147,Terminated,1
EMP_0481,33.0,M,Married,BS,Operations,Operations Manager,07-02-2012,81802.0,75015,3.0,5.0,2,12,Y,3,0.3035200031056549,2020-03-19,25,MGR_198,Active,0
EMP_0217,28.0,Male,married,Bachelor,Sales,Account Manager,11-02-2010,77942.0,,4.0,3.0,3,18,No,2,4.701680132654764,,1,MGR_136,Active,0
EMP_0396,31.0,Male,Single,High School,Sales,Sales Rep,07-08-2013,43020.0,,2.0,1.0,4,17,Yes,2,0.0956279218282709,2018-06-04,28,MGR_112,Active,0
EMP_0689,40.0,F,single,PhD,Customer Service,Support Specialist,,41957.0,,3.0,5.0,1,12,No,1,0.3957690472399786,2017-11-22,31,MGR_042,Active,0
EMP_1638,38.0,Female,married,PhD,sales,Account Manager,"September 04, 2017",82355.0,"72158,77429",5.0,0.0,4,25,Yes,2,0.3117707888684948,,18,MGR_130,Terminated,1
EMP_1528,47.0,female,married,BS,Customer Service,Support Specialist,"November 19, 2019",45143.0,"30661,35663,41632",2.0,3.0,3,8,Yes,1,0.09304445944155168,2024-10-21,-10,MGR_073,Active,0
EMP_0862,22.0,MALE,D,Bachelors,HR,Recruiter,2022-02-10,62006.0,,1.0,4.0,3,18,No,4,0.8596332836979337,2016-02-04,11,MGR_113,Active,0
EMP_0823,53.0,Male,Married,High School,Engineering ,Senior Engineer,2023-11-02,118214.0,109246,3.0,3.0,4,22,No,3,4.411024083861898,2023-11-12,5,MGR_079,Active,0
EMP_1789,37.0,female,single,Bachelor,Sales,Sales Rep,03/13/2013,66136.0,62533,3.0,3.0,2,7,No,0,2.017518028246633,2020-02-24,55,MGR_078,Terminated,1
EMP_0797,34.0,Male,Divorced,BS,Marketting,Digital Marketer,17-08-2014,45656.0,,,5.0,4,48,No,1,1.4272490992369748,2025-04-16,15,MGR_138,Terminated,1
EMP_1577,22.0,M,Single,Bachelor,sales,Sales Manager,03-06-2011,87298.0,"52473,61602,68194,78613",3.0,5.0,4,12,No,2,5.114030861894807,2015-12-15,16,,Active,0
EMP_1154,24.0,M,Married,Bachelor,Operations,Process Specialist,20-06-2024,54204.0,,2.0,4.0,2,9,No,2,0.5186782944223716,2018-04-27,24,,Active,0
EMP_0905,36.0,MALE,Single,BS,Finance,Financial Analyst,"November 03, 2017",71335.0,,3.0,4.0,2,3,No,2,5.260566991177663,2023-01-08,7,MGR_027,Active,0
EMP_9987,37.0,M,single,Bachelor,Sales,Account Manager,11/20/2012,68326.0,"50401,58740",2.0,2.0,Medium,8,No,5,0.24193618860128974,,3,MGR_127,Active,0
EMP_0920,36.0,M,married,nan,Engineering,DevOps Engineer,16-08-2011,113615.0,"74577,83351,88195,101478",2.0,4.0,2,1,No,2,0.5957482159123708,2022-06-06,8,MGR_072,Retired,1
EMP_0289,37.0,Female,married,Bachelors,R&D,Research Scientist,"November 08, 2018",70763.0,"54691,59162,66977",3.0,3.0,3,4,No,2,2.8752597265804627,2015-11-21,21,MGR_102,Resigned,1
EMP_1256,25.0,M,married,High School,Operations,Operations Analyst,"August 06, 2024",50826.0,"32891,35700,41853,48217",3.0,10.0,2,14,Yes,3,1.9464538344953686,2024-01-28,4,MGR_105,Terminated,1
EMP_0910,52.0,MALE,single,High School,Sales,Sales Rep,"June 06, 2021",44211.0,"27845,32720,37652,39804",2.0,4.0,3,7,No,3,3.149417798937657,2021-03-29,11,,Active,0
EMP_9754,35.0,M,married,Bachelor,Finance,Accountant,27-11-2017,57915.0,"38328,43952,50510",3.0,1.0,High,5,FALSE,2,5.99332444463156,2015-12-04,69,,Resigned,1
EMP_0824,32.0,Female,Married,Master,Sales,Sr. Sales Rep,28-09-2011,82178.0,"70137,76823",4.0,2.0,High,20,TRUE,3,2.953196356389184,2025-01-06,6,MGR_169,Active,0
EMP_0835,34.0,F,married,Masters,IT,System Admin,,70949.0,"45492,52786,57620,66343",3.0,3.0,4,3,Yes,5,1.241990099075919,2022-01-14,17,MGR_168,Active,0
EMP_0926,22.0,male,Married,Bachelors,Marketing,Digital Marketer,2021-08-31,55133.0,50519,3.0,3.0,Medium,1,TRUE,2,1.0347263900696884,,15,MGR_020,Terminated,1
EMP_1860,37.0,Female,Divorced,Bachelor,Marketing,Marketing Specialist,"August 25, 2017",62268.0,,4.0,4.0,Very Low,13,No,1,0.5605850679043017,,23,MGR_195,Terminated,1
EMP_1551,34.0,male,Single,PhD,Engineering ,Senior Engineer,30-03-2010,144913.0,"102695,117878,127186",5.0,5.0,3,,Yes,1,5.581133529073211,2016-06-29,6,MGR_085,Terminated,1
EMP_0491,34.0,Male,single,MS,Marketing,Marketing Manager,06/30/2022,80217.0,"51860,55486,59798,69460",3.0,3.0,4,13,No,1,3.1968786026117053,2016-03-03,73,MGR_104,Active,0
EMP_0590,28.0,Male,married,Master,Human Resources,Recruiter,2012-01-01,46734.0,"37238,43041",3.0,1.0,3,6,No,4,0.04465524364260344,2023-04-12,45,MGR_009,Active,0
EMP_1901,40.0,Male,married,Bachelor,Operations,Operations Analyst,03/28/2014,57202.0,,4.0,4.0,4,4,0,0,3.005775048114957,2020-11-16,8,MGR_162,Active,0
EMP_0145,37.0,F,Single,High School,Operations,Ops Analyst,05/07/2020,59679.0,56388,4.0,5.0,High,12,No,1,2.470864622446901,2023-08-07,6,MGR_120,Active,0
EMP_1966,35.0,F,Married,Bachelor,Operations,Operations Analyst,05/11/2019,72986.0,67604,3.0,5.0,2,1,No,1,1.993357176875958,2020-07-29,42,MGR_177,Active,0
EMP_0552,33.0,female,Married,MA,Sales,Sales Representative,22-12-2017,,,4.0,4.0,1,7,0,1,0.846686637525855,2020-10-12,7,MGR_173,Active,0
EMP_0946,26.0,female,D,Bachelor,Engineering ,Software Engineer,10-04-2015,85724.0,"72638,79511",2.0,4.0,5,16,No,1,3.669664998064968,2025-04-12,33,MGR_068,Active,0
EMP_1497,51.0,female,married,High School,IT,IT Specialist,14-09-2021,71317.0,"50491,54754,60644,66492",3.0,4.0,4,7,Yes,2,3.753655216166322,2023-11-20,2,MGR_155,Terminated,1
EMP_1424,28.0,F,Single,MS,Customer Service,Customer Rep,12/26/2017,26952.0,24122,4.0,4.0,4,4,Yes,4,,2025-05-14,57,MGR_056,Active,0
EMP_0358,32.0,Male,Single,Masters,Sales,Account Manager,10/19/2020,68277.0,"45135,49642,58221,62735",3.0,5.0,3,1,No,0,2.436837757997372,2024-10-02,13,,Active,0
EMP_1314,39.0,Male,Married,MA,Sales,Sales Rep,"October 05, 2023",43312.0,"37903,40747",5.0,4.0,2,50,Yes,0,1.3068400156307096,2019-03-21,6,MGR_106,Active,0
EMP_1126,25.0,Male,married,High School,Finance,Senior Analyst,2022-02-17,63147.0,"53577,59221",2.0,3.0,1,3,Yes,0,6.845979770408903,2016-07-08,54,MGR_011,Active,0
EMP_9578,49.0,male,single,MA,Finance,Finance Manager,05/16/2010,96192.0,"77013,84933",2.0,5.0,Medium,18,Yes,3,,,13,MGR_004,Active,0
EMP_0222,20.0,M,Married,PhD,Marketing,Marketing Analyst,29-08-2019,52661.0,45781,4.0,4.0,2,38,Yes,1,3.892638733562811,,4,MGR_027,Active,0
EMP_1527,50.0,M,Single,Bachelors,Marketing,Digital Marketer,11/29/2015,61976.0,"45404,51880,58641",2.0,4.0,4,,No,1,0.5173938886661644,2024-12-13,29,MGR_032,Active,0
EMP_1644,38.0,F,Single,nan,IT,IT Specialist,20-01-2021,57324.0,54213,3.0,4.0,1,1,No,2,0.20462446481586086,2022-03-26,83,MGR_131,Terminated,1
EMP_1489,22.0,F,M,Master,Marketing,Digital Marketer,07-11-2018,62675.0,53809,3.0,5.0,Very Low,1,No,1,1.0283598251758739,2021-03-26,10,MGR_107,Active,0
EMP_1981,27.0,Male,single,High School,Finance,Accountant,"July 24, 2014",67426.0,"39826,46697,54712,62911",1.0,2.0,4,1,Yes,2,1.297260984948181,2023-09-01,25,MGR_158,Active,0
EMP_0753,27.0,Male,married,BA,Marketing,Marketing Specialist,2015-09-09,49559.0,"35029,40382,43064",3.0,3.0,3,21,No,0,0.34966158114371887,2019-10-09,10,MGR_104,Active,0
EMP_1769,35.0,male,Married,MA,Engineering,Jr. Software Engineer,07/07/2021,55953.0,"39755,43944,50282",4.0,3.0,1,10,Yes,1,0.6849313101712348,2025-05-14,17,MGR_155,Active,0
EMP_0792,36.0,male,married,Master,Finance,Finance Manager,"November 28, 2016",117820.0,"97587,109477",5.0,5.0,4,10,Yes,1,4.869283911074713,2023-05-09,19,MGR_006,Active,0
EMP_1365,44.0,M,Married,Bachelors,Engineering,DevOps Engineer,2023-11-16,75162.0,65680,4.0,3.0,Low,8,No,1,0.26592568773092246,2025-04-02,17,MGR_173,Active,0
EMP_1872,33.0,F,single,Master,Engineering,DevOps Engineer,2010-01-04,117701.0,"93280,104045",4.0,2.0,4,18,No,1,1.8591901125499064,2016-02-21,1,MGR_095,Active,0
EMP_1832,36.0,Female,single,Masters,IT,Software Engineer,03/24/2014,102603.0,"66663,73794,83383,95014",3.0,3.0,3,9,Yes,2,0.10823947990482871,2018-12-05,6,MGR_090,Terminated,1
EMP_1544,31.0,Female,Single,Bachelor,Operations,Operations Manager,Invalid Date,92817.0,79132,2.0,4.0,3,42,No,1,2.544716373596852,2023-05-14,7,MGR_088,Active,0
EMP_0942,41.0,Male,D,High School,Engineering,Engineering Manager,"November 27, 2021",125312.0,"91851,97291,113368",3.0,4.0,4,37,nan,1,0.16518661765293488,2020-11-14,1,MGR_029,Active,0
EMP_0659,36.0,female,Divorced,High School,Engineering,DevOps Engineer,"August 13, 2019",81601.0,"50920,54652,61207,69429",3.0,3.0,Very High,29,No,1,,2017-12-19,2,MGR_018,Resigned,1
EMP_0317,40.0,Male,single,High School,Engineering,DevOps Engineer,25-03-2010,111661.0,"88219,96686",4.0,4.0,2,1,No,1,7.651220121142065,2023-03-27,4,MGR_015,Active,0
EMP_1576,,F,D,Bachelor,Customer Service,Customer Rep,2014-07-18,,,4.0,5.0,3,45,No,4,1.5031178858048369,2024-01-02,11,MGR_156,Active,0
EMP_1376,33.0,male,Single,Bachelors,Sales,Sales Manager,09/12/2012,92900.0,,3.0,3.0,5,7,FALSE,2,1.3431551179987722,2018-01-15,58,,Active,0
EMP_1490,45.0,Male,Married,Bachelor,Marketing,Marketing Specialist,"July 13, 2014",60993.0,,3.0,3.0,High,19,No,1,2.2590272355220953,2017-06-04,10,MGR_170,Active,0
EMP_0957,37.0,Female,Married,Bachelor,Customer Support,CS Manager,"March 30, 2022",,,3.0,2.0,Very High,31,No,2,6.962796835495886,2023-07-19,14,,Active,0
EMP_0381,28.0,Male,Married,Bachelor,Sales,Account Manager,2012-03-23,93091.0,,2.0,3.0,4,21,Yes,2,0.5066020977204695,2016-07-25,12,,Active,0
EMP_0453,27.0,male,single,PhD,sales,Sales Manager,11-06-2013,78960.0,"49961,54479,62889,70590",4.0,4.0,2,8,No,3,0.31890148797069223,2015-09-22,1,MGR_171,Active,0
EMP_0032,49.0,Male,Single,PhD,Customer Service,CS Manager,"November 16, 2017",70168.0,"54601,63269",2.0,2.0,4,19,Yes,1,0.3362129297294656,2024-02-21,40,MGR_119,Active,0
EMP_0913,36.0,F,Single,Bachelors,Operations,Operations Analyst,2024-02-20,56629.0,"37571,40912,43887,50499",4.0,2.0,3,44,Yes,3,0.7451809709196554,2019-04-25,39,MGR_069,Active,0
EMP_0820,43.0,Female,D,Bachelor,Engineering ,Senior Engineer,"September 20, 2010",117180.0,109871,4.0,5.0,4,Remote,Yes,1,0.3666890604700401,2018-04-26,8,,Active,0
EMP_0773,40.0,Male,married,Bachelors,sales,Account Manager,"May 01, 2019",67324.0,"46452,51399,55757,62302",2.0,4.0,4,50,No,4,0.21200405525621324,2019-03-18,12,MGR_002,Active,0
EMP_1848,16.0,Male,Single,Bachelor,Operations,Operations Manager,01/04/2010,108483.0,"67769,76958,82063,93348",3.0,1.0,3,1,No,1,0.032384515043448005,2023-11-12,62,MGR_048,Active,0
EMP_0078,32.0,F,married,High School,IT,IT Specialist,"November 16, 2014",73906.0,,4.0,,Medium,12,FALSE,4,1.062416084507149,,10,MGR_161,Active,0
EMP_1697,26.0,Female,married,Bachelor,Sales,Sr. Sales Rep,"November 15, 2022",43608.0,38208,6.0,1.0,1,40,TRUE,1,0.8523489538455882,2019-10-31,12,MGR_196,Terminated,1
EMP_0185,33.0,female,Single,High School,Finance,Accountant,04-02-2013,47685.0,"34168,39150,44310",3.0,4.0,Medium,18,No,2,1.4210872348450396,2024-05-12,30,MGR_035,Active,0
EMP_0473,,male,married,Master,Human Resources,HR Specialist,09-04-2023,42689.0,"32926,36645",4.0,3.0,3,12,Yes,6,,2018-04-01,33,MGR_114,Active,0
EMP_1077,22.0,Female,Single,Bachelors,Finance,Financial Analyst,16-02-2019,74706.0,68431,3.0,3.0,Low,21,No,1,2.1931502017295097,2023-05-05,49,MGR_171,Active,0
EMP_0512,34.0,Male,Married,Master,Customer Support,CS Manager,02/19/2019,84248.0,"51064,57555,67573,73618",4.0,1.0,Low,14,nan,0,2.256920959980455,2015-12-31,23,MGR_142,Terminated,1
EMP_0992,18.0,MALE,S,Bachelors,HR,HR Manager,01/26/2012,78208.0,,4.0,4.0,3,18,No,0,0.27160510260587584,2018-01-21,8,MGR_097,Active,0
EMP_0698,24.0,male,Married,Bachelors,Sales,Sales Representative,"December 16, 2019",51762.0,46325,5.0,4.0,nan,8,No,2,1.0213743158172799,2019-01-13,16,MGR_135,Active,0
EMP_1728,41.0,M,single,Master,Human Resources,Recruiter,2020-12-08,57375.0,"39759,45705,51395",2.0,3.0,4,17,No,0,0.3508623033661438,2022-10-03,5,,Active,0
EMP_1121,43.0,Female,Single,High School,Operations,Operations Manager,04/08/2016,85601.0,"68004,72903",2.0,4.0,Very High,44,Yes,3,1.5961207810176217,2018-05-07,23,,Active,0
EMP_0684,38.0,Male,married,Bachelors,Engineering,Engineering Manager,17-01-2018,117495.0,,3.0,5.0,3,10,Yes,1,1.6872347251076132,2015-08-04,53,MGR_022,Active,0
EMP_0987,47.0,Male,married,Bachelor,Engineering,Software Engineer,"February 26, 2011",78987.0,67457,0.0,5.0,3,4,Yes,2,4.206076086730476,2022-11-27,55,MGR_122,Laid Off,1
EMP_0676,28.0,Male,Divorced,nan,Operations,Operations Analyst,02/15/2021,71329.0,"47423,52411,57105,65395",4.0,5.0,3,13,No,1,2.4033000424237656,2016-05-15,41,MGR_091,Active,0
EMP_0513,33.0,M,Married,Masters,Engineering,Software Engineer,"May 08, 2017",79872.0,,3.0,2.0,Very Low,9,Yes,0,0.5638070073693726,2023-06-23,90,MGR_080,Active,0
EMP_1984,41.0,male,Married,Bachelors,Marketing,Digital Marketer,2010-04-12,60526.0,,3.0,1.0,High,1,No,1,2.85133693332903,2021-08-19,16,MGR_093,Active,0
EMP_0938,40.0,F,Married,Master,Engineering,Senior Engineer,06/04/2024,88151.0,77404,4.0,2.0,Very High,17,Yes,1,5.496327924085536,2020-04-15,5,,Active,0
EMP_1350,33.0,Male,married,Bachelor,Enginnering,Software Engineer,22-03-2019,74670.0,"60266,64426,68769",1.0,3.0,5,1,No,1,2.4844949597282797,2020-03-08,5,MGR_053,Resigned,1
EMP_0984,34.0,Female,Single,Master,Sales,Sales Manager,12/25/2010,,,3.0,2.0,4,2,No,3,4.340239345331454,2016-09-18,4,,Active,0
EMP_0071,37.0,Female,Divorced,Bachelors,Customer Support,Customer Rep,"October 04, 2020",48169.0,"33757,37341,41102,45718",3.0,4.0,4,2,No,2,1.5241213257483675,2022-11-14,25,MGR_193,Active,0
EMP_0834,28.0,MALE,single,Bachelor,Enginnering,Software Engineer,01/13/2024,93457.0,"61651,65817,72809,84922",3.0,3.0,High,8,No,2,2.9537117399410233,,2,MGR_135,Terminated,1
EMP_0352,,Male,married,Masters,Sales,Sales Representative,02/14/2014,47877.0,"36635,39797,45296",2.0,4.0,3,3,Yes,4,1.1174281190142614,2019-02-13,0,MGR_052,Terminated,1
EMP_1972,18.0,female,Single,Bachelor,sales,Sales Manager,2023-08-15,87170.0,"69186,79763",4.0,1.0,4,24,0,1,0.3367711222089568,2016-12-14,61,MGR_118,Active,0
EMP_1329,25.0,Female,Married,BS,Customer Service,Customer Rep,2020/15/30,42680.0,,3.0,4.0,4,1,0,5,0.014010542215860913,2020-06-03,31,MGR_124,Active,0
EMP_0739,48.0,Female,M,Bachelor,HR,HR Generalist,32-12-2021,47652.0,"37484,43324",4.0,3.0,Medium,Close,Yes,0,0.46908670342702996,2017-01-09,0,MGR_175,Active,0
EMP_0945,,female,single,Master,Sales,Sales Rep,"October 02, 2023",52650.0,"37781,43310,48417",3.0,4.0,5,6,No,2,2.187801916513771,2019-11-07,23,MGR_115,Active,0
EMP_0637,41.0,female,Married,Bachelor,Operations,Operations Manager,04/16/2019,87550.0,"62055,72983,82397",4.0,2.0,3,Remote,Yes,3,0.18511826142045015,2018-07-19,0,,Active,0
EMP_1714,,F,M,Bachelor,Engineering,Jr. Software Engineer,05/15/2016,61459.0,58083,4.0,5.0,4,6,No,0,,2024-02-12,35,,Active,0
EMP_1891,39.0,Female,married,Bachelors,Engineering ,Senior Engineer,07/05/2011,130602.0,,4.0,3.0,2,16,Yes,1,2.6268262626061265,2023-12-25,7,,Active,0
EMP_1185,27.0,male,D,Master,Customer Service,Customer Rep,16-05-2011,38394.0,"25594,29184,33177,35171",2.0,4.0,2,1,No,2,2.5861971943864495,,22,MGR_141,Active,0
EMP_0039,24.0,M,Divorced,Bachelor,Sales,Sales Manager,2019-06-22,71008.0,61746,4.0,5.0,3,12,Yes,1,0.6245049447924573,2024-05-08,17,MGR_062,Resigned,1
EMP_1698,29.0,M,married,Masters,Customer Service,Customer Rep,17-03-2019,33890.0,"25493,28439,29945",2.0,5.0,3,4,Yes,3,0.20125126966222007,2019-10-23,1,MGR_020,Terminated,1
EMP_0062,33.0,male,married,Bachelors,Operations,Ops Analyst,2011-10-19,69483.0,,3.0,4.0,4,2,No,0,3.000965544899091,2016-02-29,1,MGR_097,Active,0
EMP_0342,36.0,Male,Single,MA,Operations,Ops Analyst,"March 01, 2017",64544.0,"42239,45254,51957,56985",4.0,5.0,4,7,TRUE,3,2.081581789117636,2020-07-10,10,MGR_097,Resigned,1
EMP_1745,27.0,male,Married,PhD,Sales,Sr. Sales Rep,04/09/2012,66194.0,60845,4.0,4.0,5,2,0,2,0.6399025236683842,2017-05-09,20,MGR_019,Active,0
EMP_0131,22.0,M,single,Bachelors,IT,IT Specialist,2017-08-24,66312.0,60507,1.0,3.0,5,3,Yes,1,0.6974192265820501,2019-07-07,23,MGR_044,Active,0
EMP_0047,31.0,Male,Married,High School,Sales,Sales Representative,07/13/2022,41972.0,39011,4.0,3.0,5,16,Yes,4,0.17685327091185205,,46,MGR_083,Active,0
EMP_0309,39.0,M,D,Master,Marketing,Digital Marketer,11-04-2021,59420.0,"42101,46936,53551",1.0,2.0,3,17,No,2,,2022-02-19,6,MGR_011,Active,0
EMP_1510,46.0,Female,single,Masters,Finance,Finance Manager,2019-03-28,112197.0,"71548,81936,92362,100739",2.0,4.0,1,7,No,0,0.6276275903077245,2022-12-12,1,MGR_122,Active,0
EMP_0019,27.0,Male,single,Bachelors,Customer Service,CS Manager,"June 14, 2017",67511.0,"40963,44929,50913,59184",4.0,4.0,Medium,39,No,0,1.9994778255910044,2016-11-09,13,MGR_115,Active,0
EMP_1917,28.0,Male,married,Bachelors,Marketing,Marketing Manager,01/26/2018,52280.0,"45420,48811",2.0,0.0,1,2,N,3,3.131416635991869,2025-04-05,4,MGR_005,Active,0
EMP_0302,30.0,F,married,Master,Customer Service,Customer Rep,"February 21, 2017",40702.0,37399,2.0,5.0,3,9,FALSE,4,0.7324504979163977,2024-10-28,66,MGR_095,Terminated,1
EMP_1878,33.0,F,Divorced,Bachelor,Marketing,Marketing Analyst,01/01/2023,51854.0,48891,3.0,3.0,Low,5,No,1,3.8577698038948256,,70,MGR_132,Active,0
EMP_0667,32.0,female,Married,High school,Sales,Sales Manager,"December 06, 2017",86936.0,,3.0,2.0,5,18,No,6,0.2861057876977803,2021-06-24,0,MGR_079,Active,0
EMP_0655,55.0,Female,Married,Bachelors,Engineering,Software Engineer,"April 29, 2021",101793.0,"72775,80969,88710",4.0,1.0,1,33,Y,2,1.6754858477627919,2024-08-05,17,MGR_126,Active,0
EMP_1629,35.0,Male,single,Bachelors,Enginnering,Software Engineer,"September 19, 2014",102462.0,"82951,88469,94077",3.0,10.0,2,24,Yes,5,0.7313965359815707,2019-06-27,8,,Active,0
EMP_1360,36.0,F,married,MS,Finance,Senior Analyst,12/03/2011,55493.0,"44854,51578",,4.0,2,10,No,1,0.9142234161730365,2016-06-01,38,MGR_068,Active,0
EMP_1839,34.0,female,Divorced,High school,Finance,Senior Analyst,2022-12-03,83638.0,74157,3.0,5.0,2,25,No,0,2.5863956471626586,2020-01-29,14,MGR_029,Active,0
EMP_1540,18.0,male,single,Bachelor,Engineering,Jr. Software Engineer,01-09-2019,63601.0,"42718,48033,54819,58232",1.0,3.0,2,13,TRUE,2,0.7947175751814882,2021-03-08,12,MGR_017,Terminated,1
EMP_0633,33.0,Female,Married,Master,Finance,Accountant,"June 22, 2020",52442.0,,4.0,5.0,Very High,9,No,1,1.0383838322218644,2023-08-02,25,MGR_199,Terminated,1
EMP_0300,40.0,male,single,High School,Sales,Account Manager,2021-09-08,97978.0,92640,5.0,4.0,Very Low,23,Yes,2,3.4547055954879227,2017-07-19,3,MGR_072,Active,0
EMP_1763,35.0,M,married,BA,Marketing,Digital Marketer,08-11-2011,55067.0,,5.0,2.0,4,8,Yes,2,0.19850468693747242,,9,MGR_165,Active,0
EMP_0160,40.0,Female,married,Master,Marketing,Marketing Specialist,04-11-2020,71436.0,61503,3.0,4.0,3,5,No,6,0.3230750242065549,2020-07-14,4,MGR_078,Active,0
EMP_0021,46.0,M,Married,MS,Engineering,Software Engineer,"December 07, 2012",90514.0,"71418,75229,85295",3.0,2.0,3,11,FALSE,1,2.3979048937978598,2020-01-22,10,MGR_146,Terminated,1
EMP_0137,28.0,Male,D,MA,Engineering,Senior Engineer,2012-10-20,89983.0,"60303,67345,78198,82961",4.0,5.0,1,15,Yes,3,2.8221435502064307,2023-10-26,2,MGR_074,Active,0
EMP_0199,35.0,F,Married,Bachelors,Sales,Account Manager,10/22/2023,69666.0,"48019,53764,57421,61012",2.0,2.0,4,Near,Yes,5,3.6858172590278717,2017-08-14,6,MGR_015,Resigned,1
EMP_1742,33.0,F,married,Bachelors,Sales,Sr. Sales Rep,"March 17, 2015",67535.0,,4.0,3.0,2,40,No,2,0.015020875588407171,2019-12-12,56,MGR_175,Active,0
EMP_0609,20.0,Male,Single,Masters,Human Resources,HR Specialist,2018-04-29,46295.0,"32021,35681,41743",4.0,1.0,4,2,Yes,3,4.770039130040959,2015-12-29,28,,Active,0
EMP_0728,37.0,male,single,Master,Engineering,Software Engineer,18-05-2010,,,4.0,2.0,Low,9,No,4,2.9249146190498636,2016-04-07,12,,Active,0
EMP_1316,24.0,female,D,High School,Sales,Account Manager,07/08/2010,,,3.0,4.0,3,11,Yes,0,0.43727643314699327,2020-08-20,0,MGR_096,Terminated,1
EMP_1598,51.0,female,single,MS,Engineering,DevOps Engineer,04/13/2019,86870.0,"58275,61495,69014,74245",3.0,2.0,4,7,1,2,3.441717404770181,2020-10-11,16,MGR_116,Active,0
EMP_0589,41.0,Male,married,Masters,Human Resources,Recruiter,2010-11-02,56344.0,"39650,42423,46242,51517",4.0,2.0,4,29,No,1,0.33529765420973195,2018-09-10,9,MGR_166,Terminated,1
EMP_0462,35.0,M,Single,Bachelors,Engineering,DevOps Engineer,2012-07-18,116708.0,"85341,92023,104516",4.0,3.0,Medium,4,No,3,1.0687260074490177,2017-08-15,44,,Active,0
EMP_1944,32.0,M,Married,Master,Sales,Account Manager,04-12-2013,51406.0,"41829,47219",3.0,4.0,4,1,No,3,0.5319034114858026,,32,MGR_066,Active,0
EMP_0232,36.0,male,Married,High School,Sales,Sales Manager,2011-11-27,,,3.0,2.0,2,50,No,2,1.6232883690110387,2022-12-04,5,MGR_057,Terminated,1
EMP_9744,34.0,Male,Single,Bachelors,Operations,Operations Analyst,06/11/2023,51890.0,,5.0,4.0,2,8,No,3,1.8974739802078484,2019-09-21,11,MGR_102,Active,0
EMP_1780,29.0,F,single,Bachelors,Finance,Finance Manager,09/02/2018,114976.0,"87848,94293,106931",2.0,5.0,3,12,No,4,0.3181628500747967,,3,,Terminated,1
EMP_0430,20.0,male,Married,Masters,HR,HR Manager,10/22/2022,75157.0,"56383,63932",2.0,3.0,4,2,Yes,1,0.6694246265953208,,24,,Active,0
EMP_1570,30.0,M,Single,MA,Engineering,Senior Engineer,2015-05-21,126349.0,,3.0,2.0,3,11,1,5,1.4968024585113628,2019-08-02,24,MGR_170,Active,0
EMP_0291,33.0,Female,Single,Master,Sales,Account Manager,2015-01-08,64896.0,,2.0,3.0,5,Remote,Yes,2,1.4166369027658987,2021-01-30,0,MGR_045,Resigned,1
EMP_0511,37.0,male,Single,Master,Sales,Sales Manager,03/04/2020,69872.0,"49848,56875,65361",3.0,4.0,2,7,No,1,0.2866024006452241,2021-06-04,36,MGR_152,Laid Off,1
EMP_0102,31.0,Male,married,Masters,Engineering,Jr. Software Engineer,"March 03, 2020",67410.0,63788,4.0,2.0,Medium,19,No,2,5.170809040687203,2022-07-26,19,MGR_111,Active,0
EMP_1099,42.0,M,single,PhD,sales,Account Manager,2011-04-09,79800.0,68185,4.0,5.0,4,45,No,1,3.373751927069011,2021-03-26,6,MGR_136,Resigned,1
EMP_1699,39.0,F,married,High School,IT,IT Specialist,2022-02-22,64523.0,"47539,52863,55868",5.0,,High,1,No,2,4.335971209966113,2018-03-18,28,MGR_157,Active,0
EMP_1312,41.0,M,single,Masters,Sales,Sr. Sales Rep,07/05/2017,53256.0,"35513,39438,43130,46027",4.0,5.0,3,Close,No,3,4.016070799096786,2019-07-15,2,MGR_162,Active,0
EMP_1033,38.0,M,Married,Master,Sales,Account Manager,10/15/2012,70586.0,,0.0,1.0,Medium,5,Yes,1,7.008556985791501,2022-03-25,1,,Active,0
EMP_0248,29.0,M,married,Master,sales,Account Manager,"January 26, 2023",57539.0,,5.0,5.0,3,1,Yes,1,0.776324940769073,2023-06-27,7,MGR_087,Active,0
EMP_1816,27.0,MALE,Single,Bachelor,Marketing,Marketing Analyst,2020/15/30,62348.0,"44014,47183,54481",1.0,3.0,3,32,No,2,0.19587752793624597,2023-07-05,22,MGR_004,Laid Off,1
EMP_0540,30.0,female,Single,Bachelor,IT,System Admin,21-07-2010,69413.0,"45229,50271,54691,61639",3.0,3.0,4,7,Yes,4,6.6343053728359,,3,MGR_074,Terminated,1
EMP_0258,29.0,Male,married,BA,sales,Account Manager,06/13/2016,82022.0,"62741,69101,76662",2.0,3.0,1,4,No,1,0.7205348667624398,2020-12-06,5,MGR_087,Active,0
EMP_0515,30.0,male,Married,Bachelors,Sales,Sr. Sales Rep,03/06/2014,70878.0,"56149,64618",1.0,4.0,3,4,TRUE,3,1.0493445881978285,2016-06-12,8,MGR_094,Active,0
EMP_1691,39.0,female,Married,Master,Customer Service,Support Specialist,27-06-2020,46407.0,"31093,32934,38329,42231",4.0,4.0,5,,1,3,6.391688673311424,,18,MGR_195,Terminated,1
EMP_0625,,Female,Single,High School,Sales,Account Manager,"April 12, 2020",63466.0,59855,3.0,4.0,High,15,FALSE,3,0.5274165596802898,2017-10-07,0,MGR_157,Active,0
EMP_1542,49.0,Female,married,Bachelors,sales,Sales Rep,"July 28, 2023",42024.0,"25541,28113,31781,37020",4.0,2.0,4,1,Yes,3,0.8560654325832479,2024-11-11,17,MGR_150,Active,0
EMP_0180,56.0,F,D,High School,Engineering,Software Engineer,"August 06, 2024",106346.0,"65413,75615,87242,97339",1.0,3.0,3,3,No,1,3.054437110976441,2023-10-11,62,MGR_084,Terminated,1
EMP_1087,43.0,Male,single,Bachelor,HR,HR Generalist,10/15/2015,51536.0,"34872,38830,40929,43945",3.0,1.0,4,12,No,1,8.653674317316367,,20,MGR_198,Active,0
EMP_1574,24.0,male,Married,Master,Finance,Senior Analyst,"March 11, 2013",79524.0,"53222,57158,66795,71952",3.0,4.0,4,4,No,4,4.038492416710229,2022-12-13,9,MGR_175,Active,0
EMP_1022,30.0,MALE,married,High School,Engineering ,Senior Engineer,"August 13, 2010",99128.0,"79762,91409",3.0,3.0,2,,No,1,5.248789446491737,2020-05-20,23,MGR_183,Resigned,1
EMP_0838,27.0,M,Single,MS,Operations,Process Specialist,2017-01-01,54854.0,51865,4.0,3.0,1,37,No,0,3.43114307526489,2019-05-29,14,MGR_099,Active,0
EMP_1201,36.0,male,Single,PhD,Customer Support,Support Specialist,2014-06-17,46897.0,"38108,42568",2.0,1.0,3,9,No,2,3.08911593697272,2023-01-08,7,MGR_039,Active,0
EMP_0502,50.0,Female,Married,Bachelor,sales,Sales Rep,2011-09-08,61707.0,"39385,44422,48158,53957",3.0,1.0,4,50,No,4,0.7417310223142431,2017-05-28,42,MGR_077,Terminated,1
EMP_1212,29.0,Male,Married,Bachelors,Sales,Sales Representative,"October 12, 2020",51168.0,47088,5.0,5.0,4,14,No,0,1.2927657207944023,2018-05-15,0,MGR_193,Active,0
EMP_0351,37.0,M,Single,High School,Operations,Process Specialist,08/16/2021,39643.0,"27504,32040,36156",4.0,4.0,Medium,4,1,4,1.398607210782954,2020-05-25,12,MGR_105,Terminated,1
EMP_0621,28.0,male,Married,Bachelor,IT,IT Specialist,2015-02-14,83452.0,"56622,63225,70945,76662",4.0,10.0,4,3,No,4,0.5929633567303834,2020-09-18,29,MGR_029,Active,0
EMP_0813,46.0,F,Single,Master,Finance,Financial Analyst,16-07-2015,68490.0,"56979,61493",2.0,3.0,2,27,No,2,3.0002696820372403,2023-08-23,59,MGR_011,Active,0
EMP_0270,36.0,M,S,Bachelor,Sales,Sales Manager,10/28/2012,71415.0,"58087,62991,66625",2.0,4.0,2,7,No,4,,2022-06-02,0,MGR_124,Active,0
EMP_0886,49.0,female,married,Bachelor,Operations,Operations Manager,09/18/2012,97973.0,85954,2.0,4.0,Very Low,1,No,1,1.2575119167366127,2020-03-13,0,MGR_171,Active,0
EMP_1429,33.0,F,Married,Bachelors,Finance,Financial Analyst,2017-09-26,59756.0,"42667,46953,51068,55213",4.0,2.0,2,31,No,5,1.8660976846735329,2021-09-29,100,MGR_167,Active,0
EMP_0183,26.0,Female,M,Master,Sales,Sales Manager,30-12-2014,86609.0,"56101,63988,67639,76240",2.0,4.0,Low,10,No,2,2.9031560938538257,2020-09-04,36,MGR_133,Active,0
EMP_1494,36.0,F,Single,Bachelors,Operations,Process Specialist,2021-07-19,63627.0,,4.0,4.0,5,14,No,0,0.14421077025654364,2017-09-09,2,MGR_142,Active,0
EMP_0955,34.0,F,Single,Master,Customer Support,CS Manager,2013-11-09,63931.0,"42396,49576,55371,60426",3.0,2.0,2,2,No,3,0.008141925654785522,2015-12-22,1,MGR_166,Active,0
EMP_1672,32.0,MALE,single,Bachelors,Marketing,Marketing Analyst,"June 05, 2024",64701.0,"46942,49704,53352,56969",4.0,5.0,Medium,11,Yes,0,0.19059441374660444,2017-02-18,9,MGR_130,Retired,1
EMP_0746,29.0,male,Single,Bachelors,sales,Account Manager,"January 19, 2019",79864.0,,3.0,4.0,3,9,No,3,2.445080402600295,2022-07-06,25,MGR_044,Active,0
EMP_1709,33.0,Female,single,Master,Sales,Sr. Sales Rep,30-10-2017,80043.0,,5.0,1.0,4,10,Yes,2,0.9976308534821996,2016-12-13,19,MGR_162,Resigned,1
EMP_1687,31.0,Female,Single,PhD,Finance,Finance Manager,2010-12-19,89091.0,81888,4.0,4.0,High,4,No,3,0.39371161876380767,2015-11-11,15,MGR_121,Active,0
EMP_1247,35.0,F,Married,Bachelor,Sales,Sales Manager,22-04-2011,110102.0,"74007,81345,93165,102088",2.0,3.0,3,,Yes,5,3.6078880819546564,2024-11-12,13,MGR_100,Active,0
EMP_1078,,F,single,Bachelor,Sales,Sales Manager,2011-03-14,80715.0,"67245,71497",2.0,3.0,4,8,No,5,1.3781690955979355,2016-11-05,9,MGR_105,Terminated,1
EMP_0285,52.0,male,married,PhD,Engineering,Engineering Manager,2022-07-14,179385.0,,2.0,2.0,High,34,No,4,0.7264597297378285,2018-05-01,41,MGR_020,Active,0
EMP_1571,41.0,Male,married,High School,Marketing,Marketing Manager,14-04-2019,85149.0,,2.0,5.0,3,32,Y,2,1.266795331019103,,1,MGR_021,Active,0
EMP_0259,,male,Married,Master,Operations,Ops Analyst,01/15/2017,31614.0,"26482,28524",4.0,4.0,3,,No,3,2.73848512698054,,13,MGR_182,Active,0
EMP_1560,32.0,M,married,Master,Operations,Operations Analyst,2020/15/30,70480.0,"40642,47540,55073,60825",3.0,5.0,3,1,No,3,0.7105132653238688,2016-03-10,13,MGR_035,Active,0
EMP_1100,37.0,male,M,Bachelors,HR,Recruiter,"March 31, 2015",32472.0,,4.0,2.0,1,9,No,0,-4.132357559619189,2020-10-05,41,MGR_011,Active,0
EMP_1434,30.0,Male,Single,Bachelors,Marketing,Marketing Manager,12-08-2016,80621.0,"58098,66741,73460",5.0,3.0,4,4,Yes,4,0.8787075104932334,2016-09-24,0,MGR_172,Active,0
EMP_0338,32.0,female,single,Bachelors,Finance,Accountant,19-11-2017,49507.0,45675,2.0,4.0,4,25,No,2,1.66908815228663,2021-09-26,4,,Resigned,1
EMP_0408,33.0,Female,Married,Bachelor,Sales,Sales Manager,"February 16, 2021",90102.0,84654,4.0,3.0,3,23,N,2,4.9566802210675736,2023-01-20,9,MGR_157,Terminated,1
EMP_1622,,Male,married,High School,Customer Support,CS Manager,"July 14, 2013",58800.0,"46966,52313,55596",4.0,3.0,3,12,Yes,2,10.204184520676966,2018-01-07,16,MGR_147,Active,0
EMP_1548,37.0,female,married,Bachelor,Marketing,Marketing Manager,"March 14, 2015",76485.0,,3.0,4.0,3,9,Y,1,0.5289182431249956,2016-02-24,0,MGR_008,Terminated,1
EMP_0027,25.0,Female,Single,Masters,Engineering,Senior Engineer,12/18/2021,93929.0,"59536,62897,73462,80210",4.0,4.0,3,10,No,2,0.7148041920107211,2016-09-19,25,MGR_176,Retired,1
EMP_0313,41.0,male,Married,Bachelors,Operations,Ops Analyst,05-01-2015,68559.0,,3.0,3.0,High,1,No,1,0.12091854110672282,2023-04-16,47,MGR_098,Active,0
EMP_1531,36.0,Male,Divorced,Bachelor,Marketing,Marketing Specialist,"November 01, 2023",43653.0,"30260,35375,38623",5.0,4.0,4,2,No,4,2.329656449254688,2019-05-31,21,MGR_037,Active,0
EMP_1614,34.0,Male,Married,Masters,Engineering,Senior Engineer,20-08-2019,113944.0,"75550,87415,99134",3.0,3.0,4,16,No,2,0.08927726977634655,2015-09-21,2,MGR_046,Active,0
EMP_0524,39.0,female,Divorced,Bachelors,Operations,Process Specialist,"May 27, 2017",44962.0,38825,4.0,2.0,2,5,No,3,0.6768351753765413,2022-12-14,6,MGR_002,Active,0
EMP_0287,33.0,female,S,MA,Finance,Financial Analyst,16-04-2011,59919.0,"43930,46834,52288",4.0,4.0,5,1,Yes,1,1.1396203716686788,2020-08-31,9,MGR_088,Active,0
EMP_0413,22.0,Male,married,High School,Sales,Sr. Sales Rep,2012-08-14,64792.0,,4.0,2.0,2,24,Yes,1,2.4067632139169577,2015-07-02,8,MGR_054,Active,0
EMP_1824,29.0,Female,D,Bachelors,IT,Software Engineer,15-05-2019,71851.0,,1.0,3.0,4,45,FALSE,0,2.1188579251520463,2016-02-26,22,MGR_195,Active,0
EMP_0332,27.0,female,married,PhD,Sales,Sales Representative,32-12-2021,,,4.0,4.0,4,7,No,3,4.188075331368595,2016-07-04,11,,Active,0
EMP_0989,33.0,male,married,Master,IT,System Admin,12/23/2011,66262.0,"48746,52108,59983",3.0,4.0,Very High,1,No,3,1.418260190071316,,63,MGR_082,Active,0
EMP_0983,27.0,F,married,High School,Sales,Account Manager,2017-04-26,73003.0,"43375,48164,55669,63409",3.0,4.0,4,50,No,1,4.842591518845384,2019-07-06,20,MGR_178,Active,0
EMP_0726,33.0,M,Married,Bachelor,Operations,Ops Analyst,2023-12-21,38595.0,"28971,32097,36267",3.0,3.0,4,3,No,3,1.1257227058022092,2021-07-26,5,MGR_190,Resigned,1
EMP_0758,36.0,Female,D,Bachelors,Sales,Sales Representative,2013-09-14,47005.0,"29417,33739,37837,41351",3.0,4.0,Medium,27,1,2,4.701718684079731,2022-11-06,3,MGR_156,Resigned,1
EMP_1599,35.0,female,M,BA,Operations,Operations Analyst,2015-05-04,55686.0,"40757,46710,49892",3.0,1.0,3,4,Yes,5,0.6879473693730579,2020-11-30,24,,Active,0
EMP_0626,30.0,MALE,married,Bachelors,Operations,Process Specialist,05/10/2010,67935.0,,4.0,3.0,3,9,No,3,0.39212295452166857,,56,MGR_143,Active,0
EMP_0239,29.0,Male,S,Master,Customer Service,CS Manager,"June 07, 2018",64350.0,"46975,55259,59901",3.0,5.0,4,2,No,2,0.6808915962516033,2019-12-19,1,MGR_114,Active,0
EMP_0930,34.0,F,married,BS,IT,IT Specialist,"February 28, 2023",81258.0,,3.0,3.0,4,1,No,1,1.21215830675175,2022-08-16,5,MGR_067,Active,0
EMP_1460,,Female,Single,Bachelors,IT,Software Engineer,"November 14, 2024",65875.0,,4.0,2.0,4,3,No,2,0.5950521403949413,2017-08-15,36,MGR_100,Active,0
EMP_1717,37.0,M,married,Master,Human Resources,HR Manager,"August 01, 2021",,,3.0,4.0,3,13,No,4,0.20632514974339133,2016-05-05,5,MGR_013,Active,0
EMP_0852,30.0,M,married,PhD,Sales,Sr. Sales Rep,2011-04-05,,,4.0,4.0,3,,Yes,1,0.7091874864143435,,10,MGR_186,Active,0
EMP_0075,18.0,M,S,Master,Sales,Sales Rep,"August 02, 2016",45366.0,"27388,31185,35918,40750",4.0,4.0,2,16,0,2,1.0183094617704087,2020-01-24,6,,Active,0
EMP_9933,40.0,Male,single,Bachelors,Enginnering,Senior Engineer,"February 26, 2017",110759.0,96847,5.0,4.0,2,50,No,1,1.7322919266527317,2019-10-09,14,MGR_020,Active,0
EMP_0672,18.0,male,Married,Bachelor,sales,Sales Manager,02/23/2011,58152.0,,3.0,3.0,5,33,Yes,0,2.784505725463084,2016-11-21,6,MGR_021,Active,0
EMP_0052,31.0,male,Married,Masters,Operations,Operations Manager,2023-13-45,91715.0,"69580,74168,85380",6.0,4.0,3,4,Yes,1,3.932837347044551,2020-10-25,11,MGR_108,Active,0
EMP_1068,44.0,M,Married,Bachelors,Marketing,Marketing Analyst,"July 22, 2011",68443.0,62057,3.0,3.0,4,11,No,2,3.5728719261300945,2023-06-05,11,MGR_115,Active,0
EMP_1159,42.0,F,Single,High School,Engineering,Engineering Manager,29-01-2021,,,4.0,4.0,3,7,No,5,0.36414304999067815,2016-04-10,26,,Active,0
EMP_1588,32.0,Male,married,Bachelor,Engineering,Software Engineer,"March 26, 2011",61758.0,"43857,46195,51062,56957",3.0,3.0,3,50,N,3,0.12752085469132995,2017-06-25,3,,Active,0
EMP_1652,37.0,female,single,Bachelor,IT,System Admin,"July 28, 2012",81357.0,"51836,59158,65142,72792",4.0,3.0,2,2,No,2,0.9971995938494032,2024-03-22,35,MGR_199,Active,0
EMP_0216,41.0,Female,Married,Master,Finance,Financial Analyst,"December 27, 2023",48657.0,"35410,41113,43561",3.0,3.0,Low,33,N,0,4.478246685187367,,16,,Terminated,1
EMP_1381,40.0,female,single,High School,Finance,Accountant,"January 16, 2022",46001.0,"35788,42027",3.0,4.0,4,14,No,1,2.8396628105152235,,11,MGR_057,Active,0
EMP_0251,24.0,female,single,Masters,Enginnering,Software Engineer,2012-06-04,80352.0,"51521,58578,65287,75603",4.0,4.0,5,50,No,2,0.4496552002040775,2024-08-09,29,MGR_119,Active,0
EMP_0940,30.0,F,single,Masters,IT,IT Specialist,2019-12-08,82097.0,"64754,73747",3.0,2.0,Very High,6,Yes,1,3.983380273319854,2021-12-11,22,MGR_082,Active,0
EMP_1116,37.0,F,Divorced,Masters,Marketing,Marketing Analyst,"August 16, 2019",59655.0,"38919,42838,46323,51200",3.0,3.0,Very High,12,Yes,0,0.9180901637531264,2017-02-23,11,MGR_154,Active,0
EMP_0748,28.0,Male,Single,High School,Customer Service,Support Specialist,32-12-2021,,,3.0,3.0,5,,Yes,1,0.7519299857423388,2016-10-07,34,MGR_041,Active,0
EMP_0737,37.0,M,married,Master,Sales,Sales Manager,12/03/2019,63682.0,"47911,55880,59930",3.0,3.0,3,39,No,3,3.294832751106035,2017-04-07,11,MGR_068,Active,0
EMP_1778,34.0,F,Single,Bachelor,IT,IT Specialist,07/11/2014,82670.0,"55431,59376,68050,77391",3.0,3.0,3,1,0,2,0.3369828914890433,2022-02-19,24,MGR_173,Active,0
EMP_0177,35.0,M,married,Bachelor,Sales,Sales Rep,2023-13-45,52667.0,"42443,45030",3.0,3.0,3,7,No,1,1.4175852139591314,2016-02-06,1,MGR_197,Active,0
EMP_0928,38.0,male,Single,Bachelors,Customer Support,CS Manager,20-10-2010,80266.0,"51582,60165,63591,71134",6.0,2.0,3,10,No,4,0.7326774345005795,2017-09-29,3,MGR_112,Terminated,1
EMP_0337,28.0,Male,Single,PhD,IT,IT Specialist,18-09-2011,63708.0,"46112,52944,56501",4.0,3.0,High,32,Yes,1,3.6864102623652757,,31,MGR_093,Active,0
EMP_0570,32.0,M,Married,Master,Marketing,Marketing Manager,"July 12, 2024",82848.0,,5.0,4.0,nan,4,Yes,2,0.06891709949466968,2019-09-22,1,MGR_015,Resigned,1
EMP_0098,37.0,male,Single,Master,Marketing,Marketing Manager,01/13/2010,80087.0,"66030,72985",3.0,2.0,3,4,No,2,,,31,MGR_079,Active,0
EMP_0178,46.0,Male,Married,Masters,Sales,Sr. Sales Rep,"June 25, 2011",54633.0,51356,3.0,3.0,2,2,Yes,3,1.4213066290428262,,7,MGR_067,Terminated,1
EMP_1401,26.0,F,Single,Bachelors,IT,System Admin,13-04-2019,66108.0,"58020,62793",4.0,3.0,1,21,Yes,4,3.7461716499080318,2023-07-08,0,MGR_168,Active,0
EMP_1592,18.0,M,single,Bachelor,Customer Service,Support Specialist,02/28/2016,45020.0,"33989,35843,39831",4.0,4.0,Medium,4,N,2,1.8648064167059055,2017-10-24,7,MGR_077,Active,0
EMP_0230,40.0,MALE,S,Bachelor,R&D,R&D Manager,2016-08-23,164632.0,155600,3.0,5.0,2,11,No,0,0.37184044755538026,2018-01-12,11,MGR_075,Active,0
EMP_1409,32.0,F,single,MS,Marketing,Digital Marketer,08-11-2016,67817.0,,3.0,2.0,3,2,No,1,0.29375488844557474,2023-05-21,5,MGR_055,Terminated,1
EMP_1131,37.0,female,Married,PhD,Engineering,Jr. Software Engineer,14-09-2015,60952.0,,3.0,4.0,4,,No,2,1.2150719178566076,2025-02-10,7,MGR_146,Active,0
EMP_1427,51.0,Male,Divorced,Master,Sales,Sales Rep,02-04-2016,46906.0,"36658,39724,43692",4.0,3.0,4,12,No,2,0.7712169269150633,2024-11-27,0,MGR_042,Resigned,1
EMP_0806,32.0,M,single,High School,Sales,Sales Rep,16-07-2020,48722.0,,3.0,5.0,1,12,No,1,0.8315988554262432,,12,MGR_141,Resigned,1
EMP_1127,37.0,male,S,Masters,Customer Service,Customer Rep,25-11-2024,28136.0,"22700,25796",4.0,4.0,1,17,No,1,4.05548190724891,2025-01-11,21,,Active,0
EMP_0487,29.0,Male,Married,PhD,Finance,Financial Analyst,"May 24, 2020",70607.0,61006,4.0,3.0,5,7,No,0,2.391330493823448,2025-05-28,39,MGR_015,Active,0
EMP_1943,37.0,M,S,High school,HR,HR Specialist,03/25/2011,48790.0,"35041,40538,42802",3.0,2.0,4,16,No,3,1.801335519878503,2022-11-10,13,MGR_146,Active,0
EMP_1299,37.0,male,M,Masters,Finance,Accountant,"December 27, 2012",52139.0,46693,3.0,2.0,High,37,No,2,2.368226416853293,2017-03-24,23,MGR_009,Terminated,1
EMP_1983,29.0,F,Married,BS,Engineering,Senior Engineer,"August 04, 2016",92100.0,"65759,72160,80513",6.0,3.0,Low,21,No,3,1.1310538546582656,2021-11-29,6,MGR_032,Active,0
EMP_1603,29.0,female,Single,High School,IT,Software Engineer,2015-07-05,78291.0,"65358,69434,73214",3.0,3.0,2,4,Yes,3,1.0382563846992947,2018-12-21,17,,Terminated,1
EMP_0822,46.0,Female,Married,High School,Operations,Operations Analyst,2019-04-03,64953.0,"41091,47555,52005,57988",3.0,2.0,4,2,Yes,2,0.9443993151160447,2023-11-20,11,MGR_182,Terminated,1
EMP_0488,26.0,male,married,Masters,IT,System Admin,"August 10, 2015",78518.0,71177,5.0,5.0,Very Low,4,Yes,1,4.365951579465868,2022-11-03,5,MGR_175,Active,0
EMP_0458,26.0,F,married,Master,Customer Support,CS Manager,07/22/2015,81649.0,,2.0,2.0,High,1,No,1,1.4769609088539721,2020-11-22,7,MGR_111,Terminated,1
EMP_0281,35.0,MALE,single,Master,Marketing,Marketing Manager,"January 13, 2014",96639.0,"66493,74381,79808,86557",3.0,3.0,2,15,Yes,3,2.128457741712253,2016-02-10,27,MGR_128,Terminated,1
EMP_0093,29.0,female,D,Bachelor,HR,HR Specialist,"August 13, 2019",58317.0,53754,4.0,3.0,2,7,No,4,1.8336929798344228,2016-11-08,40,MGR_061,Terminated,1
EMP_0001,38.0,F,Single,BS,Sales,Sr. Sales Rep,2014-10-20,64451.0,"42882,48833,51464,60270",2.0,1.0,2,29,FALSE,3,0.44719342179263294,2019-06-13,7,MGR_042,Terminated,1
EMP_1323,34.0,F,Married,BS,R&D,Product Developer,"September 26, 2021",88823.0,78403,2.0,4.0,4,5,No,3,6.8016957976339185,2016-11-13,40,MGR_091,Active,0
EMP_0308,30.0,Male,D,Bachelors,IT,Software Engineer,"August 22, 2024",101458.0,"82558,93930",3.0,,4,3,No,6,1.0712402684665703,2022-03-20,6,MGR_116,Active,0
EMP_0785,39.0,Male,Married,Master,Customer Service,CS Manager,06/03/2010,68359.0,"47167,53097,57369,60868",3.0,3.0,2,3,Yes,2,1.3912002713244276,2016-02-10,47,MGR_029,Active,0
EMP_1324,38.0,Female,single,Bachelor,Engineering,Engineering Manager,02/04/2019,152365.0,"105064,113874,122421,141978",3.0,3.0,2,26,nan,1,0.22144030065832845,2015-07-02,0,MGR_097,Active,0
EMP_0041,,female,Divorced,High School,Operations,Process Specialist,"August 08, 2020",37125.0,,4.0,3.0,3,3,No,6,,2017-02-03,38,,Active,0
EMP_0368,35.0,Female,Married,Bachelor,Customer Service,Customer Rep,24-01-2014,34200.0,"29993,31607",3.0,2.0,4,8,No,0,1.7000172771218496,2021-09-01,7,MGR_052,Terminated,1
EMP_0252,42.0,Female,Single,Bachelor,Engineering,Software Engineer,"April 02, 2011",101365.0,"76910,82892,88301",3.0,3.0,2,15,No,1,0.2659152409603327,2023-05-01,10,,Active,0
EMP_9750,38.0,F,Single,Masters,Operations,Operations Manager,"January 09, 2022",81079.0,,3.0,3.0,Low,33,No,1,1.553186733081272,2016-06-13,17,,Active,0
EMP_1318,32.0,Male,S,High School,Customer Support,Support Specialist,07/17/2016,50495.0,,3.0,3.0,Very High,,Yes,2,2.0995328323604148,2022-02-18,40,MGR_076,Active,0
EMP_1512,33.0,Male,married,BS,Customer Support,Support Specialist,16-09-2012,53136.0,,4.0,5.0,5,8,Yes,2,2.1536306427601857,2019-02-16,5,MGR_110,Active,0
EMP_1444,24.0,F,Single,PhD,HR,HR Specialist,2014-01-25,47615.0,"36585,39203,42930",4.0,3.0,Medium,39,Yes,5,1.133652480760271,2021-09-21,30,MGR_066,Active,0
EMP_0235,52.0,Female,Married,BA,Enginnering,Software Engineer,15-09-2010,63871.0,55409,5.0,4.0,3,3,Yes,0,3.862918039324929,2016-07-22,11,MGR_076,Active,0
EMP_0602,27.0,F,married,Bachelors,Marketing,Marketing Manager,06-08-2012,83759.0,,3.0,3.0,4,22,No,2,1.567110052223747,2018-06-09,46,MGR_060,Active,0
EMP_0373,46.0,Male,married,Bachelors,Engineering ,Software Engineer,14-02-2014,93685.0,"60614,65479,71395,83343",4.0,4.0,5,6,No,2,3.8248387840314466,2025-01-27,47,,Terminated,1
EMP_0097,37.0,Female,single,Master,Engineering,Engineering Manager,"May 29, 2020",143610.0,"117199,134198",3.0,3.0,4,8,Yes,4,1.1906292982454139,2024-11-14,34,MGR_103,Active,0
EMP_1556,37.0,female,married,High school,Operations,Ops Analyst,14-10-2016,60136.0,"46437,52574,57027",3.0,4.0,3,16,No,4,0.1135413860022996,2021-08-23,19,MGR_153,Terminated,1
EMP_0791,38.0,Female,Divorced,Bachelor,Engineering,DevOps Engineer,2020-10-28,70414.0,"50604,53516,61032,64565",3.0,1.0,4,18,TRUE,3,4.035528314796202,2017-09-10,0,MGR_119,Resigned,1
EMP_1435,33.0,Male,married,Bachelors,Engineering,Software Engineer,19-06-2020,83816.0,"58159,61759,72196",4.0,3.0,3,11,Yes,1,1.5476507407225502,2022-11-29,36,MGR_037,Active,0
EMP_0043,34.0,female,Married,High School,Customer Support,CS Manager,"March 10, 2024",71877.0,"41301,48048,55860,62579",5.0,4.0,4,3,No,5,0.13511070753100912,2022-02-23,32,MGR_084,Active,0
EMP_0333,35.0,Male,S,High School,Sales,Sr. Sales Rep,03/25/2019,71876.0,"49785,58052,61978,65669",3.0,0.0,3,5,No,3,1.6972227295820397,,31,,Active,0
EMP_1950,34.0,F,single,BS,Sales,Account Manager,Invalid Date,65607.0,57362,3.0,2.0,1,4,No,1,0.8029191675017716,2016-09-20,16,MGR_147,Active,0
EMP_1495,47.0,Female,Divorced,Master,Human Resources,HR Manager,"June 13, 2012",99053.0,"76125,86664",4.0,4.0,5,14,Yes,3,0.9369739281871046,2018-12-02,7,,Active,0
EMP_1665,45.0,Male,Single,Master,Operations,Ops Analyst,11/18/2013,64984.0,"37831,43802,49891,58567",2.0,4.0,nan,1,1,0,1.251431817118918,2024-07-31,13,MGR_075,Active,0
EMP_1483,48.0,M,D,Bachelors,HR,HR Generalist,2011-06-16,43069.0,40828,3.0,3.0,3,19,No,3,0.328953760222757,2024-04-19,29,MGR_092,Resigned,1
EMP_0284,25.0,female,married,Bachelor,Engineering,Senior Engineer,29-11-2018,99001.0,"78166,89598",4.0,3.0,3,1,No,3,5.029751438099528,2018-06-16,17,MGR_003,Terminated,1
EMP_0229,29.0,female,D,Masters,sales,Account Manager,,60534.0,56006,3.0,3.0,High,2,No,0,0.5738719603235053,2022-05-04,27,MGR_012,Active,0
EMP_0828,30.0,MALE,Single,Bachelors,Sales,Sr. Sales Rep,01/08/2024,40651.0,"34249,38311",4.0,3.0,4,13,Yes,1,4.000210856318358,,8,MGR_003,Active,0
EMP_0192,41.0,F,single,Bachelor,Marketing,Digital Marketer,,43221.0,"30900,32559,34316,40163",3.0,2.0,Medium,1,No,4,0.39726689620100925,,52,MGR_136,Active,0
EMP_1096,34.0,F,married,Master,Enginnering,Senior Engineer,2018-05-02,141540.0,"90800,102516,118081,125835",2.0,4.0,4,10,No,0,0.2806933832863262,2018-03-29,4,MGR_196,Active,0
EMP_1264,27.0,male,Married,Master,Sales,Account Manager,"August 31, 2015",56600.0,"39033,44876,51486",4.0,4.0,3,19,No,3,1.5575376237865037,2021-04-08,19,,Active,0
EMP_0150,37.0,F,Divorced,Bachelor,Sales,Account Manager,"November 29, 2015",84639.0,"69704,76434",0.0,4.0,4,6,Yes,1,3.5814307602396473,2023-11-18,4,MGR_043,Active,0
EMP_0671,44.0,Female,married,Bachelor,Engineering,DevOps Engineer,2014-06-29,94281.0,"67351,72788,76982,87678",4.0,2.0,3,8,1,2,4.099544313736776,2019-01-11,114,MGR_048,Active,0
EMP_1036,47.0,M,Married,MA,Finance,Finance Manager,32-12-2021,87212.0,"71466,82029",4.0,3.0,1,9,No,0,0.35009464124473777,2015-09-19,23,MGR_030,Active,0
EMP_1015,48.0,Male,Married,High School,Sales,Sr. Sales Rep,02-05-2020,,,1.0,3.0,3,49,Yes,0,0.7589393650068751,2018-03-05,11,MGR_072,Active,0
EMP_1238,30.0,Female,married,Bachelor,Marketing,Marketing Manager,09/08/2014,84242.0,"63809,69406,76068",3.0,5.0,2,5,No,2,1.5785080606088773,2024-02-17,4,MGR_191,Terminated,1
EMP_0581,37.0,Female,D,Master,Sales,Sales Manager,"March 12, 2010",103368.0,92876,5.0,2.0,High,1,No,3,0.722111051587067,2021-12-28,25,MGR_120,Active,0
EMP_1058,44.0,Female,S,Masters,Operations,Process Specialist,"September 16, 2013",50338.0,"38338,43524,46893",3.0,1.0,2,13,No,4,3.5487060457490953,2023-04-20,66,MGR_125,Active,0
EMP_0527,21.0,male,Married,nan,HR,Recruiter,2014-07-10,63454.0,59999,4.0,3.0,2,4,No,1,0.5693707472099395,2018-08-28,9,MGR_112,Resigned,1
EMP_0975,31.0,F,single,Master,IT,IT Specialist,03-07-2017,69605.0,"46645,49401,56834,61106",3.0,4.0,nan,9,Yes,3,1.3589720272546053,2017-07-05,25,MGR_079,Active,0
EMP_1119,36.0,MALE,Married,High School,HR,Recruiter,29-06-2018,52894.0,"43290,45851",3.0,1.0,3,13,No,2,1.5817774646698417,2017-08-21,66,MGR_089,Active,0
EMP_1946,32.0,M,Married,Masters,Operations,Operations Analyst,,50280.0,47224,2.0,4.0,3,3,FALSE,4,4.619355054741288,2022-03-26,19,MGR_147,Terminated,1
EMP_1543,48.0,male,Single,BA,Operations,Process Specialist,22-04-2013,63513.0,,0.0,10.0,5,5,No,0,0.5020556441870141,2016-06-26,1,MGR_177,Active,0
EMP_0705,22.0,male,Married,BS,IT,IT Specialist,09-07-2021,80997.0,76825,4.0,2.0,High,9,Yes,4,0.8435026045747377,2023-11-26,11,,Active,0
EMP_1770,39.0,Male,single,Master,Customer Service,CS Manager,,71533.0,"53709,57247,62605",2.0,2.0,3,41,Yes,3,1.112566646406765,2024-11-01,10,MGR_009,Active,0
EMP_1335,36.0,Female,Divorced,High School,Customer Service,CS Manager,19-10-2010,75489.0,"51942,57806,64283",3.0,1.0,4,1,No,1,3.8375362886404267,2020-03-18,5,MGR_024,Resigned,1
EMP_0482,27.0,Female,married,High School,Sales,Sales Manager,2011-09-20,109167.0,"79282,84590,91057,103178",3.0,3.0,2,43,Yes,1,2.228016572300282,2018-03-16,2,MGR_192,Active,0
EMP_1459,45.0,male,married,BS,Human Resources,Recruiter,07-05-2010,66558.0,"51127,56965",4.0,4.0,3,9,Yes,2,0.0014301014327600067,2025-02-18,12,MGR_019,Active,0
EMP_0856,30.0,Female,married,Bachelor,Sales,Account Manager,06/12/2014,61245.0,"41582,48831,55443",4.0,4.0,4,11,No,3,2.3183326825548116,2017-06-29,9,MGR_119,Active,0
EMP_0350,33.0,M,Single,Master,Engineering,DevOps Engineer,09-05-2013,112468.0,"66208,76692,88512,100331",4.0,4.0,2,5,No,2,1.4024342030097972,2020-03-16,2,,Active,0
EMP_0846,38.0,female,D,MS,Engineering,Engineering Manager,2014-02-06,154977.0,"112281,124094,135919",3.0,5.0,3,,No,2,1.8241786846816503,2018-01-25,25,MGR_012,Active,0
EMP_0839,42.0,Female,Married,Master,IT,Software Engineer,07/18/2024,84388.0,"51760,59614,64327,71750",2.0,5.0,4,29,Yes,2,0.08202404566211376,2022-07-11,36,,Active,0
EMP_1073,35.0,MALE,married,Master,IT,System Admin,2014-12-17,73123.0,,4.0,3.0,2,7,No,3,0.7491605170022666,2016-09-30,51,MGR_089,Active,0
EMP_1309,43.0,female,Single,Bachelor,Human Resources,HR Manager,10/17/2018,56920.0,49723,3.0,,4,8,Yes,1,1.9082026239104535,,0,MGR_033,Terminated,1
EMP_0492,46.0,F,Married,Master,Finance,Financial Analyst,"September 27, 2023",20000.0,"12767,14772,16627,18093",2.0,4.0,3,13,No,1,0.3162009535354751,,3,,Resigned,1
EMP_1689,37.0,Female,D,High School,Sales,Sr. Sales Rep,29-11-2016,56996.0,"42838,46474,49852,52906",3.0,5.0,4,7,No,0,0.4031067419358855,2020-10-09,8,MGR_077,Active,0
EMP_9288,36.0,M,married,nan,Engineering,DevOps Engineer,16-08-2011,113615.0,"74577,83351,88195,101478",2.0,4.0,2,1,No,2,0.5957482159123708,2022-06-06,8,MGR_072,Retired,1
EMP_0866,31.0,M,Married,Master,Engineering,DevOps Engineer,"January 17, 2014",83844.0,"60801,71312",4.0,1.0,1,26,No,2,7.16787638708926,2022-11-10,36,MGR_086,Active,0
EMP_1978,42.0,Female,Divorced,Masters,sales,Sales Rep,2021-05-16,47167.0,"40811,44538",2.0,4.0,4,21,0,0,-0.8911239559071925,,74,MGR_117,Active,0
EMP_0755,27.0,M,married,High School,Human Resources,HR Specialist,2024-11-04,50924.0,"36130,39071,44664",4.0,4.0,2,3,No,1,1.663132581289805,2025-04-12,35,MGR_032,Resigned,1
EMP_0558,31.0,MALE,Single,PhD,Sales,Sales Rep,31-12-2022,46794.0,"34820,40887",3.0,4.0,4,3,No,0,,2019-02-21,19,MGR_190,Resigned,1
EMP_1851,29.0,Male,Married,High School,Engineering,DevOps Engineer,10/13/2013,112680.0,"80647,91788,99995",2.0,3.0,3,1,Yes,0,2.72134326985148,2024-03-29,35,MGR_006,Active,0
EMP_1530,26.0,M,single,PhD,Marketing,Marketing Manager,09/05/2021,101179.0,"77071,81670,94651",4.0,2.0,4,1,Yes,3,0.5237415101211492,2018-01-11,34,MGR_117,Active,0
EMP_1846,26.0,female,single,Bachelor,Engineering,DevOps Engineer,2019-10-02,120549.0,106427,1.0,1.0,High,12,No,1,1.6965293968416073,2020-05-05,5,MGR_092,Terminated,1
EMP_1626,43.0,male,single,High School,Finance,Finance Manager,07/11/2015,,,4.0,3.0,2,23,FALSE,0,1.539000647787057,2024-01-23,5,,Active,0
EMP_0583,40.0,MALE,married,BA,Engineering,DevOps Engineer,11/03/2013,84855.0,,4.0,2.0,High,3,No,2,0.6492641676587508,2015-12-17,5,MGR_031,Active,0
EMP_1103,51.0,Female,single,High School,Engineering,Senior Engineer,01-07-2019,110511.0,"73231,82775,96008",3.0,,5,,TRUE,0,7.217432308802329,2018-11-29,10,MGR_104,Active,0
EMP_0640,24.0,Male,Married,BA,Sales,Sales Manager,2024-12-27,79473.0,"50441,57956,67997,74211",4.0,5.0,5,Close,No,0,5.5606969713345675,2021-04-26,25,MGR_071,Active,0
EMP_9699,29.0,Female,single,MS,Operations,Operations Manager,2015-12-01,83937.0,"67789,74568",2.0,2.0,3,1,No,3,1.4368803943511972,2024-04-14,16,MGR_006,Terminated,1
EMP_1918,30.0,female,married,MS,HR,HR Specialist,"March 06, 2015",55962.0,48590,1.0,,2,11,No,50,2.3679452673915242,2017-05-20,0,MGR_143,Active,0
EMP_1206,35.0,M,Married,Bachelor,Finance,Accountant,27-02-2021,52099.0,"36534,41356,45281,49231",5.0,3.0,1,10,N,1,1.5147484788319048,2022-12-02,13,MGR_006,Active,0
EMP_0271,46.0,MALE,M,BS,Human Resources,HR Manager,26-02-2024,74693.0,,2.0,3.0,2,1,TRUE,2,3.17905184457476,2022-04-30,38,MGR_080,Active,0
EMP_0314,41.0,male,Married,Master,Marketing,Marketing Manager,2014-01-20,89377.0,81962,3.0,4.0,3,8,Yes,4,1.380135500154595,2021-09-05,10,MGR_112,Active,0
EMP_0123,46.0,F,M,Master,Operations,Operations Analyst,17-10-2015,62666.0,"43980,46398,52147,56957",1.0,,4,11,No,1,3.8745228029424927,2017-04-15,38,MGR_079,Resigned,1
EMP_0357,34.0,M,Single,PhD,R&D,R&D Manager,2013-10-26,123350.0,"103710,114081",3.0,5.0,4,7,Yes,5,2.4778171891115677,2024-02-08,0,MGR_085,Active,0
EMP_0934,18.0,Female,Married,Bachelor,IT,IT Specialist,02/03/2022,94367.0,82350,3.0,5.0,4,26,No,2,0.7347270629028904,2016-05-24,12,MGR_008,Terminated,1
EMP_1908,25.0,Male,Married,Bachelors,Sales,Sr. Sales Rep,06/16/2016,86158.0,77378,3.0,3.0,2,25,Yes,2,,2022-07-24,7,MGR_071,Active,0
EMP_1373,24.0,female,Single,High School,IT,IT Specialist,"March 01, 2022",61259.0,"37024,42662,46128,52719",5.0,4.0,2,5,Yes,1,1.9348621454018575,2016-05-27,41,MGR_093,Active,0
EMP_1279,36.0,Male,single,PhD,Sales,Sales Representative,2023-02-10,46840.0,42256,3.0,2.0,4,1,No,4,4.44247403210702,2022-12-08,8,MGR_051,Active,0
EMP_1205,35.0,male,M,Bachelor,Operations,Ops Analyst,"May 04, 2024",60147.0,,4.0,3.0,4,50,No,2,0.2311371148470458,2023-09-13,85,MGR_094,Active,0
EMP_0863,47.0,Male,married,Bachelors,Engineering,Jr. Software Engineer,2011-01-21,63305.0,"46900,54325,58015",4.0,4.0,Low,34,N,2,1.4285756899066688,2016-10-10,21,MGR_188,Active,0
EMP_1498,44.0,male,married,Bachelors,sales,Sales Rep,2023-02-22,47623.0,,3.0,2.0,5,3,Yes,1,1.3935386125489326,,16,,Active,0
EMP_0456,28.0,M,M,Masters,HR,HR Manager,29-12-2012,54882.0,"40692,42983,49093",2.0,4.0,3,4,N,3,5.259610347444501,2025-01-09,30,MGR_191,Terminated,1
EMP_1674,27.0,female,single,High School,HR,HR Manager,07/29/2023,79000.0,74410,3.0,,2,7,Yes,2,,2019-06-14,23,MGR_028,Active,0
EMP_9424,29.0,F,married,Bachelor,sales,Account Manager,08/22/2015,86572.0,,1.0,2.0,2,25,No,1,0.2647934714029067,2022-01-01,15,MGR_125,Active,0
EMP_1302,42.0,female,Single,Bachelor,Human Resources,HR Manager,"April 22, 2022",88591.0,"61762,68567,74501,79269",3.0,1.0,3,3,No,1,1.5038906515977686,2022-04-20,35,MGR_122,Terminated,1
EMP_0881,55.0,Male,Married,High School,Finance,Accountant,2013-08-05,48320.0,"39135,45346",2.0,3.0,4,7,No,1,4.058659358359119,2021-01-04,53,MGR_084,Active,0
EMP_0939,36.0,Male,Single,High School,HR,HR Manager,2018-03-06,66017.0,,3.0,4.0,3,5,Yes,1,2.3485521661704456,2020-06-01,19,MGR_022,Active,0
EMP_0949,34.0,Female,M,Master,Marketing,Marketing Manager,2017-10-01,68521.0,61899,,4.0,3,1,No,3,0.22176337100064367,2017-07-29,20,MGR_178,Terminated,1
EMP_0754,43.0,male,single,MA,Engineering ,Software Engineer,06/09/2016,73778.0,67214,1.0,5.0,Medium,2,No,1,0.24735091283269625,2025-04-21,0,MGR_118,Active,0
EMP_1475,28.0,F,Married,High School,Finance,Financial Analyst,"December 28, 2010",72366.0,66058,4.0,4.0,3,2,No,6,7.500411091120392,2024-01-20,35,MGR_058,Active,0
EMP_1696,50.0,Male,M,Bachelor,Sales,Sales Manager,"February 02, 2020",72503.0,67891,4.0,4.0,4,4,Yes,3,0.2647361868745155,2021-05-26,14,MGR_180,Active,0
EMP_1868,44.0,Female,Married,BS,Customer Service,Support Specialist,06/25/2018,39161.0,34669,3.0,4.0,3,10,No,1,0.22681337691608777,2023-11-27,6,MGR_176,Active,0
EMP_1290,18.0,F,Married,Bachelors,Human Resources,HR Manager,07/25/2017,71650.0,"54008,59068,65707",2.0,3.0,Very Low,10,No,1,1.4283392863013742,2018-10-11,3,,Active,0
EMP_1921,19.0,female,single,High School,Customer Service,Support Specialist,21-09-2011,39705.0,,4.0,3.0,2,7,No,3,0.8551386984112933,2021-06-18,20,,Active,0
EMP_1229,42.0,M,single,Master,Operations,Operations Analyst,"September 17, 2013",66570.0,"44601,47715,54772,60569",1.0,3.0,3,21,No,2,,2023-06-02,10,MGR_120,Active,0
EMP_1331,,male,Married,High School,Engineering,Jr. Software Engineer,2012-09-29,62401.0,"40301,46720,49904,53543",4.0,3.0,High,24,No,3,1.8570167898214842,2025-04-23,41,MGR_041,Active,0
EMP_0703,29.0,F,married,Masters,Finance,Finance Manager,05/17/2019,110613.0,"72689,84999,99544",3.0,2.0,4,13,No,4,0.15682517539069143,2022-04-27,5,MGR_049,Active,0
EMP_0099,35.0,Female,S,Master,Engineering,Senior Engineer,2024-04-02,116792.0,108418,3.0,3.0,Low,10,No,1,3.4411550624610276,2020-05-12,0,MGR_004,Active,0
EMP_1097,35.0,female,married,High School,sales,Sales Rep,2017-10-24,49256.0,"36499,39212,43459",2.0,3.0,3,20,No,1,6.2520768701502325,2020-12-28,7,MGR_184,Active,0
EMP_0627,27.0,female,S,MA,Engineering ,Senior Engineer,08-11-2013,117265.0,"95189,105877",3.0,3.0,3,7,Yes,2,0.7522875325136321,,12,,Active,0
EMP_0951,33.0,Male,Married,Master,Sales,Sales Manager,"January 18, 2024",79625.0,"61036,69694",2.0,5.0,3,3,No,2,0.48263720613161165,2022-06-25,16,MGR_155,Terminated,1
EMP_1618,28.0,Female,Divorced,Bachelor,HR,Recruiter,18-06-2021,,,3.0,2.0,4,7,No,1,1.8374372732516087,2017-06-23,15,,Active,0
EMP_0990,35.0,M,married,Bachelor,Finance,Accountant,27-11-2017,57915.0,"38328,43952,50510",3.0,1.0,High,5,FALSE,2,5.99332444463156,2015-12-04,69,,Resigned,1
EMP_1564,42.0,male,Married,Bachelor,Engineering,Jr. Software Engineer,06/18/2023,72699.0,"47017,49688,55407,63648",2.0,1.0,3,9,No,0,1.4257838630764645,2020-12-14,78,MGR_118,Active,0
EMP_0519,35.0,M,single,Bachelor,Sales,Sr. Sales Rep,"June 13, 2019",82514.0,"54776,64240,74844",3.0,5.0,Medium,45,No,4,6.069706116657219,2016-10-29,0,MGR_108,Active,0
EMP_1547,27.0,Male,Single,BS,Engineering,Software Engineer,06-10-2022,106179.0,"67057,72416,83389,93901",4.0,4.0,4,18,Yes,3,1.390074937541174,2021-07-13,6,,Active,0
EMP_0182,28.0,F,Married,Master,Sales,Sales Representative,2020/15/30,51307.0,"31079,34496,40429,45613",2.0,5.0,1,6,No,2,2.2023094040353604,2024-08-19,3,MGR_083,Active,0
EMP_0521,21.0,Male,married,Master,IT,System Admin,10/18/2012,70118.0,,5.0,2.0,3,30,No,1,0.7185429267019944,2021-02-08,37,MGR_119,Active,0
EMP_1974,36.0,MALE,married,Masters,Engineering,Engineering Manager,10/20/2023,154663.0,"115142,127841,142714",3.0,3.0,High,2,No,2,6.7911451248779455,2018-03-15,25,MGR_071,Terminated,1
EMP_0361,39.0,male,Single,Bachelor,Engineering,Engineering Manager,"March 21, 2010",123034.0,107437,1.0,2.0,4,13,No,1,0.06983284614562647,2015-08-27,13,,Active,0
EMP_0425,40.0,Male,Married,High School,Marketing,Marketing Specialist,"April 20, 2021",61068.0,"48321,51756,55398",,4.0,3,5,No,1,0.10570439810292523,2020-06-16,14,MGR_148,Terminated,1
EMP_1480,31.0,Female,Single,High School,Finance,Accountant,06/14/2017,52318.0,"35299,38277,42205,46017",5.0,4.0,4,Close,N,3,1.7447118032270912,2024-07-23,11,MGR_139,Active,0
EMP_1178,34.0,Female,married,Bachelor,Operations,Process Specialist,,69428.0,"55483,59196",4.0,4.0,5,32,Yes,1,0.44121057843933753,2016-06-26,5,MGR_118,Active,0
EMP_0559,38.0,MALE,Married,Bachelors,Sales,Sr. Sales Rep,16-05-2024,64652.0,61332,5.0,3.0,4,13,Y,4,-3.5703050815741353,,60,MGR_015,Active,0
EMP_1051,29.0,female,S,Bachelors,Sales,Sr. Sales Rep,07/07/2021,70994.0,,2.0,3.0,3,26,No,1,1.1960245704488701,2021-06-28,39,MGR_029,Resigned,1
EMP_0209,39.0,female,Married,Bachelors,Sales,Sales Rep,10/13/2014,50154.0,"30922,33078,38470,43901",2.0,4.0,2,1,No,2,0.6810474763042574,2023-03-16,3,MGR_058,Active,0
EMP_1002,42.0,F,D,Bachelor,sales,Sales Manager,19-03-2021,68315.0,,3.0,4.0,4,Near,No,2,2.3643423555940415,2023-10-17,2,MGR_144,Terminated,1
EMP_0528,35.0,F,Single,BS,Sales,Sales Rep,,63853.0,,5.0,2.0,3,11,No,2,0.7841068967636525,2021-07-25,9,MGR_148,Active,0
EMP_0869,40.0,Female,Single,Master,Sales,Sales Rep,"June 10, 2022",61613.0,"43697,47866,54800",3.0,3.0,3,31,TRUE,4,1.3577062814357053,2015-12-14,33,MGR_160,Active,0
EMP_1786,23.0,F,Single,Bachelor,sales,Sales Rep,"November 27, 2024",53399.0,46367,3.0,3.0,4,4,Yes,1,1.2825448880028993,2016-05-26,36,MGR_187,Terminated,1
EMP_1086,38.0,Male,S,Bachelors,sales,Account Manager,2017-02-01,65227.0,"41527,45740,52389,57946",2.0,0.0,4,18,No,1,1.390984369031656,2022-09-18,31,MGR_182,Active,0
EMP_0224,22.0,MALE,single,Masters,Finance,Accountant,23-01-2019,69434.0,"59482,65818",4.0,3.0,3,1,No,0,1.105772896454545,2016-02-09,9,,Active,0
EMP_1552,33.0,F,D,High School,Marketing,Digital Marketer,2023-08-02,350000.0,"273496,307555",3.0,3.0,4,4,No,4,0.7324508992657308,2023-08-03,19,MGR_112,Active,0
EMP_0906,35.0,F,married,Bachelors,Sales,Sr. Sales Rep,2015-03-26,60041.0,56820,4.0,3.0,2,44,N,1,1.082282766751557,2023-09-28,14,,Resigned,1
EMP_1390,28.0,MALE,Married,Masters,sales,Sales Manager,06-02-2015,81539.0,69604,3.0,3.0,1,4,No,0,4.762165127453706,2020-04-06,49,MGR_067,Active,0
EMP_1861,33.0,female,Divorced,Bachelor,Engineering,Senior Engineer,01/15/2023,115657.0,"89642,100429",3.0,3.0,3,36,Yes,5,1.7657042479396332,2015-12-15,2,MGR_179,Active,0
EMP_1522,39.0,Male,Single,Bachelors,Sales,Account Manager,14-11-2020,74215.0,69962,2.0,4.0,4,7,Yes,0,0.8386563703338837,2019-04-11,1,MGR_141,Active,0
EMP_0895,46.0,female,Married,Bachelor,IT,System Admin,04/07/2016,72079.0,"53786,56874,62190",5.0,5.0,3,1,No,1,2.612097274387759,,34,MGR_015,Active,0
EMP_0058,32.0,M,single,Master,HR,HR Generalist,"December 07, 2021",57213.0,"38049,43724,49742",3.0,3.0,3,10,No,2,4.892915831151799,2019-10-17,8,MGR_038,Active,0
EMP_0366,31.0,Male,Single,Bachelor,Finance,Senior Analyst,"September 15, 2013",89279.0,"61467,67523,78468",3.0,3.0,5,9,No,2,1.6284620295910526,2021-07-26,28,,Active,0
EMP_0170,28.0,Male,Divorced,High School,Engineering,Engineering Manager,25-12-2010,164181.0,"104102,116625,130366,148601",1.0,3.0,3,5,No,0,0.3634397705002472,2021-03-22,28,MGR_191,Active,0
EMP_0727,35.0,Female,Married,Bachelor,sales,Account Manager,2019-09-29,66470.0,"42560,48074,50779,57189",4.0,3.0,3,25,No,0,0.7153547270627151,2020-02-07,21,MGR_177,Active,0
EMP_1308,34.0,Male,single,High School,Marketing,Digital Marketer,13-09-2015,55554.0,,3.0,4.0,Medium,23,No,2,0.6530589261486919,2022-02-22,13,MGR_002,Active,0
EMP_1441,40.0,male,Married,High School,Operations,Process Specialist,"February 21, 2014",50055.0,"37098,39127,41938,45019",2.0,3.0,3,1,No,2,0.686145070818105,2020-08-10,4,MGR_174,Terminated,1
EMP_0127,27.0,M,married,Masters,IT,Software Engineer,2024-06-15,82713.0,"54937,61140,67311,78211",3.0,4.0,3,6,No,1,0.8228100119875533,2022-11-27,12,MGR_097,Active,0
EMP_0549,37.0,Male,single,Master,Operations,Ops Analyst,"July 02, 2011",48833.0,,3.0,1.0,5,5,No,5,1.7104795155589734,,6,MGR_193,Active,0
EMP_0522,39.0,Female,Married,Bachelor,IT,System Admin,Invalid Date,85004.0,,3.0,3.0,Low,50,No,3,5.954841819104499,,24,,Active,0
EMP_0529,37.0,Male,married,Masters,sales,Account Manager,2023-12-06,80101.0,"49651,57176,62792,71709",3.0,4.0,2,14,Yes,2,1.0042882549636734,2016-08-17,6,MGR_103,Active,0
EMP_1189,39.0,Female,Single,Bachelors,IT,System Admin,16-09-2017,52937.0,46583,3.0,2.0,4,3,No,0,0.3114400581289407,,57,MGR_121,Active,0
EMP_1411,45.0,Male,Married,Bachelors,Engineering,DevOps Engineer,20-11-2012,87407.0,"66565,75085,80086",3.0,3.0,4,17,Yes,1,2.2206846531257796,2017-05-03,44,MGR_039,Resigned,1
EMP_0617,35.0,MALE,married,Bachelors,Sales,Sr. Sales Rep,04-01-2010,62315.0,55509,1.0,1.0,4,13,No,2,,,2,MGR_185,Active,0
EMP_1450,35.0,M,Married,MA,IT,Software Engineer,07/30/2021,97415.0,,3.0,2.0,Very High,24,Yes,2,6.216818392929612,2017-06-04,22,MGR_062,Active,0
EMP_0550,30.0,Female,single,High School,Sales,Sr. Sales Rep,12/15/2015,66583.0,"49829,53437,57125",1.0,3.0,2,10,No,1,2.9236684817774408,2024-12-07,13,MGR_072,Active,0
EMP_0454,39.0,Female,Single,Bachelor,Operations,Ops Analyst,08/14/2012,73968.0,65266,2.0,4.0,4,7,Yes,1,1.1944972966868233,2017-05-18,18,,Terminated,1
EMP_1939,43.0,F,Single,Bachelors,Engineering,Engineering Manager,2010-04-06,87441.0,"64669,70030,78418",4.0,4.0,5,4,No,2,0.9697209920764415,2024-11-09,9,MGR_022,Active,0
EMP_0604,45.0,Female,M,Bachelor,HR,HR Specialist,09-07-2024,52131.0,,3.0,4.0,4,7,No,0,0.40986830514167727,2023-04-19,22,,Resigned,1
EMP_0830,32.0,F,Married,Master,Human Resources,Recruiter,2010-08-23,63877.0,"52422,56434",2.0,2.0,2,50,No,2,1.7976708924703861,2018-03-30,23,MGR_093,Active,0
EMP_0788,38.0,male,S,Master,Sales,Account Manager,2015-08-10,55087.0,"38659,40760,47155,50547",6.0,4.0,2,1,No,4,0.6712021174544204,,29,,Active,0
EMP_1287,20.0,M,D,Bachelor,Sales,Sales Rep,"May 28, 2017",41129.0,,3.0,4.0,Low,11,FALSE,2,1.5357763973609884,2016-04-18,36,MGR_148,Active,0
EMP_0325,26.0,Female,single,Bachelor,Customer Service,CS Manager,"January 14, 2017",,,4.0,3.0,2,1,No,3,2.7652693411974454,2017-05-12,5,MGR_043,Active,0
EMP_1358,38.0,male,married,nan,Sales,Account Manager,03/11/2021,88171.0,,3.0,4.0,3,Remote,No,1,3.0283453513064438,2016-11-02,89,MGR_035,Active,0
EMP_1384,30.0,MALE,M,PhD,Sales,Sales Representative,"August 29, 2014",26132.0,"17839,20261,22606",2.0,5.0,4,5,No,1,0.47379580137206434,,30,MGR_007,Active,0
EMP_0544,46.0,Male,Single,Bachelors,Sales,Sales Manager,"April 10, 2016",80168.0,"64001,70748",3.0,2.0,4,4,No,0,0.9854259896788137,2021-02-02,4,,Active,0
EMP_1811,31.0,MALE,single,Master,Marketing,Digital Marketer,"May 28, 2012",66214.0,,4.0,1.0,4,15,Yes,2,0.172767392009142,2019-04-01,8,MGR_041,Terminated,1
EMP_0432,18.0,MALE,married,BA,Sales,Sales Representative,16-06-2021,61616.0,"38480,45162,49578,57208",3.0,4.0,1,4,No,1,0.15121486830961334,2017-05-10,8,,Active,0
EMP_1451,37.0,Male,Single,Bachelors,Sales,Sr. Sales Rep,05/27/2020,58467.0,"41983,46740,53901",4.0,5.0,3,50,No,0,1.3983939105886656,2025-05-03,13,MGR_121,Terminated,1
EMP_9545,46.0,Female,M,Bachelor,Sales,Sales Manager,04/07/2022,80585.0,75907,2.0,3.0,4,14,Yes,2,0.3582426652317912,2020-04-11,23,MGR_097,Active,0
EMP_1888,38.0,female,married,Bachelors,HR,HR Specialist,"February 14, 2017",50447.0,,2.0,2.0,3,20,Yes,1,0.18733529679111244,2020-12-25,3,,Terminated,1
EMP_0195,36.0,Male,married,MS,Marketing,Marketing Analyst,03/05/2024,57254.0,"46751,52743",3.0,5.0,Medium,5,TRUE,1,1.258548184678071,,8,MGR_041,Active,0
EMP_1568,39.0,Male,Single,Bachelors,Finance,Accountant,"November 02, 2011",55282.0,51233,3.0,2.0,4,26,No,1,5.106537308732539,2024-10-30,5,MGR_035,Active,0
EMP_1634,43.0,female,single,MS,HR,HR Specialist,2018-05-14,46583.0,"35375,38117,40668",4.0,2.0,2,17,No,0,2.9724012694524435,2022-09-24,17,MGR_074,Active,0
EMP_1566,32.0,F,Married,High School,Customer Support,Support Specialist,"June 16, 2010",41554.0,,4.0,3.0,4,22,Yes,2,0.8209931600392303,2020-11-09,6,MGR_160,Active,0
EMP_1849,42.0,female,single,BS,Sales,Sr. Sales Rep,05/19/2020,48412.0,"35656,41507,45422",1.0,2.0,2,17,Yes,1,0.7886679951752233,,71,MGR_092,Active,0
EMP_1988,39.0,Male,married,Master,Human Resources,HR Manager,,80735.0,"62228,68913,74750",4.0,1.0,3,33,No,2,0.9322140738489374,2017-08-29,9,MGR_138,Active,0
EMP_1129,34.0,Female,married,Masters,Operations,Operations Manager,10/30/2012,100986.0,,4.0,1.0,3,2,No,1,0.4034761247812456,2018-11-05,5,MGR_088,Active,0
EMP_0893,43.0,F,Single,Bachelor,IT,IT Specialist,21-04-2012,62562.0,,4.0,5.0,4,2,No,0,1.8917341110066814,2020-03-09,4,MGR_080,Active,0
EMP_1582,44.0,Male,married,Master,Customer Service,Support Specialist,30-09-2020,50943.0,43923,4.0,3.0,2,9,No,3,2.585299555237518,,12,MGR_149,Active,0
EMP_1355,30.0,F,married,MA,Engineering ,Senior Engineer,09/26/2014,130380.0,,4.0,3.0,3,36,No,3,1.4285274056667456,2018-09-07,4,MGR_110,Terminated,1
EMP_1904,37.0,M,Married,MS,IT,IT Specialist,,69163.0,"59525,64292",3.0,4.0,4,1,Y,3,0.2486207557926156,2020-04-28,4,MGR_086,Retired,1
EMP_0163,44.0,female,married,Bachelor,Operations,Operations Manager,"January 09, 2019",93282.0,87049,4.0,3.0,3,38,No,0,0.9596479294976265,2020-03-20,38,MGR_138,Active,0
EMP_1820,27.0,M,Divorced,Bachelor,Marketing,Marketing Specialist,2022-09-19,48811.0,"33217,37155,41865",3.0,2.0,2,1,No,3,0.06543146155639191,2019-03-13,0,MGR_127,Terminated,1
EMP_1289,26.0,M,Single,Master,Marketting,Digital Marketer,"March 18, 2014",65974.0,,4.0,3.0,3,33,No,3,1.9490911234444683,2016-05-13,3,MGR_090,Laid Off,1
EMP_1827,26.0,male,single,Master,Marketing,Marketing Manager,05/23/2011,75630.0,"52684,55546,65348",4.0,,4,50,N,2,9.099941829282633,2021-01-14,2,MGR_172,Active,0
EMP_0864,49.0,Female,Married,Master,Human Resources,HR Manager,05-10-2017,49615.0,42954,4.0,1.0,Low,27,No,4,1.6322760959306712,2016-08-16,17,MGR_188,Active,0
EMP_0246,32.0,female,Married,Master,Human Resources,HR Manager,"June 28, 2013",84253.0,77634,3.0,3.0,2,2,FALSE,2,0.9341535768311878,2016-05-09,5,MGR_033,Active,0
EMP_0638,35.0,Female,D,BA,Customer Service,Support Specialist,09/07/2016,43174.0,,2.0,4.0,4,16,Yes,2,2.6368124627430696,2020-08-20,12,MGR_151,Active,0
EMP_1572,24.0,F,Single,Bachelors,Operations,Process Specialist,01-08-2020,59956.0,"37688,42706,47568,53904",4.0,1.0,Low,9,0,1,1.749746223876954,2018-05-27,2,MGR_057,Active,0
EMP_1541,34.0,Female,married,Bachelor,Customer Support,Support Specialist,2019-10-08,38364.0,"34014,35934",3.0,5.0,3,9,Yes,2,2.471667714316939,2016-12-26,0,MGR_191,Resigned,1
EMP_0782,24.0,Male,Married,MS,IT,Software Engineer,18-09-2021,88164.0,75461,3.0,4.0,3,4,TRUE,2,4.4635935462643035,2021-12-26,29,MGR_047,Laid Off,1
EMP_0117,,male,married,Bachelor,Engineering,Engineering Manager,2010-06-10,133889.0,"100199,107319,117833",3.0,2.0,2,2,Yes,2,2.012938395524653,2018-09-05,32,MGR_165,Active,0
EMP_1455,39.0,male,Married,Bachelors,Marketing,Digital Marketer,05/26/2023,55442.0,,3.0,5.0,3,13,No,3,0.12564891326721292,2025-04-09,1,MGR_162,Active,0
EMP_0162,41.0,Male,Married,High school,Engineering,Software Engineer,"January 28, 2022",95434.0,"62463,72939,82437",4.0,3.0,4,16,No,1,1.4469685477578955,2018-01-12,25,MGR_108,Active,0
EMP_0363,34.0,M,married,Bachelors,Finance,Finance Manager,08/28/2010,101950.0,"72888,79320,83707,88915",4.0,2.0,5,24,No,1,1.105971509145394,2023-01-18,1,MGR_178,Resigned,1
EMP_1199,36.0,F,married,PhD,sales,Sales Manager,2011-09-04,88975.0,"53385,62204,66617,76007",3.0,3.0,2,14,N,3,,2015-11-24,30,MGR_125,Laid Off,1
EMP_0577,36.0,female,single,High School,Engineering,Jr. Software Engineer,"April 28, 2010",,,4.0,3.0,4,49,No,2,1.1626698986441868,2016-06-29,39,MGR_152,Resigned,1
EMP_0725,36.0,Female,Married,Bachelors,R&D,Research Scientist,"February 25, 2017",102579.0,"75873,83017,94720",,3.0,2,10,No,2,3.8680212289631526,2016-10-08,3,MGR_142,Active,0
EMP_0610,46.0,MALE,S,BS,HR,HR Generalist,05/25/2014,57899.0,"46596,50288",2.0,4.0,Low,14,No,3,1.3794903557836704,2021-11-06,2,MGR_186,Active,0
EMP_1747,42.0,Male,married,MS,Marketing,Marketing Specialist,10/04/2012,57274.0,,2.0,4.0,Very High,3,No,1,1.9280800860718477,2018-11-10,5,,Active,0
EMP_0798,40.0,male,married,Master,Engineering,DevOps Engineer,03/25/2017,79302.0,"55691,60651,68673,73635",2.0,5.0,Medium,37,Yes,2,0.06017856984270761,2020-12-13,37,MGR_092,Terminated,1
EMP_1867,43.0,male,married,Bachelors,Sales,Sales Rep,01-03-2019,61351.0,"44722,50220,53052,57421",1.0,4.0,3,2,No,3,0.7577840538109416,,62,MGR_064,Active,0
EMP_0539,43.0,Male,Divorced,BA,Marketing,Digital Marketer,07/06/2017,69522.0,"55286,58572,62675",4.0,2.0,5,26,No,2,0.785808495757743,2018-10-31,13,,Active,0
EMP_1602,45.0,female,single,BA,Finance,Senior Analyst,21-11-2010,61593.0,"48657,56451",2.0,2.0,Medium,18,No,0,7.188062652717959,,2,MGR_172,Terminated,1
EMP_0318,32.0,M,single,BA,R&D,R&D Manager,23-08-2022,126486.0,"102374,118976",3.0,4.0,4,1,No,1,2.2261481051493024,2017-12-02,11,MGR_198,Laid Off,1
EMP_1134,38.0,M,Single,Bachelors,Finance,Senior Analyst,2015-08-17,67988.0,"47344,54004,58370",5.0,4.0,2,1,1,1,0.37761531708329565,2019-12-25,39,,Active,0
EMP_0262,34.0,F,Single,Master,Engineering,Software Engineer,13-03-2010,80734.0,"60439,70327,75589",4.0,4.0,3,24,No,3,0.5281034649355881,,12,MGR_172,Active,0
EMP_0377,41.0,Male,Single,Master,Operations,Operations Analyst,21-09-2018,65281.0,59921,4.0,3.0,4,1,No,0,,2016-01-01,8,MGR_126,Active,0
EMP_0498,33.0,male,single,Bachelors,HR,HR Specialist,2020/15/30,66435.0,"48192,56205,59608",4.0,2.0,4,2,No,0,,2019-01-24,44,,Terminated,1
EMP_1600,29.0,M,married,Master,Sales,Sr. Sales Rep,15-10-2012,65057.0,,4.0,3.0,4,17,No,3,2.1779467853460672,2017-03-21,53,MGR_104,Resigned,1
EMP_0538,31.0,M,married,Master,Sales,Account Manager,12/26/2018,62504.0,54033,3.0,4.0,Very High,5,Yes,3,4.512631461932744,2017-09-14,13,MGR_059,Terminated,1
EMP_0201,37.0,MALE,Married,High School,Marketing,Marketing Manager,04-02-2023,74729.0,64082,4.0,5.0,4,20,No,1,4.996549232656221,2016-05-07,10,MGR_084,Active,0
EMP_0129,35.0,Male,Married,BS,Sales,Sales Rep,"September 26, 2022",56607.0,"47978,52430",3.0,4.0,3,1,N,1,1.1653369713608444,2016-12-05,22,MGR_173,Active,0
EMP_0465,34.0,Female,Married,High School,Engineering,Senior Engineer,10/21/2011,131504.0,"112359,121368",4.0,4.0,1,4,No,3,2.5354436622867578,2025-04-15,1,MGR_086,Active,0
EMP_0486,23.0,MALE,single,BA,Marketing,Digital Marketer,05/10/2021,63700.0,"41021,44195,48978,56271",3.0,1.0,Very High,32,No,3,0.3998865075905237,2019-08-02,74,MGR_185,Active,0
EMP_0687,33.0,Female,married,Bachelors,Finance,Finance Manager,2019-09-29,,,2.0,3.0,2,15,No,2,1.9078834562215592,2019-05-11,25,MGR_045,Active,0
EMP_0171,27.0,F,Single,Bachelors,Marketing,Marketing Specialist,2012-08-30,62192.0,"53217,58393",3.0,3.0,3,14,No,3,0.6085536969980601,2023-11-20,0,MGR_157,Active,0
EMP_0630,43.0,F,D,BS,Sales,Sales Representative,"April 09, 2013",66017.0,"43198,49406,55428,61285",2.0,3.0,2,5,No,1,2.9978003641456485,,35,MGR_095,Active,0
EMP_1110,50.0,F,married,Master,Finance,Senior Analyst,06-08-2023,73648.0,"55731,64914,69118",4.0,2.0,2,18,No,3,0.7469697473298221,2021-06-27,0,MGR_077,Terminated,1
EMP_1750,43.0,male,single,Bachelor,Customer Service,Customer Rep,2018-09-23,,,3.0,3.0,4,1,No,0,2.0395404154773837,2021-08-12,50,MGR_078,Active,0
EMP_1935,56.0,male,Single,Bachelor,Operations,Operations Manager,2011-01-23,79772.0,"68697,73868",5.0,2.0,Low,1,No,3,0.5761781226392421,2017-09-15,10,MGR_162,Active,0
EMP_0745,39.0,F,married,Master,IT,Software Engineer,"October 23, 2023",101979.0,"66321,69844,74003,87022",2.0,5.0,4,7,No,0,2.6692184962982033,2019-08-15,10,MGR_130,Active,0
EMP_1979,28.0,M,Married,BS,IT,IT Specialist,2010-12-23,86938.0,,3.0,3.0,3,18,No,2,0.7111967234804594,2015-09-29,10,,Terminated,1
EMP_0741,80.0,M,D,Bachelor,Engineering,Engineering Manager,01/03/2020,161281.0,144338,4.0,4.0,4,43,No,1,3.589012205071943,,71,MGR_019,Active,0
EMP_1044,34.0,Female,Single,Bachelor,Sales,Account Manager,"December 22, 2011",65465.0,"47134,51724,55829",4.0,3.0,4,17,Yes,1,0.3242301022390467,2018-10-04,8,MGR_100,Resigned,1
EMP_1226,33.0,Male,Single,Bachelors,HR,HR Generalist,"October 28, 2020",47044.0,,,2.0,3,3,Yes,3,0.16228262179956152,2023-03-17,39,MGR_103,Terminated,1
EMP_0312,43.0,Female,Divorced,PhD,Sales,Sales Manager,28-07-2013,72492.0,,4.0,5.0,Medium,6,No,2,0.3859664696096138,2019-04-29,20,MGR_186,Active,0
EMP_1353,39.0,Female,Married,Bachelors,Finance,Financial Analyst,08-05-2017,60817.0,54257,3.0,1.0,3,9,TRUE,2,6.1385725262058894,2018-01-23,20,MGR_181,Active,0
EMP_1549,41.0,F,Single,Bachelor,R&D,Research Scientist,30-07-2015,106492.0,99021,4.0,3.0,2,7,No,4,3.626747610361966,2016-06-01,6,MGR_012,Terminated,1
EMP_1535,31.0,M,Married,BS,Marketing,Marketing Manager,09-09-2023,73985.0,"46329,52110,57502,67103",1.0,2.0,3,,N,2,1.9560450327647707,2017-12-31,31,MGR_009,Resigned,1
EMP_1042,31.0,Male,Married,Bachelors,Operations,Ops Analyst,03/22/2024,72672.0,"56821,62038,66978",5.0,2.0,5,3,No,1,1.4113649584574302,2022-10-14,31,MGR_068,Active,0
EMP_1209,23.0,F,Married,Bachelor,Finance,Accountant,22-02-2023,47296.0,"37943,40910",4.0,2.0,3,2,No,3,1.8063244099494788,2021-12-23,15,,Active,0
EMP_1733,34.0,F,married,High School,IT,Software Engineer,19-01-2011,92230.0,"65060,74176,83602",5.0,4.0,3,1,No,4,0.020331789434058483,2024-12-20,16,MGR_175,Terminated,1
EMP_1795,36.0,male,single,High School,Customer Service,Customer Rep,2017-08-20,39910.0,"32887,36399",4.0,,2,3,Yes,4,0.10918971440874492,2024-12-09,52,,Terminated,1
EMP_9223,29.0,Female,married,Master,Finance,Senior Analyst,21-09-2013,74251.0,"57749,65444",2.0,5.0,2,10,No,1,0.6183156186790798,2023-06-26,34,,Active,0
EMP_1218,37.0,female,Single,High School,Human Resources,HR Manager,"May 27, 2017",74699.0,"50622,55122,59556,63769",3.0,2.0,4,23,No,4,1.0021361143528735,2020-04-10,23,MGR_135,Active,0
EMP_0943,40.0,Female,married,High School,Marketing,Digital Marketer,11/18/2012,55482.0,"41803,47833",1.0,5.0,3,1,No,2,0.809837839765146,2021-04-05,9,MGR_133,Active,0
EMP_0411,40.0,Female,married,PhD,Engineering,Software Engineer,"April 03, 2013",121546.0,113284,2.0,3.0,High,2,No,1,0.6576969078029922,,3,MGR_105,Active,0
EMP_1486,42.0,M,Divorced,Master,sales,Sales Rep,32-12-2021,54202.0,,4.0,3.0,4,6,No,1,2.4900094192385342,2020-08-12,0,MGR_141,Active,0
EMP_1420,39.0,M,Divorced,Bachelors,Marketing,Marketing Manager,2013-03-01,106876.0,"89312,100195",4.0,3.0,1,10,No,0,0.988138347550779,2015-12-22,17,MGR_075,Terminated,1
EMP_1735,41.0,MALE,married,nan,Marketing,Digital Marketer,09/29/2024,73888.0,"55715,63189,70003",2.0,3.0,3,5,No,5,0.1617617210900925,2021-12-31,33,MGR_058,Active,0
EMP_1915,20.0,F,S,High School,Sales,Sales Representative,2014-12-03,43207.0,"26412,29862,34789,36906",0.0,4.0,High,16,No,0,2.0433888513367613,2023-04-12,3,MGR_102,Active,0
EMP_0622,38.0,Male,married,Master,Customer Service,CS Manager,25-08-2017,78966.0,"52691,56334,64037,72229",3.0,2.0,2,30,Yes,2,4.5010521291724475,2022-05-29,42,MGR_160,Terminated,1
EMP_1519,,female,single,Bachelor,IT,IT Specialist,04-04-2022,64785.0,"51760,60500",6.0,3.0,High,14,No,0,0.28922329978581235,2016-03-02,29,MGR_034,Active,0
EMP_0925,44.0,Female,Married,High School,Customer Support,Customer Rep,2018-04-27,35732.0,"22294,24475,28695,32317",3.0,3.0,4,7,No,4,5.182950925497996,2019-04-16,22,MGR_121,Terminated,1
EMP_0119,44.0,female,married,Masters,Finance,Accountant,,64796.0,"46349,53744,58026",4.0,3.0,4,,No,0,5.279332254505029,2024-01-10,12,MGR_034,Active,0
EMP_1951,20.0,MALE,Divorced,Masters,HR,HR Specialist,11/17/2023,59222.0,"39818,45216,50881",3.0,,Low,14,No,4,0.047001964540676885,2015-09-01,13,,Active,0
EMP_0045,23.0,Male,Single,High School,Engineering,Software Engineer,15-08-2019,70960.0,"45525,48072,56216,60757",3.0,3.0,1,5,No,2,1.160885108661033,2017-10-17,14,MGR_124,Active,0
EMP_0475,48.0,female,Married,nan,Sales,Sales Rep,"February 23, 2020",53281.0,"32703,37681,42781,47102",3.0,5.0,4,31,No,0,0.5540241533999668,,11,MGR_195,Active,0
EMP_1584,35.0,MALE,single,High school,Engineering,Software Engineer,2018-11-29,110940.0,"75271,83713,94435",3.0,3.0,4,5,Yes,1,0.8974300151901105,2020-06-27,27,MGR_135,Active,0
EMP_0799,35.0,female,M,PhD,sales,Sales Rep,29-12-2024,47990.0,"28745,32582,37714,43902",4.0,3.0,4,20,Yes,3,1.7585216161259305,2020-01-01,51,MGR_033,Resigned,1
EMP_1959,43.0,Female,Divorced,High School,Marketing,Marketing Specialist,04/29/2023,60043.0,"41898,47742,52113",,4.0,Very High,2,No,3,,2023-05-16,32,MGR_035,Active,0
EMP_1466,39.0,female,Single,Bachelor,Marketting,Digital Marketer,"July 21, 2019",80804.0,"58303,68108,74347",3.0,3.0,2,5,No,2,0.13620049012345192,2023-06-27,72,MGR_041,Active,0
EMP_1928,32.0,Male,single,Bachelor,Operations,Operations Analyst,"November 09, 2013",74092.0,"58862,63045",3.0,5.0,Medium,1,No,2,3.6383844647498034,2022-03-17,1,MGR_153,Active,0
EMP_1756,45.0,male,Married,MA,Sales,Sales Manager,10-12-2016,93270.0,,2.0,4.0,1,16,Yes,3,2.2976058569881492,2016-08-05,15,MGR_051,Laid Off,1
EMP_1847,45.0,female,married,High School,Human Resources,HR Specialist,2023-03-20,46712.0,"31199,35086,41184",4.0,2.0,3,2,TRUE,2,-4.264804349832438,2017-09-14,14,MGR_145,Terminated,1
EMP_1952,,F,married,Bachelors,Sales,Sales Manager,"March 25, 2021",,,2.0,3.0,3,7,No,0,1.3222578538112648,2020-04-14,12,MGR_102,Active,0
EMP_1405,42.0,Female,S,nan,Engineering ,Software Engineer,"December 17, 2020",105654.0,"68934,75319,82025,91835",3.0,1.0,High,23,No,2,-2.5477284516763863,2020-12-22,6,MGR_185,Terminated,1
EMP_1347,18.0,M,married,Masters,Operations,Operations Analyst,23-08-2015,68427.0,"56649,60935",3.0,5.0,High,1,No,0,0.3344531895731912,2024-05-07,22,MGR_017,Active,0
EMP_0088,37.0,male,single,Master,Finance,Finance Manager,"August 27, 2010",96158.0,"69526,78599,90720",5.0,4.0,4,43,No,1,1.7586543115366762,2020-05-29,7,,Terminated,1
EMP_0842,40.0,M,M,Bachelors,Marketting,Digital Marketer,2021-03-30,62081.0,"51446,55210,58321",4.0,3.0,4,15,No,5,1.885065881611135,2020-07-25,7,MGR_030,Laid Off,1
EMP_1106,26.0,Female,Single,Bachelors,Engineering,DevOps Engineer,"June 04, 2013",71121.0,63187,3.0,1.0,1,1,No,6,0.5560336943696028,,67,MGR_153,Active,0
EMP_1200,45.0,Male,Married,nan,Operations,Operations Analyst,2017-01-20,56994.0,"46010,52320",4.0,2.0,4,20,Yes,4,0.8446869483632623,2023-12-27,40,MGR_162,Resigned,1
EMP_0451,34.0,F,single,Masters,Engineering,DevOps Engineer,,107966.0,"74281,85742,98571",5.0,5.0,Medium,21,No,5,0.0023106759259910437,2021-09-26,2,MGR_149,Terminated,1
EMP_0189,28.0,MALE,single,BA,R&D,Product Developer,2011-08-19,74250.0,"60882,67394",3.0,2.0,2,6,No,30,3.105375698825361,2016-10-17,48,,Retired,1
EMP_1017,29.0,F,single,Bachelors,Sales,Sr. Sales Rep,07-02-2015,67042.0,"47459,54865,58458,61913",3.0,4.0,5,1,1,5,3.1457085471258406,2016-02-24,3,MGR_090,Active,0
EMP_1712,34.0,female,Divorced,PhD,Engineering,Jr. Software Engineer,2012-11-22,57440.0,"41886,47729,51766",5.0,2.0,3,43,No,2,2.06680757163354,2022-01-19,2,MGR_134,Active,0
EMP_0688,32.0,M,S,Master,Customer Support,Support Specialist,"August 12, 2016",42545.0,"30670,34201,37594",4.0,5.0,4,26,No,2,0.5498640773125382,2018-08-08,14,MGR_064,Terminated,1
EMP_0255,22.0,Female,Single,Master,Engineering,Senior Engineer,09-08-2017,118353.0,105926,2.0,4.0,2,2,No,0,,2022-09-23,34,MGR_085,Active,0
EMP_0953,24.0,Female,Single,High School,HR,HR Generalist,2012-04-10,66167.0,"52980,56688",3.0,4.0,4,50,No,4,0.6194389367592406,2021-06-26,40,MGR_042,Terminated,1
EMP_1371,33.0,male,Divorced,Master,Operations,Ops Analyst,"October 17, 2010",52527.0,"34813,38169,43394,45774",3.0,2.0,4,5,Yes,0,0.2897438338480118,,11,MGR_080,Terminated,1
EMP_0157,49.0,male,single,MA,Finance,Finance Manager,05/16/2010,96192.0,"77013,84933",2.0,5.0,Medium,18,Yes,3,,,13,MGR_004,Active,0
EMP_0166,38.0,Female,Married,MA,Sales,Sales Representative,29-08-2016,52532.0,"40710,47493",3.0,3.0,3,5,No,3,3.5563414704111858,2020-12-16,17,MGR_172,Active,0
EMP_0220,35.0,female,Divorced,Master,Finance,Financial Analyst,2024-03-21,55274.0,48405,3.0,5.0,4,10,No,3,3.6126466130467225,2017-01-01,6,MGR_115,Active,0
EMP_1326,19.0,male,Single,High School,Engineering,Engineering Manager,27-01-2021,154314.0,"104368,119508,132383",3.0,3.0,Medium,5,No,2,1.1587021087971376,2021-07-19,64,MGR_015,Active,0
EMP_1655,37.0,Female,married,MS,Finance,Senior Analyst,05/17/2013,63658.0,"51633,56041",3.0,5.0,Very High,14,No,4,0.2629250806644816,2017-06-12,8,MGR_153,Retired,1
EMP_0875,34.0,F,Single,Master,Sales,Account Manager,14-11-2018,73487.0,"56326,62657,66180",2.0,1.0,2,5,No,6,3.81888951232449,,4,MGR_166,Terminated,1
EMP_0322,39.0,Female,Single,Master,R&D,Product Developer,"September 11, 2013",89774.0,"66883,71629,75899,82317",4.0,2.0,5,29,Yes,3,4.401878621555525,2016-04-20,11,,Active,0
EMP_0531,,Female,S,MA,HR,Recruiter,02/03/2013,47545.0,"30586,34035,37045,43063",5.0,4.0,Low,27,No,7,,2023-01-19,11,MGR_032,Active,0
EMP_1479,27.0,M,Single,Bachelors,sales,Account Manager,2017-04-08,57642.0,"45246,49222",3.0,3.0,2,26,1,1,2.8127305702331564,2022-08-05,54,MGR_050,Active,0
EMP_1779,31.0,Male,Single,High School,Customer Service,CS Manager,"October 28, 2018",,,4.0,3.0,4,9,No,2,2.921040069618658,2018-01-22,17,MGR_025,Active,0
EMP_1388,47.0,F,married,Masters,sales,Sales Manager,12/11/2014,69751.0,59569,3.0,4.0,3,8,Yes,2,0.5067701962692268,2024-12-27,32,MGR_115,Active,0
EMP_1727,30.0,male,Single,Masters,IT,IT Specialist,"July 04, 2015",86336.0,80025,3.0,2.0,2,21,No,2,0.36140145630729154,2017-01-23,37,MGR_034,Terminated,1
EMP_0530,27.0,Female,Divorced,Masters,Engineering,Engineering Manager,"December 16, 2010",102300.0,88881,3.0,2.0,4,1,Yes,1,1.7487576219802434,2023-04-24,117,MGR_157,Active,0
EMP_1404,40.0,Female,single,Bachelor,Sales,Account Manager,03/12/2020,55716.0,,3.0,5.0,3,15,Yes,5,1.4909449611457068,,7,MGR_165,Resigned,1
EMP_9634,28.0,Male,Married,Bachelors,Sales,Sales Manager,"July 05, 2016",93613.0,"79604,85186",2.0,4.0,4,30,No,1,3.1230640716346696,2024-08-18,15,MGR_127,Resigned,1
EMP_0256,31.0,Female,single,Bachelor,sales,Account Manager,13-12-2014,,,4.0,3.0,4,27,No,2,2.1615890605309587,2024-02-29,12,MGR_111,Active,0
EMP_0644,22.0,Female,single,High School,sales,Sales Rep,2019-08-19,37983.0,,4.0,3.0,Medium,3,Yes,0,0.44360908654186976,,15,MGR_117,Active,0
EMP_0159,25.0,male,M,Bachelor,Customer Service,Support Specialist,29-06-2016,57200.0,"37947,40484,44599,49026",4.0,4.0,3,2,No,1,0.573403611522108,2019-06-05,10,MGR_100,Active,0
EMP_1083,32.0,M,Married,MA,Sales,Sr. Sales Rep,"June 30, 2017",69714.0,"46724,53862,57850,62248",3.0,4.0,2,11,Yes,4,1.1823674169936385,2020-08-16,16,MGR_093,Active,0
EMP_9075,47.0,Female,Single,MA,R&D,Research Scientist,09-01-2017,97388.0,90452,5.0,5.0,4,14,Yes,3,1.1427540685000745,2016-10-11,24,MGR_098,Active,0
EMP_1501,41.0,male,married,Bachelor,Marketing,Marketing Manager,2021-11-03,,,5.0,1.0,1,1,No,2,0.2721300329568602,2021-05-03,35,MGR_191,Active,0
EMP_1684,37.0,Male,D,Bachelor,Operations,Ops Analyst,23-07-2021,55924.0,,5.0,2.0,1,6,Yes,0,1.2444326114231792,2019-01-30,10,MGR_045,Resigned,1
EMP_0223,40.0,male,married,Master,Human Resources,Recruiter,,62618.0,55708,4.0,5.0,Low,14,Yes,2,1.4101554787960358,2021-04-24,24,MGR_142,Resigned,1
EMP_1340,36.0,female,married,Master,sales,Account Manager,12-01-2012,74928.0,"43443,48167,55300,63810",4.0,3.0,4,8,No,0,0.521344230090027,2024-08-07,12,,Active,0
EMP_0500,23.0,Male,Married,Masters,IT,System Admin,"November 03, 2011",58936.0,"36619,42469,46818,52425",3.0,5.0,4,16,No,5,0.3570462957939675,2017-07-23,30,MGR_140,Active,0
EMP_9963,34.0,Male,Married,Master,Customer Support,CS Manager,02/19/2019,84248.0,"51064,57555,67573,73618",4.0,1.0,Low,14,nan,0,2.256920959980455,2015-12-31,23,MGR_142,Terminated,1
EMP_1559,46.0,female,Divorced,Master,Engineering,DevOps Engineer,2016-03-01,85762.0,"59045,69184,80986",4.0,2.0,4,8,No,1,0.038272535725996364,2024-07-30,13,MGR_144,Resigned,1
EMP_0203,43.0,Female,Married,BS,Engineering,Jr. Software Engineer,2023-10-07,50261.0,44581,2.0,4.0,2,19,Yes,2,3.779269693431842,2021-01-10,11,MGR_112,Active,0
EMP_0858,38.0,male,Married,MS,Sales,Sales Rep,2017-09-24,36455.0,"29744,34326",3.0,3.0,4,19,Yes,2,,2024-12-21,1,MGR_016,Active,0
EMP_1987,40.0,Male,Married,MA,Marketting,Marketing Specialist,13-12-2018,58186.0,"46132,50369",5.0,2.0,Low,13,No,3,2.7850288500828873,2021-11-18,1,MGR_025,Active,0
EMP_1244,26.0,male,Single,Bachelor,sales,Sales Rep,10-12-2016,50885.0,,2.0,2.0,nan,24,FALSE,6,0.35152932880992,2019-06-17,51,MGR_058,Terminated,1
EMP_1802,34.0,Male,single,Bachelor,Customer Support,Support Specialist,04/11/2018,48985.0,"34919,37030,41911,44957",3.0,2.0,2,3,No,2,5.258820685129241,2021-01-06,0,MGR_061,Active,0
EMP_1410,32.0,male,married,Bachelor,Engineering,Software Engineer,07-08-2021,91362.0,,3.0,4.0,3,27,0,1,0.42718968232299015,2022-11-23,12,MGR_139,Active,0
EMP_1277,53.0,F,Married,Master,Engineering,Software Engineer,09/20/2015,87717.0,"73270,82152",3.0,2.0,3,15,No,2,2.6073646778010717,2023-06-12,14,MGR_080,Active,0
EMP_1000,39.0,Female,married,Bachelor,Finance,Financial Analyst,"December 17, 2018",62084.0,,3.0,1.0,3,21,No,2,1.3772834684618243,2015-11-07,16,MGR_011,Active,0
EMP_1440,40.0,male,married,Bachelors,Sales,Account Manager,15-05-2013,74795.0,"51190,55078,58535,63988",5.0,4.0,4,16,No,3,3.84849140126037,,27,MGR_194,Active,0
EMP_0879,34.0,M,Divorced,Masters,Sales,Sales Rep,"July 28, 2017",37105.0,"29936,35137",2.0,,2,14,0,3,1.8032014225340711,2025-05-14,5,,Active,0
EMP_1562,29.0,Female,single,BA,Sales,Sr. Sales Rep,09/11/2010,65644.0,"48584,57143,61319",6.0,5.0,4,15,No,3,1.088625994417508,2018-12-05,16,MGR_128,Resigned,1
EMP_0126,52.0,Female,married,Bachelor,Operations,Operations Manager,2013-05-05,82034.0,"73243,77840",4.0,3.0,Very High,11,Yes,0,0.7709915622344653,2024-12-15,24,,Active,0
EMP_1898,47.0,M,Married,Bachelor,Engineering,Software Engineer,01/16/2024,87975.0,"72045,81714",2.0,2.0,2,7,Yes,1,0.78214038893542,2017-10-31,7,MGR_146,Active,0
EMP_1038,23.0,F,married,Master,Engineering,Senior Engineer,2019-09-30,146544.0,"116804,131256",2.0,4.0,4,1,No,3,1.8429514186130744,,7,MGR_167,Active,0
EMP_1089,32.0,M,S,Bachelor,sales,Account Manager,2012-06-06,71311.0,66828,4.0,3.0,1,6,No,2,0.5081828354328735,2016-02-29,50,MGR_001,Active,0
EMP_0751,27.0,M,married,Bachelors,Marketing,Marketing Manager,22-06-2023,70428.0,,4.0,4.0,5,9,No,1,2.0841815663218672,2022-03-15,51,MGR_011,Terminated,1
EMP_1956,45.0,Female,single,MS,Engineering,Software Engineer,"July 23, 2018",104023.0,"82744,93742",3.0,4.0,3,5,No,1,0.3922159000148536,2022-06-20,7,MGR_178,Active,0
EMP_0505,29.0,Male,single,Masters,Customer Service,CS Manager,"February 21, 2019",57591.0,50829,3.0,4.0,5,14,No,3,1.2160877012117377,2019-01-10,25,MGR_027,Resigned,1
EMP_0784,39.0,MALE,Married,BS,Customer Service,Customer Rep,2012-10-06,35928.0,"24840,28688,31458",3.0,4.0,4,5,No,4,2.2365787338104486,2015-11-05,14,,Resigned,1
EMP_0452,42.0,male,single,High School,Marketing,Marketing Specialist,10/18/2017,60405.0,,3.0,4.0,4,21,Yes,2,3.0829537680712553,2018-03-31,28,MGR_044,Terminated,1
EMP_0364,38.0,Male,Divorced,High School,Engineering,Jr. Software Engineer,08/17/2019,74141.0,"61547,65223",5.0,5.0,2,12,Yes,4,3.247136283729657,2021-09-22,49,MGR_033,Terminated,1
EMP_1882,47.0,M,Single,MA,Operations,Process Specialist,13-06-2020,49227.0,"33363,37798,43171",4.0,4.0,4,1,No,3,4.746509155884904,2020-01-16,37,MGR_076,Active,0
EMP_1615,33.0,F,Married,Bachelor,Enginnering,Software Engineer,"April 30, 2011",111596.0,"76872,88924,95209",2.0,4.0,3,10,No,2,0.3476496083161433,2016-08-26,1,MGR_169,Active,0
EMP_1969,33.0,Male,Single,Bachelor,Engineering,Jr. Software Engineer,11/28/2015,72580.0,61699,4.0,4.0,nan,3,No,3,0.484687867906116,2019-01-28,1,MGR_087,Resigned,1
EMP_0478,37.0,Male,Single,BS,Marketing,Marketing Specialist,2015-12-13,69539.0,"48196,54152,60660,63878",3.0,3.0,5,4,Yes,1,0.3345630224786968,2018-08-27,32,MGR_117,Active,0
EMP_1934,34.0,MALE,Single,Master,Engineering,Senior Engineer,06-02-2023,119841.0,,5.0,4.0,2,46,No,1,9.149125383065714,2021-10-31,9,MGR_169,Active,0
EMP_1573,37.0,Female,married,MS,Sales,Account Manager,01/04/2014,70614.0,60157,3.0,3.0,3,8,No,45,4.325022110805652,2020-05-04,0,MGR_052,Active,0
EMP_0954,,Male,Single,Masters,Customer Support,Customer Rep,2015-03-27,41031.0,"26452,30376,33624,36097",3.0,1.0,3,24,Yes,3,3.3081336086664512,2024-06-01,50,,Active,0
EMP_1866,21.0,Male,Single,Bachelor,Operations,Operations Analyst,02/06/2010,65080.0,"49868,57816",4.0,5.0,2,1,No,5,1.048353719400608,,1,MGR_183,Active,0
EMP_1305,39.0,Female,Single,Master,Engineering,Senior Engineer,03-10-2010,123396.0,105714,3.0,4.0,5,28,No,1,3.135355495699388,2016-12-18,8,,Resigned,1
EMP_1465,30.0,Female,single,MA,Sales,Sr. Sales Rep,"December 24, 2023",67077.0,"47665,53978,62610",4.0,4.0,2,1,No,2,6.123014338274823,2020-09-08,26,MGR_135,Active,0
EMP_0598,27.0,M,D,MS,Operations,Operations Analyst,2020-02-11,53269.0,48549,3.0,2.0,4,15,No,1,0.7924530143855599,2018-06-02,7,MGR_072,Active,0
EMP_9687,55.0,Female,Married,Bachelors,Engineering,Software Engineer,"April 29, 2021",101793.0,"72775,80969,88710",4.0,1.0,1,33,Y,2,1.6754858477627919,2024-08-05,17,MGR_126,Active,0
EMP_0555,37.0,male,Single,Bachelor,Customer Service,Support Specialist,02-04-2024,54402.0,,4.0,2.0,5,8,No,2,3.308679042241973,2015-09-05,6,MGR_085,Terminated,1
EMP_0771,40.0,F,Married,Bachelors,Engineering,Senior Engineer,2017-07-11,111134.0,"68673,80540,91392,99369",3.0,2.0,3,1,No,3,0.33592788566139997,2021-07-26,35,MGR_010,Laid Off,1
EMP_0970,23.0,Male,Married,High School,Operations,Process Specialist,04-06-2020,64548.0,,3.0,4.0,4,22,FALSE,1,1.3404753491512824,2024-03-25,33,MGR_183,Active,0
EMP_1133,47.0,Male,Single,Master,Engineering ,Senior Engineer,07-08-2017,134939.0,"96412,107706,123333",3.0,5.0,3,5,No,4,9.39500214180257,2023-09-04,10,MGR_151,Active,0
EMP_0069,37.0,M,married,nan,IT,System Admin,2015-12-08,63510.0,"47431,54417",5.0,3.0,2,17,No,4,0.4336380974459454,2018-05-18,45,MGR_044,Active,0
EMP_0809,45.0,Male,single,Master,Engineering ,Software Engineer,01/05/2015,72544.0,64030,3.0,3.0,2,29,TRUE,2,5.532266380065157,2017-12-03,15,,Active,0
EMP_1160,32.0,female,Divorced,BS,Enginnering,Software Engineer,10/17/2019,68716.0,64771,3.0,3.0,4,37,No,1,0.36357495738218726,2022-05-07,17,MGR_024,Active,0
EMP_1774,36.0,male,Married,Master,Engineering,Software Engineer,06-01-2015,103903.0,"81007,92254",3.0,5.0,3,3,TRUE,2,2.083022721998357,2015-08-29,17,MGR_159,Active,0
EMP_0328,41.0,Female,S,Bachelor,Human Resources,HR Manager,23-10-2018,63435.0,"45371,49998,53065,59256",2.0,3.0,2,22,Yes,2,3.294246510031956,2016-10-24,5,MGR_111,Active,0
EMP_0780,39.0,male,married,High School,HR,HR Specialist,01/16/2021,69198.0,"56920,61904",2.0,5.0,4,12,No,1,1.3061986539141883,2023-05-28,20,MGR_159,Laid Off,1
EMP_1014,29.0,Male,Single,Masters,Operations,Operations Manager,04-05-2011,88637.0,"70017,75389",2.0,2.0,2,16,No,3,0.24990569177223546,2022-03-19,4,,Resigned,1
EMP_0715,34.0,Female,M,BA,Sales,Sales Rep,01/17/2020,60524.0,52637,3.0,2.0,4,39,N,2,,2023-12-24,16,MGR_193,Resigned,1
EMP_0354,33.0,Female,single,Bachelors,R&D,Product Developer,12/02/2010,83423.0,"64202,68720,76007",2.0,1.0,3,3,Yes,2,0.38631940166469436,2023-10-21,11,MGR_046,Active,0
EMP_0218,33.0,Male,single,High School,Marketing,Digital Marketer,03/24/2019,65471.0,,2.0,3.0,4,12,No,1,0.9389560212348497,2016-12-31,1,MGR_134,Active,0
EMP_0832,27.0,female,single,High school,Human Resources,HR Manager,"September 21, 2018",62644.0,"47886,53614,59301",3.0,1.0,2,Close,N,2,5.263653353740095,2018-06-12,25,MGR_154,Active,0
EMP_0574,33.0,F,S,BS,Customer Support,CS Manager,10/18/2011,69664.0,63286,3.0,3.0,1,17,Yes,2,0.5240314735141463,2018-10-08,36,MGR_061,Active,0
EMP_1701,37.0,Female,married,Bachelor,sales,Sales Rep,"June 16, 2016",47335.0,43744,4.0,2.0,3,7,Yes,2,,2019-11-27,34,,Active,0
EMP_0311,33.0,MALE,M,High School,Sales,Sr. Sales Rep,05/28/2020,49751.0,"32034,36806,41331,45021",3.0,1.0,Low,20,No,1,3.1877540412019885,2017-07-28,5,MGR_031,Terminated,1
EMP_1146,35.0,Female,S,BS,Marketing,Digital Marketer,"December 08, 2014",61388.0,"44437,49168,56292",3.0,4.0,2,11,No,1,0.9833556600546888,2023-11-15,40,MGR_175,Active,0
EMP_0292,31.0,male,Single,BA,Sales,Sales Manager,07/08/2016,96798.0,,5.0,4.0,3,6,FALSE,4,0.47578761004097736,2025-04-27,1,MGR_086,Active,0
EMP_0783,38.0,M,married,MS,sales,Sales Rep,2020/15/30,53923.0,48924,3.0,3.0,3,2,No,1,5.57539443023059,2016-06-05,35,MGR_016,Active,0
EMP_0840,33.0,male,married,MA,Human Resources,Recruiter,"March 15, 2012",48154.0,"32285,35752,38663,41173",4.0,3.0,3,6,No,6,2.471890487999282,2015-07-05,61,MGR_137,Active,0
EMP_0459,30.0,MALE,single,nan,Engineering,Software Engineer,2013-12-29,88967.0,80493,3.0,3.0,3,4,No,4,0.15840446431255795,,25,MGR_139,Terminated,1
EMP_1213,29.0,Female,single,MS,Operations,Operations Manager,2015-12-01,83937.0,"67789,74568",2.0,2.0,3,1,No,3,1.4368803943511972,2024-04-14,16,MGR_006,Terminated,1
EMP_1865,45.0,F,Single,Master,Human Resources,HR Manager,"June 29, 2020",64071.0,"46846,53501,57103",3.0,2.0,4,3,Yes,0,5.876825666994132,2023-02-19,11,MGR_040,Active,0
EMP_1940,35.0,Male,Single,Bachelor,Engineering,Senior Engineer,,125060.0,"86986,96206,102148,111566",3.0,4.0,2,5,No,2,2.551360095866037,2015-09-15,2,,Terminated,1
EMP_0619,38.0,M,Married,MA,Marketing,Marketing Analyst,07/04/2010,61965.0,"48707,53049",3.0,3.0,1,2,Yes,2,7.309931743355688,2024-02-06,14,MGR_091,Terminated,1
EMP_1250,22.0,M,Married,BS,IT,IT Specialist,"September 14, 2010",78038.0,"55359,60411,68343,72009",0.0,1.0,3,3,Yes,4,5.039088270820672,,3,MGR_096,Terminated,1
EMP_0245,25.0,M,single,MS,Engineering ,Senior Engineer,2022-02-15,97467.0,91823,3.0,4.0,4,9,No,1,3.249712799555555,2017-07-20,9,,Active,0
EMP_1617,37.0,male,married,Bachelors,Sales,Account Manager,09/13/2021,60369.0,"42564,45726,50442,54748",3.0,,3,36,Yes,1,2.8011002745248583,2017-10-29,11,,Active,0
EMP_1048,22.0,Male,married,High School,Marketing,Marketing Specialist,08/08/2022,56694.0,53024,3.0,4.0,3,1,No,2,1.0123801236550614,2024-08-17,25,MGR_085,Active,0
EMP_1892,35.0,MALE,Married,Master,Sales,Account Manager,2017-09-06,50557.0,47673,3.0,5.0,3,42,No,1,0.5755487930792674,2021-05-24,0,MGR_149,Active,0
EMP_0061,31.0,F,Divorced,nan,Operations,Operations Manager,2019-09-11,98599.0,"62789,67690,75037,85870",4.0,4.0,3,6,No,2,0.24309590951607368,2021-01-15,5,,Active,0
EMP_0935,38.0,Male,Single,Masters,Engineering,DevOps Engineer,2014-12-14,86947.0,,5.0,,3,46,No,2,2.306289451217927,2017-08-05,12,MGR_054,Terminated,1
EMP_1631,38.0,M,M,Masters,Sales,Sales Rep,2018-07-31,55761.0,52266,0.0,3.0,4,3,No,0,3.7464633211789335,2020-10-19,25,MGR_191,Active,0
EMP_0286,19.0,F,Single,PhD,Marketing,Marketing Analyst,03/17/2016,82163.0,"70319,76320",4.0,4.0,Very Low,2,No,4,1.8156272918066647,2021-04-28,42,MGR_100,Active,0
EMP_1093,40.0,Female,married,Bachelors,Customer Service,Customer Rep,2015-07-13,46171.0,"32898,36747,41343",3.0,4.0,2,7,No,4,1.1256312665411372,2017-10-20,11,,Active,0
EMP_1169,39.0,Female,single,Bachelor,Marketing,Digital Marketer,22-04-2010,64225.0,"57462,60614",4.0,3.0,2,15,No,2,1.4268041295394616,2022-02-14,52,MGR_105,Terminated,1
EMP_1024,52.0,female,Divorced,Bachelors,Operations,Operations Manager,2013-11-04,63897.0,"52288,58883",4.0,3.0,4,10,N,2,2.33459789186567,2022-05-12,4,MGR_149,Active,0
EMP_0914,47.0,female,single,BS,Marketting,Marketing Specialist,"September 01, 2016",,,5.0,1.0,2,5,TRUE,0,2.289408152861652,2023-08-16,16,MGR_132,Active,0
EMP_0776,22.0,M,Married,Bachelor,Operations,Operations Analyst,22-09-2022,78706.0,71864,3.0,3.0,4,12,Yes,1,0.827802207227623,2021-11-17,24,MGR_196,Active,0
EMP_0650,40.0,male,Married,Bachelors,Engineering,Software Engineer,08/28/2010,81769.0,,3.0,5.0,3,28,FALSE,2,4.974333620191326,2015-11-16,39,,Active,0
EMP_1123,40.0,female,Single,BS,Human Resources,Recruiter,"November 22, 2012",53743.0,50383,4.0,4.0,Low,1,No,3,5.002530185302092,2025-04-27,4,MGR_063,Resigned,1
EMP_0717,35.0,Female,married,Bachelor,Finance,Senior Analyst,18-09-2021,55641.0,"32576,37712,42952,50306",2.0,0.0,3,4,No,0,3.9082009671980487,2019-08-10,5,MGR_109,Resigned,1
EMP_0435,47.0,male,Married,Bachelor,sales,Sales Manager,31-05-2018,80309.0,,4.0,,High,1,No,1,,2016-10-08,22,MGR_002,Active,0
EMP_0887,39.0,Female,married,BA,Engineering,Engineering Manager,"January 05, 2014",98661.0,"72407,84823",4.0,3.0,High,5,No,1,2.167529449882649,2024-01-11,12,MGR_109,Active,0
EMP_0148,24.0,Male,D,Bachelor,Marketing,Digital Marketer,10/13/2018,56414.0,,2.0,2.0,2,1,No,3,1.65666019517518,2021-12-31,12,,Active,0
EMP_1050,46.0,Female,M,Bachelor,Sales,Sales Manager,04/07/2022,80585.0,75907,2.0,3.0,4,14,Yes,2,0.3582426652317912,2020-04-11,23,MGR_097,Active,0
EMP_1142,46.0,F,Single,MS,HR,HR Specialist,2017-10-15,39581.0,"35201,37063",4.0,2.0,4,17,N,2,1.9951120726731364,,12,MGR_022,Active,0
EMP_0516,41.0,Male,married,BS,Customer Service,CS Manager,2013-01-29,70570.0,"51649,60699",3.0,4.0,5,9,No,1,0.9160287610301991,2016-04-20,9,,Active,0
EMP_0833,26.0,Male,married,Bachelors,HR,Recruiter,2010-05-24,56507.0,,3.0,4.0,3,8,TRUE,3,0.3768168089146369,2024-11-22,28,,Active,0
EMP_1402,39.0,M,Single,High School,Engineering,Engineering Manager,"May 15, 2017",130040.0,"99900,112462,120319",3.0,3.0,3,5,Yes,7,4.270877101306311,2019-06-11,27,,Active,0
EMP_0290,30.0,F,married,BA,Marketing,Marketing Manager,"May 05, 2023",87639.0,"56803,63023,66521,75909",3.0,4.0,2,10,No,2,0.8540213718875914,2018-06-22,30,MGR_107,Terminated,1
EMP_1415,29.0,Male,Married,Master,Sales,Sales Representative,17-10-2011,42893.0,40086,3.0,1.0,2,5,No,1,5.894437566119663,2023-06-25,10,MGR_087,Active,0
EMP_0164,28.0,M,Married,Master,IT,IT Specialist,"July 29, 2014",68577.0,"55573,62171",3.0,4.0,1,8,No,2,1.9001099773586576,2020-11-01,29,MGR_034,Active,0
EMP_0860,40.0,Male,Single,Bachelors,Marketing,Digital Marketer,"March 15, 2011",53975.0,47181,4.0,3.0,3,10,No,2,3.6524430948032767,2024-06-28,10,MGR_172,Active,0
EMP_1931,25.0,female,single,Bachelor,Enginnering,Senior Engineer,"August 09, 2022",128283.0,120461,5.0,4.0,2,6,No,3,7.110003351196915,2024-01-29,2,MGR_003,Resigned,1
EMP_1513,29.0,M,S,Master,Operations,Operations Manager,32-12-2021,78188.0,72929,4.0,4.0,4,8,Yes,3,0.7096557717866447,2018-10-28,3,MGR_097,Active,0
EMP_0155,37.0,Male,Married,Bachelor,Marketing,Marketing Specialist,23-03-2019,74394.0,"56382,60898,64264",4.0,1.0,5,43,Yes,2,0.8508230267191113,2019-09-19,15,MGR_073,Terminated,1
EMP_1792,35.0,Female,Married,Masters,Finance,Accountant,2012-09-25,58982.0,"43947,51561",3.0,3.0,5,18,Yes,7,5.618352010720928,2020-10-20,28,MGR_160,Active,0
EMP_0883,31.0,Male,Single,High School,Operations,Process Specialist,"May 08, 2016",52099.0,"31040,36465,39615,44725",5.0,3.0,Low,2,No,1,2.8948700615448395,2024-08-06,22,MGR_157,Active,0
EMP_0016,30.0,male,Divorced,Bachelor,Engineering,Senior Engineer,2021-09-28,140063.0,125765,4.0,1.0,5,6,No,3,0.7613498386482913,2018-04-17,5,MGR_034,Active,0
EMP_1633,29.0,male,Married,PhD,IT,IT Specialist,24-04-2021,91938.0,"81866,86308",3.0,4.0,High,27,No,3,4.371702428652834,2023-05-30,56,MGR_137,Active,0
EMP_0507,30.0,M,married,Masters,HR,HR Specialist,05/19/2012,59517.0,"47947,51936",3.0,4.0,3,19,nan,2,1.6205409263537511,2020-09-05,34,MGR_058,Active,0
EMP_0977,31.0,F,Single,MA,Human Resources,Recruiter,07/16/2017,,,4.0,4.0,Low,19,No,0,0.5873683537506087,2022-06-17,26,MGR_001,Terminated,1
EMP_1267,34.0,M,S,Master,Finance,Accountant,07-07-2023,74665.0,"52035,57223,67293",2.0,4.0,3,6,No,1,5.4821504876241995,2020-05-22,74,MGR_137,Active,0
EMP_1505,33.0,Female,single,Master,Marketing,Digital Marketer,"November 27, 2015",66888.0,59408,4.0,3.0,3,2,Yes,3,2.0110811892918297,2024-06-20,19,MGR_119,Active,0
EMP_1585,38.0,male,Married,Master,Operations,Process Specialist,"January 17, 2016",64694.0,"45439,51636,55868",4.0,4.0,4,20,0,2,8.075291157710215,2017-03-27,0,MGR_188,Active,0
EMP_0999,30.0,F,single,Master,Sales,Sales Manager,17-04-2012,,,5.0,3.0,3,16,Yes,1,2.1297696342631336,2021-09-10,30,MGR_153,Resigned,1
EMP_0499,27.0,male,Married,High school,Operations,Operations Manager,Invalid Date,94793.0,"64791,69601,81600",3.0,2.0,3,14,No,0,3.470213007867111,2022-09-20,4,MGR_084,Active,0
EMP_0600,38.0,Male,Single,Master,sales,Sales Manager,2020/15/30,94645.0,"66844,71630,78823,83209",2.0,4.0,Very Low,1,No,2,1.570370410190605,2024-09-07,6,MGR_042,Terminated,1
EMP_9611,39.0,male,married,Bachelor,Customer Service,Customer Rep,"January 05, 2024",49195.0,"32280,37004,42143",1.0,5.0,Very High,1,No,0,0.14357313192227303,,14,MGR_042,Active,0
EMP_0652,44.0,M,married,Bachelors,Engineering,DevOps Engineer,02-08-2019,59701.0,"45908,52603",2.0,3.0,4,10,TRUE,0,0.9423981289663976,2018-12-11,6,MGR_067,Terminated,1
EMP_0085,,Male,Single,Masters,Engineering ,Software Engineer,01/10/2020,118151.0,"96607,103098",3.0,4.0,High,17,No,3,2.3188007717461607,2017-05-31,8,,Active,0
EMP_1514,20.0,male,Single,MA,Engineering,Software Engineer,2020/15/30,92702.0,,4.0,4.0,5,4,N,0,2.573133388290783,2018-11-17,3,MGR_155,Active,0
EMP_9996,47.0,Male,Single,Masters,Marketing,Marketing Analyst,2011-09-09,79143.0,74672,4.0,4.0,4,12,Y,4,,2016-07-16,34,MGR_146,Active,0
EMP_0668,47.0,F,married,Bachelors,IT,System Admin,"October 27, 2016",68746.0,,3.0,2.0,3,1,No,3,0.6980643478162879,2023-10-03,1,MGR_158,Resigned,1
EMP_0095,31.0,M,D,High School,Sales,Account Manager,2010-08-17,61634.0,,3.0,3.0,nan,35,Yes,6,0.8302872904876453,2020-11-14,7,MGR_059,Resigned,1
EMP_0756,56.0,Female,D,nan,Engineering,Engineering Manager,2017-01-06,,,3.0,5.0,3,10,Yes,1,1.3869174250531868,2023-02-15,28,MGR_090,Active,0
EMP_0274,35.0,M,single,BS,Engineering ,Senior Engineer,24-04-2010,98534.0,"74142,79993,84289",3.0,4.0,2,5,No,0,2.191590382384899,2016-05-17,0,MGR_117,Terminated,1
EMP_0663,34.0,Male,married,Bachelors,Marketing,Marketing Analyst,08-01-2020,56559.0,,3.0,2.0,4,22,No,2,1.6366325267564492,2022-01-18,38,MGR_137,Active,0
EMP_0731,36.0,F,S,Master,Marketing,Marketing Manager,"May 02, 2016",72418.0,"46827,53499,56439,62484",1.0,3.0,4,6,Yes,4,0.5827638595826581,2018-01-15,14,MGR_173,Resigned,1
EMP_0681,40.0,female,married,High School,Customer Service,CS Manager,08/29/2019,72885.0,68868,3.0,2.0,2,8,No,1,0.41277346665873943,2021-07-01,0,MGR_125,Active,0
EMP_0921,43.0,Male,Single,Masters,Operations,Operations Analyst,08/26/2011,58024.0,,3.0,4.0,Medium,3,No,3,0.5140538893182418,2025-02-28,37,MGR_006,Active,0
EMP_1905,34.0,female,Married,PhD,HR,HR Specialist,"May 13, 2022",55492.0,"37619,42766,47561",4.0,4.0,2,6,No,3,1.4916991073633779,2020-02-05,2,MGR_129,Active,0
EMP_1236,48.0,F,Divorced,Bachelor,HR,HR Specialist,"July 11, 2014",38930.0,"31303,35144",4.0,3.0,5,9,No,0,0.5767296093894776,2018-04-20,47,MGR_135,Resigned,1
EMP_0096,23.0,M,married,Bachelors,Finance,Senior Analyst,2010-04-21,71796.0,"47545,50055,58068,66123",1.0,3.0,3,11,No,2,1.369972619047428,2021-02-06,8,,Terminated,1
EMP_1900,32.0,male,married,Bachelors,Engineering,Senior Engineer,"August 09, 2013",99567.0,"68729,77773,81954,91649",4.0,3.0,3,37,Yes,1,2.4880068663054966,2018-09-13,12,MGR_169,Active,0
EMP_1025,48.0,M,M,Bachelor,Finance,Finance Manager,01-04-2015,92272.0,"74168,83338",4.0,2.0,3,15,No,1,1.2789867070328305,2018-09-19,20,MGR_063,Active,0
EMP_0657,35.0,Male,Married,BA,Operations,Process Specialist,15-07-2010,57702.0,"36878,42204,44891,49698",4.0,2.0,2,38,No,1,0.3247282865726822,2017-11-09,10,MGR_126,Active,0
EMP_0329,39.0,female,single,Masters,Customer Support,CS Manager,26-10-2013,75030.0,"47167,52044,55543,64398",4.0,4.0,2,14,No,5,1.8850232525263695,2024-11-26,15,MGR_025,Active,0
EMP_0669,18.0,Male,married,BA,Engineering,Jr. Software Engineer,03/08/2020,72654.0,"46561,54195,57312,66657",5.0,3.0,3,10,Yes,1,1.05591038578852,2019-07-04,19,MGR_145,Active,0
EMP_1192,24.0,F,Married,Masters,Operations,Process Specialist,28-12-2024,52235.0,,4.0,,3,1,No,1,,,29,MGR_076,Active,0
EMP_0086,30.0,male,S,MS,Engineering,Senior Engineer,2019-05-21,95694.0,"75163,84281",5.0,3.0,Medium,22,No,2,1.7292945799901795,2019-08-16,7,,Active,0
EMP_1843,30.0,male,M,High School,Operations,Operations Manager,"September 22, 2011",77678.0,"51933,60074,70256",4.0,5.0,4,17,Yes,5,1.0268677806738304,2018-12-01,11,MGR_188,Active,0
EMP_1352,20.0,male,Single,MA,Sales,Account Manager,"April 19, 2017",51667.0,"41531,44476,47786",3.0,4.0,3,23,No,2,4.657061964932618,2017-05-06,0,MGR_084,Resigned,1
EMP_1499,43.0,Female,married,Master,Sales,Sr. Sales Rep,2011-11-16,80284.0,,3.0,1.0,4,6,No,0,1.3420112700361269,2023-05-08,4,MGR_169,Active,0
EMP_0072,47.0,Female,married,Bachelors,Marketing,Digital Marketer,21-04-2020,60145.0,"40493,45755,51444",3.0,4.0,4,,No,1,2.726321607309677,2017-11-22,45,,Terminated,1
EMP_1215,32.0,M,Married,Bachelor,Sales,Sr. Sales Rep,09-06-2018,67003.0,,4.0,4.0,3,6,N,1,0.7246905514669986,2017-09-23,3,MGR_034,Active,0
EMP_1375,46.0,Male,Married,Master,Sales,Account Manager,03/20/2010,74467.0,,3.0,4.0,3,12,FALSE,0,2.1377186109443906,,9,MGR_108,Active,0
EMP_0944,34.0,F,married,Bachelors,Operations,Operations Manager,"June 09, 2024",81101.0,72836,5.0,3.0,5,12,Yes,0,0.7882086619648575,2025-02-08,8,MGR_177,Active,0
EMP_0702,43.0,M,Married,MS,Marketing,Marketing Analyst,"June 01, 2010",60382.0,"50101,56529",3.0,3.0,2,1,Yes,1,3.149668723017193,2025-03-05,90,MGR_178,Active,0
EMP_1149,47.0,Male,Single,Masters,Marketing,Marketing Analyst,2011-09-09,79143.0,74672,4.0,4.0,4,12,Y,4,,2016-07-16,34,MGR_146,Active,0
EMP_1203,35.0,F,Married,Master,Customer Support,Support Specialist,"June 14, 2019",350000.0,"233957,257761,280950,319611",3.0,4.0,3,50,No,3,1.4025632640803578,2017-02-09,19,MGR_054,Resigned,1
EMP_0580,44.0,male,S,High School,Marketing,Marketing Manager,"February 27, 2017",86023.0,"59514,63229,73466",3.0,3.0,Very Low,35,Yes,1,0.864157610738689,2018-07-30,28,MGR_169,Terminated,1
EMP_1341,36.0,male,S,BS,R&D,Research Scientist,Invalid Date,100347.0,,5.0,5.0,Medium,4,No,1,1.3995652311616438,2025-04-04,12,MGR_043,Active,0
EMP_0653,32.0,F,Married,Master,Customer Support,Customer Rep,2018-03-26,37181.0,32080,3.0,2.0,4,27,Y,2,1.9326879265352177,2020-05-11,43,MGR_009,Active,0
EMP_0961,40.0,F,single,High School,Engineering,Software Engineer,"November 15, 2017",85317.0,73506,4.0,4.0,5,9,Yes,3,0.898345305149041,2023-01-16,45,MGR_098,Active,0
EMP_1485,36.0,female,Single,Masters,Finance,Accountant,"October 11, 2021",45239.0,"35101,39706",1.0,1.0,5,2,Yes,3,0.8504865468485685,2022-11-09,25,MGR_049,Active,0
EMP_1082,32.0,F,D,Bachelors,Engineering ,Senior Engineer,23-11-2024,156329.0,,4.0,4.0,4,9,No,1,0.5782688343205131,2025-05-01,3,MGR_017,Resigned,1
EMP_0556,31.0,M,Married,PhD,Operations,Operations Manager,07/21/2010,117089.0,"95303,109375",3.0,4.0,Medium,3,No,5,1.0538240313734408,2020-06-10,41,MGR_170,Resigned,1
EMP_1470,38.0,Female,single,Masters,Finance,Accountant,2015-12-01,53130.0,"40849,46588",2.0,3.0,3,38,No,3,4.295758299167797,2022-04-19,24,MGR_028,Active,0
EMP_1619,31.0,Female,single,Master,Human Resources,HR Specialist,"February 12, 2020",41408.0,"30509,32469,36740,39285",5.0,4.0,4,6,Yes,0,10.554117236495031,,1,MGR_041,Active,0
EMP_1720,31.0,Male,married,Master,Engineering ,Senior Engineer,05-12-2020,127643.0,117987,3.0,3.0,5,1,Yes,3,0.10482764070504468,2020-08-14,14,MGR_003,Active,0
EMP_1937,37.0,Female,Married,High School,Operations,Operations Manager,"March 19, 2015",83859.0,,3.0,,3,40,TRUE,0,1.8928195780513237,2017-07-31,0,MGR_055,Resigned,1
EMP_1932,38.0,F,Single,BS,Marketing,Marketing Analyst,02/06/2017,66607.0,"55514,62615",4.0,4.0,2,22,No,1,0.7838857037360761,2020-08-11,1,MGR_059,Terminated,1
EMP_1224,,Female,single,MS,Operations,Operations Manager,08/05/2016,91098.0,78556,4.0,1.0,4,1,No,1,1.4968878265498031,,0,MGR_121,Active,0
EMP_1823,33.0,Male,Married,BA,Marketing,Marketing Manager,"July 03, 2012",87241.0,"65607,75978",3.0,3.0,1,5,Yes,3,0.393811262683555,2019-08-30,0,MGR_125,Active,0
EMP_0410,39.0,F,Married,PhD,Human Resources,HR Manager,"July 22, 2015",55158.0,"38129,44367,48521",3.0,4.0,3,1,Yes,4,0.07646279106470433,2019-09-22,3,,Active,0
EMP_0031,30.0,Female,married,Masters,Sales,Sales Rep,2010-02-25,47326.0,"37474,41648,43861",4.0,4.0,High,29,0,2,1.97950647583742,2022-07-04,16,,Active,0
EMP_0181,40.0,Female,Divorced,Master,Operations,Ops Analyst,06/10/2013,57845.0,"39837,44682,51792",3.0,5.0,4,47,No,2,1.8527209716148791,2015-09-23,30,MGR_107,Active,0
EMP_1263,39.0,Female,Married,High School,Operations,Process Specialist,17-09-2021,45496.0,"33828,39569,43057",3.0,1.0,2,13,Yes,0,0.37718247546977723,2017-02-21,8,MGR_002,Active,0
EMP_1730,49.0,Female,Single,PhD,Sales,Sr. Sales Rep,06/27/2022,73851.0,,4.0,4.0,5,50,Yes,0,0.9259037611163222,2015-10-05,20,MGR_121,Active,0
EMP_0035,41.0,male,Married,Master,Customer Support,Support Specialist,"December 03, 2017",49581.0,"30274,34922,37470,44036",4.0,4.0,4,5,No,0,0.07903360780936618,2023-03-07,10000,MGR_137,Active,0
EMP_1233,34.0,male,Married,Bachelors,sales,Account Manager,,62521.0,"43151,48043,56129",3.0,1.0,5,29,No,5,0.35574598650425376,2019-08-26,10,MGR_089,Resigned,1
EMP_0697,37.0,female,Married,High School,Engineering,Software Engineer,"June 12, 2013",90314.0,"58857,65653,73631,84598",2.0,3.0,3,10,nan,2,0.138139994395796,2016-03-03,8,MGR_051,Active,0
EMP_0927,30.0,MALE,married,MS,Operations,Ops Analyst,"May 24, 2024",59349.0,"48153,51303",3.0,4.0,3,2,No,0,4.184917575812139,2018-11-30,7,MGR_092,Terminated,1
EMP_1047,40.0,Female,D,MA,Engineering,Jr. Software Engineer,2011-02-27,68767.0,"40786,47605,51429,60099",4.0,3.0,4,42,No,2,1.226267154219046,2021-11-09,33,MGR_057,Terminated,1
EMP_1702,38.0,Female,Married,High School,Sales,Sales Manager,2012-09-17,79505.0,"64213,67899,71918",5.0,4.0,2,3,No,1,0.45880640721483235,2015-08-30,2,MGR_165,Active,0
EMP_0596,30.0,female,single,Masters,Sales,Sales Manager,"December 20, 2012",81813.0,"60099,67510,74417",4.0,3.0,Medium,25,No,2,1.8342908075710749,2017-12-12,15,,Active,0
EMP_0015,21.0,Male,married,High School,Marketing,Marketing Specialist,,46888.0,"29970,32100,37570,42339",4.0,2.0,4,1,No,3,1.7639648813606894,2015-07-17,23,MGR_053,Active,0
EMP_1430,32.0,Female,Married,Bachelor,Engineering,Senior Engineer,2022-08-22,118612.0,"74212,82163,88095,103008",3.0,5.0,2,3,Yes,0,1.7715741571175427,2020-09-17,41,MGR_170,Active,0
EMP_1182,46.0,F,married,Bachelors,Engineering,Software Engineer,2021-06-19,95226.0,,4.0,4.0,4,22,No,1,1.3937670345408795,2020-04-26,16,MGR_123,Active,0
EMP_0234,29.0,F,married,Bachelor,Engineering,Engineering Manager,2010-04-06,133810.0,,3.0,4.0,5,1,No,3,3.4317091216364335,,6,MGR_108,Active,0
EMP_1757,33.0,M,Married,Master,Customer Service,CS Manager,01/26/2012,69642.0,"53946,59291",3.0,5.0,2,26,No,4,2.9093990296645194,2024-06-12,14,MGR_143,Active,0
EMP_1583,26.0,male,D,BA,Operations,Ops Analyst,2013-08-27,56105.0,,3.0,5.0,4,31,0,1,0.1697469694285952,2023-12-28,10,,Active,0
EMP_0941,24.0,M,married,High School,Customer Support,Customer Rep,"September 25, 2013",33527.0,"27426,30153",3.0,5.0,2,25,No,2,0.43401083657410694,,10,MGR_137,Terminated,1
EMP_1281,36.0,Female,Married,Bachelors,Operations,Ops Analyst,09-03-2010,,,4.0,3.0,2,1,No,3,,2020-01-21,2,MGR_042,Terminated,1
EMP_0464,36.0,F,Married,Master,Human Resources,Recruiter,21-10-2024,50300.0,44293,3.0,4.0,3,1,No,4,0.2418400033327673,2023-08-07,6,MGR_188,Terminated,1
EMP_1708,50.0,MALE,Single,MA,Marketting,Digital Marketer,15-04-2022,48922.0,"43363,46127",3.0,1.0,3,50,Yes,3,4.722266174530741,2018-01-15,5,MGR_164,Active,0
EMP_0158,38.0,Female,M,BS,sales,Account Manager,06-04-2021,80697.0,"49969,58401,67397,71107",3.0,3.0,3,6,No,3,0.05358870606925261,2024-07-24,29,MGR_197,Terminated,1
EMP_0861,36.0,Male,single,Master,HR,HR Specialist,09/15/2016,55175.0,,4.0,2.0,4,3,No,2,2.157043043165153,2021-07-26,10,MGR_118,Retired,1
EMP_0418,35.0,Male,single,Master,Customer Service,CS Manager,2013-06-26,58799.0,"45841,51513",3.0,1.0,3,1,Yes,4,1.2192053225977852,2019-04-10,6,,Active,0
EMP_1321,35.0,M,Married,Master,Human Resources,HR Manager,23-06-2016,77099.0,"49812,57910,64754,71465",1.0,3.0,5,20,No,2,7.701884335809571,2016-12-08,26,MGR_144,Active,0
EMP_1237,48.0,MALE,married,MA,Operations,Process Specialist,"December 14, 2024",59660.0,"37308,41928,45962,52994",2.0,10.0,5,22,No,1,2.299118982325331,2018-01-14,18,MGR_060,Terminated,1
EMP_1962,37.0,F,married,High School,Engineering,DevOps Engineer,09/23/2015,90301.0,77979,1.0,5.0,Low,38,No,1,,2018-04-25,25,MGR_018,Active,0
EMP_0831,24.0,Male,married,Masters,Enginnering,Senior Engineer,26-09-2012,127211.0,,4.0,1.0,3,20,No,4,1.7872274590972668,,7,MGR_121,Active,0
EMP_0046,29.0,Female,Married,Masters,sales,Sales Rep,28-03-2018,,,2.0,2.0,2,19,No,0,3.19766520755567,2024-07-22,24,MGR_172,Terminated,1
EMP_1819,33.0,M,single,Master,Enginnering,Software Engineer,2018-06-25,92038.0,"64135,73070,85586",3.0,3.0,Low,5,1,1,,2025-05-24,15,MGR_028,Terminated,1
EMP_0584,53.0,female,single,Master,Sales,Sr. Sales Rep,05/31/2023,57787.0,"38035,44713,50700",3.0,10.0,4,10,Yes,1,0.6370033005751484,2025-05-22,34,MGR_121,Active,0
EMP_1268,27.0,female,single,Bachelor,Engineering,Jr. Software Engineer,2018-10-07,78882.0,,4.0,2.0,2,,No,1,4.520956068820217,2019-01-13,19,MGR_163,Laid Off,1
EMP_1869,26.0,female,Single,Bachelors,Engineering,Software Engineer,27-05-2021,77639.0,"64051,68637",3.0,4.0,2,6,No,4,0.8350997538354634,2024-01-28,5,MGR_018,Active,0
EMP_0009,,Male,Married,Masters,Sales,Sales Rep,28-07-2017,52262.0,46481,3.0,5.0,4,Remote,Yes,3,0.1435516441732883,2023-12-26,54,,Active,0
EMP_0200,25.0,F,Married,Masters,Sales,Sales Rep,"October 15, 2017",64599.0,"44780,50152,56929,60204",3.0,3.0,4,3,No,2,0.9440552833745048,2021-11-16,6,MGR_124,Terminated,1
EMP_1520,49.0,Male,Married,Bachelors,Sales,Sales Representative,2019-02-05,52606.0,47223,3.0,2.0,Medium,3,FALSE,3,0.16036118900171475,2021-01-21,3,,Active,0
EMP_0394,75.0,Male,single,Bachelors,Marketting,Digital Marketer,2024-10-26,77349.0,68968,3.0,3.0,Medium,6,No,3,0.9833117982529967,2018-03-22,0,MGR_084,Active,0
EMP_0194,25.0,female,single,Masters,Engineering,Engineering Manager,09-12-2012,134035.0,"112998,123388",4.0,3.0,3,21,No,4,0.3224276030289329,2025-02-24,2,MGR_188,Terminated,1
EMP_0091,35.0,M,Married,Bachelors,Marketing,Marketing Specialist,20-06-2011,44317.0,"36237,41920",3.0,3.0,4,21,No,2,1.7841277382442788,2018-08-19,32,MGR_127,Active,0
EMP_0057,28.0,male,Single,Bachelors,Engineering,DevOps Engineer,28-07-2022,106034.0,,3.0,3.0,5,49,No,2,0.904073130890509,2017-04-11,44,MGR_110,Active,0
EMP_1447,30.0,Male,Single,Master,Sales,Account Manager,07/18/2015,92245.0,,3.0,5.0,3,13,No,3,0.5780784086133093,2024-10-20,0,MGR_119,Active,0
EMP_1098,19.0,MALE,single,High School,Operations,Ops Analyst,07-01-2024,48715.0,,4.0,2.0,4,17,No,5,3.1693630746812946,2017-11-21,73,MGR_046,Resigned,1
EMP_0720,34.0,M,Married,Master,sales,Sales Manager,08-02-2024,82346.0,,4.0,4.0,3,50,Yes,1,0.1372268327608641,2018-08-19,12,MGR_121,Terminated,1
EMP_0390,30.0,male,single,High school,Marketting,Digital Marketer,2023-07-06,65892.0,62275,4.0,5.0,4,3,No,1,1.4488276370039646,2018-08-20,12,MGR_044,Active,0
EMP_1700,,M,Single,Bachelors,Engineering,Senior Engineer,08-09-2018,117628.0,"98203,108679",3.0,3.0,3,11,No,6,4.167619634266448,2024-01-01,23,MGR_010,Active,0
EMP_0560,31.0,Female,Married,Bachelor,Customer Service,Support Specialist,03/25/2019,35177.0,"21406,24537,28843,33130",3.0,4.0,High,9,Yes,2,,2020-06-26,40,MGR_059,Active,0
EMP_0282,40.0,M,Single,BS,Finance,Financial Analyst,2022-04-20,,,2.0,,4,Very Far,1,0,13.518338983545329,2019-06-25,27,MGR_094,Resigned,1
EMP_0407,26.0,Female,married,Bachelor,IT,System Admin,2019-02-07,72463.0,"56849,60576,68137",5.0,1.0,2,50,Yes,3,10.86764316883556,2020-11-27,25,MGR_036,Active,0
EMP_1124,25.0,Male,M,PhD,Operations,Operations Analyst,2019-03-20,67042.0,57218,4.0,4.0,5,8,No,3,1.1518400817154384,2018-09-20,38,MGR_094,Terminated,1
EMP_1368,27.0,M,Divorced,High School,Operations,Ops Analyst,2012-10-17,,,3.0,4.0,2,21,Yes,3,0.5501326890964436,2019-03-27,18,,Laid Off,1
EMP_1049,46.0,Male,married,Bachelor,Marketing,Marketing Specialist,03/23/2019,41283.0,"29168,34019,37326",4.0,3.0,1,50,TRUE,2,0.35872947226028495,2017-10-01,4,MGR_148,Active,0
EMP_1457,41.0,female,Married,Master,Engineering,Engineering Manager,07-01-2019,127008.0,108519,4.0,4.0,3,,No,1,1.0934200966997012,2025-01-22,28,,Terminated,1
EMP_0269,31.0,Male,married,BA,Customer Service,Customer Rep,22-03-2013,37341.0,"24871,29230,32317",1.0,2.0,3,10,Yes,4,1.2333857059372377,2017-09-07,37,MGR_115,Active,0
EMP_1565,40.0,female,Single,Bachelor,Finance,Finance Manager,10/06/2018,84182.0,"53853,62223,69064,75826",3.0,2.0,4,3,Yes,2,2.922598526688743,2024-02-06,33,,Active,0
EMP_0310,33.0,Male,Divorced,Master,Marketing,Digital Marketer,"March 01, 2011",76805.0,65780,4.0,3.0,3,,No,3,1.1825590680494025,2022-08-13,17,,Resigned,1
EMP_0894,44.0,MALE,Married,Bachelor,Engineering,Jr. Software Engineer,2019-08-07,76674.0,,3.0,3.0,3,22,No,5,2.5449688994748305,2022-06-24,32,MGR_171,Active,0
EMP_1563,,Female,married,BS,Sales,Account Manager,2021-07-15,52405.0,"37852,42621,48059",4.0,2.0,Medium,7,No,6,2.846043856929349,,19,MGR_104,Active,0
EMP_1425,26.0,M,Married,PhD,Finance,Senior Analyst,11/07/2024,76703.0,"53693,56823,61201,71479",2.0,4.0,4,50,1,4,0.7660311729918186,2020-07-28,22,MGR_100,Resigned,1
EMP_0382,30.0,M,Single,Bachelors,Customer Support,Customer Rep,"May 20, 2012",45180.0,"37513,39933",2.0,3.0,2,6,Y,2,0.7183040712363442,2015-10-16,0,MGR_044,Active,0
EMP_1853,25.0,Male,Married,Master,Marketting,Digital Marketer,2022-08-22,69337.0,"43224,50194,56082,64144",3.0,5.0,1,50,Y,1,3.233381849531924,2025-02-09,36,MGR_018,Active,0
EMP_1330,39.0,M,Single,MS,Sales,Account Manager,2020/15/30,64761.0,"38300,44054,49500,55222",5.0,5.0,3,15,No,0,0.8527857693430086,2021-01-27,54,MGR_129,Resigned,1
EMP_9567,41.0,Female,single,Bachelor,Operations,Operations Analyst,2010-06-04,58471.0,"41473,45991,52232",3.0,,3,9,No,2,0.6205939322499632,2019-11-24,10,MGR_124,Active,0
EMP_1741,34.0,M,M,Master,Engineering ,Software Engineer,03/31/2010,75438.0,"54970,60039,64361,68102",2.0,2.0,3,29,Y,2,0.04107174989084199,2020-01-28,5,MGR_022,Resigned,1
EMP_1070,37.0,F,Married,Bachelors,Engineering,Software Engineer,30-09-2013,82513.0,70545,3.0,2.0,4,19,No,3,4.134792426431343,2020-11-24,15,MGR_006,Active,0
EMP_1806,22.0,male,Married,Bachelors,Operations,Ops Analyst,02/28/2014,54494.0,48039,5.0,3.0,3,,No,5,2.2106646567528254,2019-06-18,7,MGR_184,Active,0
EMP_0421,51.0,female,Married,Bachelors,Customer Service,Support Specialist,10/12/2019,44699.0,"35529,41455",5.0,2.0,5,,No,1,1.9956634824620594,2021-06-19,18,MGR_002,Active,0
EMP_0578,41.0,Female,Married,BS,Engineering,Jr. Software Engineer,04-06-2013,70726.0,"45661,50068,54918,60774",3.0,2.0,1,13,FALSE,2,0.37455698557219314,2015-11-25,5,MGR_051,Active,0
EMP_1828,46.0,male,married,High School,Marketing,Marketing Specialist,"March 08, 2023",55839.0,"38849,42646,47916",3.0,3.0,Medium,1,No,1,3.0194465688798235,2015-09-11,15,MGR_166,Terminated,1
EMP_1637,27.0,Female,Married,PhD,sales,Sales Manager,2015-05-10,100085.0,"67916,79019,86723",3.0,4.0,4,6,Yes,3,,2023-01-09,9,MGR_103,Laid Off,1
EMP_0496,39.0,M,Married,Master,Engineering ,Senior Engineer,04/25/2013,126496.0,"94332,109421,118638",1.0,5.0,3,Near,No,1,3.670621792974328,2021-08-18,35,MGR_078,Active,0
EMP_1975,34.0,Male,Married,BA,Engineering,DevOps Engineer,"April 08, 2024",95624.0,"76316,87647",3.0,5.0,4,14,No,0,0.20352979598935833,2024-05-12,12,,Active,0
EMP_1726,43.0,M,Single,Masters,Engineering,Jr. Software Engineer,14-11-2014,51943.0,"40945,47068",3.0,2.0,5,42,No,2,1.141684966961859,2015-11-01,32,MGR_173,Laid Off,1
EMP_1184,22.0,male,Single,Bachelor,Sales,Account Manager,2012-08-23,68427.0,"52410,60865",3.0,2.0,4,1,No,2,4.932851281553274,2023-12-14,56,MGR_090,Laid Off,1
EMP_1354,41.0,M,S,Master,Sales,Sales Manager,2017-01-03,92421.0,"55607,59033,67724,79003",4.0,2.0,3,50,No,3,1.0159054806022236,2020-09-27,0,MGR_101,Resigned,1
EMP_1658,45.0,female,single,High School,Finance,Finance Manager,2020-09-25,108824.0,"93507,102873",4.0,,1,8,No,7,0.340205768738365,2025-05-08,0,MGR_127,Terminated,1
EMP_1396,36.0,F,Single,BA,Customer Service,CS Manager,2016-09-12,82151.0,"66615,73314",4.0,5.0,Medium,5,Yes,2,4.608192490207984,,75,MGR_146,Active,0
EMP_0339,38.0,M,married,BA,Operations,Operations Manager,03/11/2013,74419.0,64560,3.0,5.0,1,9,Yes,3,0.2777238693775985,2023-03-28,79,MGR_146,Terminated,1
EMP_1145,33.0,female,M,Bachelor,Marketing,Marketing Analyst,"August 10, 2013",63964.0,"49928,52999,60555",4.0,4.0,3,16,Yes,6,0.06597399136206082,2016-01-09,0,,Active,0
EMP_0065,41.0,female,married,Bachelor,HR,HR Manager,"January 18, 2012",87236.0,"60895,70097,80171",5.0,5.0,4,16,TRUE,3,1.1062802239774416,2017-03-31,1,MGR_075,Active,0
EMP_1222,37.0,male,married,Bachelor,Operations,Operations Analyst,27-11-2015,53516.0,50629,2.0,3.0,2,30,Y,4,1.844795101984808,2021-02-01,41,MGR_135,Terminated,1
EMP_1688,36.0,M,married,MS,Engineering,Software Engineer,26-04-2012,100030.0,"76728,86531",4.0,3.0,3,12,No,4,2.3035390570918097,2020-10-23,0,MGR_005,Active,0
EMP_1755,39.0,Male,Married,High School,Marketting,Digital Marketer,"November 24, 2010",60249.0,"42922,50211,52951",3.0,5.0,Medium,1,Yes,1,0.8468595005049695,2024-09-19,2,,Active,0
EMP_0851,30.0,Female,Single,Masters,Sales,Sales Rep,03/18/2022,69141.0,"55105,59785",3.0,3.0,3,1,N,3,4.29959761424452,2016-02-12,16,,Active,0
EMP_1419,47.0,Female,Married,Master,Sales,Account Manager,06/06/2010,71056.0,,5.0,3.0,Medium,2,TRUE,3,5.489691525068502,2022-04-24,8,MGR_070,Terminated,1
EMP_0404,35.0,Female,single,Bachelor,IT,IT Specialist,28-09-2018,,,4.0,2.0,3,17,No,-2,0.015605530481116417,2017-08-24,3,MGR_175,Active,0
EMP_1890,34.0,Female,married,BA,Customer Support,Support Specialist,07/15/2016,48459.0,"39969,44556",4.0,5.0,3,24,No,1,0.02527920805433383,2024-09-10,9,MGR_115,Terminated,1
EMP_1012,36.0,F,Married,High School,Human Resources,Recruiter,31-08-2011,53063.0,"39510,44032,48930",3.0,4.0,5,36,No,1,,2023-05-04,0,MGR_047,Active,0
EMP_0037,36.0,F,Single,BS,Marketing,Marketing Analyst,14-04-2019,62379.0,"50937,57699",3.0,1.0,2,6,No,1,3.084696867260622,2018-10-23,0,MGR_191,Active,0
EMP_1155,48.0,male,Single,MA,Customer Support,Customer Rep,2012-04-04,41640.0,36686,3.0,3.0,2,7,0,4,2.37497094155987,2016-06-24,1,MGR_095,Active,0
EMP_0742,24.0,Female,Married,PhD,Human Resources,HR Specialist,"May 07, 2020",39894.0,"24715,27119,31764,34522",2.0,3.0,3,30,No,2,1.800134170121053,2022-09-08,8,MGR_153,Laid Off,1
EMP_1407,23.0,male,Divorced,Masters,Operations,Operations Analyst,"March 16, 2019",68229.0,"48844,54678,59321",4.0,3.0,High,19,No,0,1.792619039763344,2024-07-27,2,MGR_168,Active,0
EMP_1539,25.0,male,Married,Master,Customer Support,CS Manager,2024-04-26,70836.0,"49913,57740,64488",3.0,3.0,4,2,No,2,,,40,MGR_057,Active,0
EMP_1994,40.0,male,married,Bachelor,Operations,Operations Analyst,"May 30, 2016",65723.0,"42209,48223,51602,55942",3.0,4.0,2,17,No,1,0.6853607881266041,2021-03-21,44,MGR_114,Terminated,1
EMP_1345,42.0,Female,single,Bachelors,Marketing,Digital Marketer,"April 16, 2015",65936.0,"41546,46728,51563,57711",4.0,1.0,Medium,5,No,2,2.1808685694949563,2017-02-18,23,MGR_139,Terminated,1
EMP_0606,50.0,Female,Single,Bachelors,Operations,Operations Analyst,"April 21, 2019",75725.0,,4.0,1.0,3,12,No,1,1.9825269255603857,2017-09-02,31,MGR_158,Terminated,1
EMP_1765,33.0,male,Married,Master,Human Resources,Recruiter,2020/15/30,49434.0,"38068,43328",,2.0,4,5,No,3,,2024-06-18,7,MGR_177,Terminated,1
EMP_0868,37.0,M,Married,Bachelors,Engineering,Senior Engineer,04/30/2010,116839.0,106292,4.0,2.0,2,6,No,3,2.5579937913461506,,39,MGR_160,Active,0
EMP_0067,34.0,M,Single,Master,sales,Account Manager,2019-03-08,67409.0,"53017,59425",3.0,4.0,1,17,No,2,0.006408759814831818,2023-04-21,9,MGR_155,Terminated,1
EMP_0620,36.0,Female,Divorced,Bachelors,Marketing,Digital Marketer,"January 19, 2018",58492.0,52848,4.0,4.0,3,6,No,2,0.7091923222874167,,42,MGR_065,Terminated,1
EMP_0923,36.0,M,single,MA,Marketing,Marketing Analyst,27-04-2021,68010.0,"42464,47669,54141,58527",3.0,3.0,4,4,TRUE,1,1.1753686293586332,2018-10-02,10,MGR_112,Active,0
EMP_1319,30.0,M,Married,BA,Engineering,Software Engineer,2021-09-01,102002.0,"61224,69659,78606,88854",3.0,2.0,Medium,Remote,No,2,0.20550391116981162,2018-12-18,21,MGR_012,Active,0
EMP_1704,43.0,female,Married,Bachelor,Finance,Finance Manager,2023-12-27,87252.0,"69319,77980",3.0,3.0,3,12,No,3,1.1762341543640065,2019-06-20,18,MGR_097,Active,0
EMP_1831,40.0,Female,married,Bachelors,Engineering,Software Engineer,31-01-2023,66066.0,"54928,59572",4.0,,2,12,No,1,1.529740511439741,2019-09-27,0,MGR_075,Active,0
EMP_1985,42.0,F,Married,Masters,Operations,Ops Analyst,2018-08-02,68066.0,"50901,58637",5.0,1.0,4,28,0,0,9.48448250051533,2024-09-22,5,MGR_040,Resigned,1
EMP_1464,28.0,MALE,married,High School,Operations,Operations Analyst,07/11/2019,50216.0,"37575,43170",3.0,4.0,3,29,No,1,,2019-08-01,69,MGR_100,Active,0
