employee_id,department,job_level,hire_date,exit_date,age,tenure_months,salary,performance_rating,manager_id,work_location,promotion_last_2_years,training_hours_last_year,engagement_score,overtime_frequency,distance_from_office_km,attrited
EMP0001,Sales,Manager,02/04/2023,2024-05-22,44,15,185611,4.0,MGR075,Remote,0,30.0,3.0,2,41,1
EMP0002,Sales,Mid,2021-11-17,,25,30,59948,5.0,MGR131,Hybrid,0,,7.0,0,42,0
EMP0003,Sales,Junior,2023-11-12,,26,6,38832,4.0,MGR054,Office,1,0.0,10.0,2,5,0
EMP0004,Engineering,Mid,2020-03-05,,24,51,90405,3.0,MGR136,Office,1,20.0,8.0,2,22,0
EMP0005,HR,Senior,2022-08-18,,36,21,84459,4.0,MGR005,Remote,1,75.0,6.0,0,1,0
EMP0006,Engineering,Mid,01/14/2023,2024-05-30,125,16,95000,3.0,MGR134,Remote,0,38.0,6.0,3,5,1
EMP0007,SALES,Junior,2023-06-11,2023-09-29,27,3,53629,3.0,MGR096,Remote,0,24.0,5.0,2,18,1
EMP0008,Sales,Senior,2020-09-03,,34,45,122413,3.0,MGR038,Office,0,36.0,7.0,1,1,0
EMP0009,Marketing,Junior,2022-07-17,,27,22,31477,4.0,MGR011,Office,0,37.0,9.0,2,11,0
EMP0010,Operations,Senior,2021-09-19,,28,32,93313,1.0,MGR099,Hybrid,0,,6.0,1,8,0
EMP0011,Sales,Mid,2021-04-14,2023-08-07,25,28,67577,5.0,MGR109,Remote,1,,7.0,2,29,1
EMP0012,ENGINEERING,Manager,2021-05-11,,37,37,239845,5.0,MGR116,Office,0,48.0,9.0,1,2,0
EMP0013,Operations,Senior,2023-11-17,,30,6,108958,3.0,MGR026,Hybrid,1,25.0,7.0,2,15,0
EMP0014,Sales,Mid,2020-11-09,,34,43,72232,1.0,MGR015,Office,0,33.0,7.0,2,3,0
EMP0015,Engineering,Senior,2022-04-10,,42,26,115461,3.0,MGR117,Office,0,19.0,9.0,1,4,0
EMP0016,Marketing,Junior,2023-01-14,,25,16,53328,4.0,MGR085,Remote,0,36.0,6.0,1,14,0
EMP0017,Marketing,Junior,2022-06-14,,30,23,53985,4.0,MGR124,Office,1,31.0,9.0,2,3,0
EMP0018,Engineering,Mid,05/04/2023,,35,13,76763,5.0,MGR120,Hybrid,1,44.0,5.0,0,20,0
EMP0019,Finance,Senior,2022-05-22,,38,24,69166,4.0,MGR086,Office,0,18.0,10.0,2,9,0
EMP0020,Customer Success,Manager,2021-02-01,2021-08-19,46,6,96109,5.0,MGR075,Office,0,51.0,8.0,2,1,1
EMP0021,Engineering,Manager,2023-08-17,2023-09-16,38,1,219131,2.0,MGR108,Remote,0,20.0,7.0,0,1,1
EMP0022,Customer Success,Senior,2022-03-25,,34,26,95992,5.0,MGR147,Hybrid,0,39.0,7.0,2,9,0
EMP0023,Engineering,Junior,2020-03-30,2023-10-27,22,43,59555,3.0,MGR101,Hybrid,1,30.0,6.0,3,17,1
EMP0024,Sales,Senior,2020-05-25,2021-10-12,44,16,77646,5.0,MGR027,Remote,0,45.0,2.0,0,1,1
EMP0025,Sales,Junior,2020-02-20,,22,52,49464,5.0,MGR032,Office,0,24.0,7.0,3,5,0
EMP0026,Finance,Manager,2022-02-02,,39,28,155249,4.0,MGR079,Remote,1,28.0,6.0,1,22,0
EMP0027,Product,Mid,2020-07-23,,31,46,69497,3.0,MGR111,Office,0,8.0,6.0,3,9,0
EMP0028,Sales,Junior,2021-06-29,2023-10-10,27,27,51909,3.0,MGR026,Hybrid,0,12.0,3.0,3,38,1
EMP0029,Sales,Senior,2021-06-09,,39,36,111883,4.0,MGR018,Remote,0,12.0,6.0,0,5,0
EMP0030,Sales,Senior,2023-10-24,2023-12-13,30,1,73031,3.0,MGR026,Remote,0,41.0,7.0,1,40,1
EMP0031,Sales,Mid,2021-07-01,,33,35,78677,1.0,MGR118,Office,0,32.0,7.0,2,4,0
EMP0032,Marketing,Junior,2022-04-24,2023-04-17,26,11,45111,3.0,MGR010,Remote,0,25.0,5.0,2,1,1
EMP0033,Engineering,Senior,2023-03-06,,32,15,100494,5.0,MGR064,Remote,1,30.0,5.0,0,2,0
EMP0034,Sales,Mid,2022-11-12,2024-03-03,27,15,100077,3.0,MGR053,Hybrid,0,1.0,4.0,3,14,1
EMP0035,Finance,Junior,2020-07-14,,32,47,58316,,MGR097,Office,0,13.0,7.0,1,11,0
EMP0036,Customer Success,Mid,2023-03-03,2024-03-22,22,12,60646,5.0,MGR140,Hybrid,0,0.0,4.0,0,19,1
EMP0037,Engineering,Lead,2022-02-17,,33,27,153056,5.0,MGR110,Office,1,6.0,5.0,2,7,0
EMP0038,Sales,Manager,2021-10-01,,36,32,148003,2.0,MGR025,Remote,0,2.0,,1,13,0
EMP0039,Sales,Senior,2023-03-10,,28,14,74541,4.0,MGR062,Office,0,24.0,7.0,0,22,0
EMP0040,Sales,Mid,2020-06-10,2023-06-22,27,36,72820,3.0,MGR135,Remote,0,23.0,5.0,0,16,1
EMP0041,Finance,Manager,2020-06-13,2023-05-01,40,35,129571,3.0,MGR007,Remote,0,29.0,8.0,3,14,1
EMP0042,Customer Success,Senior,2023-07-27,,39,10,97371,5.0,MGR128,Office,0,10.0,7.0,2,18,0
EMP0043,Sales,Lead,2020-02-10,,40,52,98288,4.0,MGR122,Hybrid,0,18.0,5.0,2,4,0
EMP0044,Engineering,Junior,2023-10-26,,22,7,59037,3.0,MGR113,Hybrid,0,3.0,10.0,1,46,0
EMP0045,Marketing,Mid,2020-03-13,,30,51,66484,4.0,MGR104,Remote,0,32.0,8.0,0,13,0
EMP0046,HR,Lead,2021-01-08,,40,41,108643,5.0,MGR012,Office,1,25.0,10.0,0,18,0
EMP0047,Customer Success,Mid,2022-09-16,,29,20,63031,4.0,MGR103,Office,0,18.0,3.0,2,6,0
EMP0048,Engineering,Junior,2023-04-08,,23,14,60732,5.0,MGR123,Hybrid,0,7.0,8.0,1,9,0
EMP0049,SALES,Mid,11/19/2020,,33,43,95641,3.0,MGR073,Office,0,15.0,7.0,4,32,0
EMP0050,Engineering,Junior,2022-04-04,,29,26,58924,4.0,MGR006,Hybrid,0,16.0,5.0,1,13,0
EMP0051,Engineering,Lead,2023-10-12,,34,7,146927,5.0,MGR076,Office,0,26.0,5.0,0,1,0
EMP0052,Sales,Manager,2023-09-08,,43,8,184581,4.0,MGR033,Hybrid,1,8.0,8.0,3,30,0
EMP0053,Engineering,Lead,2023-11-18,,35,6,170950,5.0,MGR082,Hybrid,1,21.0,5.0,2,59,0
EMP0054,Engineering,Senior,2023-05-30,,35,12,137772,3.0,MGR068,Office,0,35.0,3.0,2,6,0
EMP0055,Engineering, Mid ,2020-03-19,,27,51,100981,1.0,MGR029,Hybrid,0,26.0,9.0,0,27,0
EMP0056,Customer Success, Senior ,2023-11-11,2024-05-03,40,5,79088,4.0,MGR064,Hybrid,0,7.0,7.0,1,11,1
EMP0057,Customer Success,Junior,2021-06-10,2023-06-30,22,25,49626,2.0,MGR084,Remote,0,13.0,,0,23,1
EMP0058,Finance,Junior,2020-08-01,2020-09-01,24,1,49880,2.0,MGR046,Office,0,31.0,7.0,2,12,1
EMP0059,HR,Lead,2020-04-15,,44,50,122979,1.0,MGR006,Remote,0,30.0,10.0,2,22,0
EMP0060,Sales,Senior,2022-11-01,2023-11-17,34,12,94289,5.0,MGR122,Office,0,17.0,8.0,3,8,1
EMP0061,Engineering,Manager,2022-08-14,,43,21,210155,4.0,MGR126,Hybrid,0,28.0,6.0,2,10,0
EMP0062,HR,Junior,2020-04-09,2023-07-21,30,39,47185,4.0,MGR062,Office,0,20.0,7.0,2,16,1
EMP0063,Sales,Junior,2021-09-21,,25,32,44415,3.0,MGR094,Office,0,33.0,5.0,1,7,0
EMP0064,ENGINEERING,Director,2022-08-26,,48,21,259539,1.0,MGR119,Office,0,25.0,3.0,0,13,0
EMP0065,Sales,Mid,2023-08-10,,35,9,64989,,MGR119,Office,0,14.0,5.0,4,4,0
EMP0066,Finance,Manager,2022-10-21,,44,19,168754,3.0,MGR069,Remote,0,7.0,4.0,2,5,0
EMP0067,SALES,Manager,2021-01-31,,40,40,185778,4.0,MGR088,Office,0,41.0,7.0,2,7,0
EMP0068,Sales,Mid,2020-11-23,2022-05-04,22,17,48131,1.0,MGR012,Office,0,59.0,5.0,1,7,1
EMP0069,Sales,Junior,05/20/2020,,22,49,52684,4.0,MGR117,Office,0,27.0,6.0,2,18,0
EMP0070,Marketing,Mid,2020-02-05,,36,52,61362,4.0,MGR120,Remote,0,22.0,1.0,2,10,0
EMP0071,Engineering,Senior,2022-12-19,,40,17,134055,4.0,MGR069,Office,0,19.0,3.0,0,15,0
EMP0072,Sales,Mid,2023-04-05,2023-09-17,32,5,89042,4.0,MGR102,Remote,0,17.0,3.0,0,33,1
EMP0073,Engineering,Senior,2020-03-07,,25,51,1304290,3.0,MGR070,Office,0,0.0,7.0,0,48,0
EMP0074,Sales,Mid,2023-07-26,,26,10,64383,5.0,MGR104,Hybrid,0,20.0,8.0,0,4,0
EMP0075,Sales,Mid,2022-01-30,,22,28,82867,3.0,MGR055,Office,1,50.0,6.0,1,7,0
EMP0076,Engineering,Junior,2022-07-19,,34,22,65274,4.0,MGR025,Remote,0,24.0,6.0,2,2,0
EMP0077,Engineering,Junior,2022-11-01,,24,19,69743,3.0,MGR078,Hybrid,0,25.0,6.0,1,12,0
EMP0078,Finance,Mid,2020-09-19,,28,45,72516,4.0,MGR103,Office,0,27.0,5.0,0,15,0
EMP0079,Sales,Manager,2023-04-21,2023-11-09,39,6,94146,1.0,MGR079,Remote,0,31.0,6.0,3,14,1
EMP0080,OPERATIONS,Junior,2021-08-16,,22,34,31093,3.0,MGR042,Hybrid,1,18.0,10.0,2,5,0
EMP0081,Operations,Senior,2020-03-19,2022-02-10,34,23,103464,5.0,MGR069,Hybrid,0,21.0,3.0,2,1,1
EMP0082,Sales,Mid,2022-02-11,,30,-28,90694,3.0,MGR038,Office,0,,9.0,2,3,0
EMP0083,Engineering, Junior ,2022-02-08,,32,28,82542,4.0,MGR032,Remote,0,12.0,6.0,2,7,0
EMP0084,Operations,Mid,2022-07-31,,31,22,74854,4.0,MGR136,Hybrid,0,12.0,5.0,0,5,0
EMP0085,Engineering,Mid,2020-10-04,2021-03-11,41,5,105679,4.0,MGR118,Remote,0,29.0,8.0,0,9,1
EMP0086,Finance,Senior,12/25/2022,,39,17,123257,4.0,MGR086,Hybrid,1,15.0,9.0,0,20,0
EMP0087,FINANCE,Junior,2023-03-23,,22,14,40473,4.0,MGR149,Office,0,18.0,6.0,3,10,0
EMP0088,Engineering,Senior,2020-07-29,,29,46,120347,4.0,MGR117,Hybrid,0,18.0,6.0,0,5,0
EMP0089,MARKETING,Senior,02/02/2021,,40,40,90664,3.0,MGR137,Hybrid,0,30.0,4.0,2,13,0
EMP0090,Sales,Mid,2021-12-04,,30,30,64163,2.0,MGR039,Remote,0,24.0,8.0,2,2,0
EMP0091,ENGINEERING,Manager,2021-09-23,,41,32,188696,4.0,MGR070,Office,0,0.0,6.0,3,1,0
EMP0092,Engineering,Senior,2022-09-10,,39,21,99978,5.0,MGR140,Office,0,8.0,4.0,0,4,0
EMP0093,Engineering,Mid,2022-04-21,,32,25,103338,4.0,MGR112,Remote,0,39.0,4.0,1,57,0
EMP0094,Marketing,Junior,2022-02-20,,22,27,47811,5.0,MGR026,Remote,0,1.0,3.0,1,4,0
EMP0095,Engineering, Mid ,2023-08-13,,39,9,105742,4.0,MGR047,Office,1,0.0,7.0,0,14,0
EMP0096,ENGINEERING, Senior ,2020-12-31,,40,41,123948,5.0,MGR063,Remote,0,46.0,8.0,1,87,0
EMP0097,Customer Success,Mid,2020-09-21,2024-05-13,30,44,83834,4.0,MGR121,Remote,1,0.0,7.0,3,6,1
EMP0098,Sales,Senior,2020-09-29,,31,44,102885,5.0,MGR033,Office,0,43.0,6.0,2,1,0
EMP0099,Engineering,Junior,2022-08-06,,27,22,66750,5.0,MGR039,Hybrid,0,29.0,9.0,0,2,0
EMP0100,Sales,Junior,2021-09-05,2022-10-14,28,13,60852,3.0,MGR131,Hybrid,1,18.0,1.0,4,19,1
EMP0101,Marketing,Mid,2023-05-11,2023-07-29,33,2,86041,2.0,MGR008,Hybrid,0,33.0,9.0,0,8,1
EMP0102,Operations,Junior,2021-04-24,2022-11-07,36,18,52154,4.0,MGR076,Hybrid,0,65.0,4.0,1,2,1
EMP0103,Marketing,Manager,2023-03-31,,43,14,139584,3.0,MGR006,Hybrid,0,26.0,9.0,0,9,0
EMP0104,ENGINEERING,Lead,2021-02-07,,35,40,148764,4.0,MGR062,Office,0,13.0,5.0,3,5,0
EMP0105,Engineering,Mid,2020-01-19,2022-06-16,34,29,88522,4.0,MGR012,Remote,0,35.0,1.0,2,26,1
EMP0106,SALES,Mid,2020-02-10,,32,52,78947,4.0,MGR051,Remote,0,31.0,7.0,3,14,0
EMP0107,Engineering,Mid,2022-09-12,,29,20,70729,4.0,MGR038,Hybrid,0,52.0,5.0,1,23,0
EMP0108,Marketing,Senior,2021-11-09,2023-04-01,31,16,76946,4.0,MGR056,Hybrid,1,25.0,6.0,1,7,1
EMP0109,Engineering,Junior,2023-12-28,2024-05-27,22,5,64859,4.0,MGR075,Office,0,0.0,6.0,0,10,1
EMP0110,Customer Success,Mid,2020-04-18,,22,50,69807,4.0,MGR109,Hybrid,1,30.0,6.0,1,4,0
EMP0111,Sales,Senior,2020-05-18,,38,49,94247,4.0,MGR082,Remote,0,6.0,6.0,0,9,0
EMP0112,Engineering,Senior,2022-11-09,,37,19,113801,5.0,MGR115,Remote,1,24.0,7.0,3,13,0
EMP0113,Product,Mid,2022-02-10,,29,28,105749,5.0,MGR072,Hybrid,0,33.0,7.0,3,1,0
EMP0114,Engineering,Manager,2023-08-19,,27,9,215012,2.0,MGR141,Hybrid,1,3.0,8.0,2,28,0
EMP0115,Finance,Manager,2023-08-06,,43,10,172316,2.0,MGR124,Hybrid,0,22.0,5.0,0,4,0
EMP0116,Marketing,Mid,2023-08-29,2024-03-01,26,6,62632,4.0,MGR032,Remote,0,33.0,7.0,0,17,1
EMP0117,Engineering,Lead,2020-12-19,,33,42,177899,4.0,MGR093,Office,0,20.0,9.0,0,4,0
EMP0118,Sales,Manager,2021-09-15,2024-04-30,42,31,158269,2.0,MGR060,Remote,0,31.0,1.0,0,18,1
EMP0119,Engineering, Mid ,2022-05-20,,22,24,91230,4.0,MGR146,Remote,1,28.0,6.0,2,6,0
EMP0120,HR,Manager,2022-07-28,,35,22,155257,3.0,MGR100,Office,0,13.0,8.0,3,22,0
EMP0121,HR,Mid,2023-04-20,2023-11-16,34,7,54037,5.0,MGR122,Remote,0,40.0,8.0,1,55,1
EMP0122,Engineering,Senior,2020-01-12,,31,53,126552,4.0,MGR075,Hybrid,0,25.0,5.0,0,2,0
EMP0123,Engineering,Mid,2022-09-06,,32,21,91704,2.0,MGR017,Office,0,30.0,8.0,2,2,0
EMP0124,Operations,Senior,2023-06-19,,30,11,96336,4.0,MGR105,Remote,0,27.0,10.0,1,4,0
EMP0125,Engineering,Mid,2023-12-22,2024-05-17,31,4,100390,2.0,MGR075,Hybrid,1,,,1,13,1
EMP0126,Customer Success,Mid,2020-12-27,,31,41,88945,3.0,MGR065,Remote,1,22.0,10.0,2,28,0
EMP0127,Sales,Lead,2022-02-28,,35,27,130690,4.0,MGR141,Office,1,24.0,7.0,1,15,0
EMP0128,Sales,Lead,2022-12-17,,41,17,116081,5.0,MGR022,Hybrid,0,36.0,10.0,2,8,0
EMP0129,Finance,Mid,2023-11-23,,22,6,79467,3.0,MGR112,Office,1,0.0,9.0,3,6,0
EMP0130,Engineering,Senior,2022-04-04,2022-06-10,35,2,111462,3.0,MGR057,Hybrid,0,27.0,6.0,1,3,1
EMP0131,Engineering,Junior,2021-05-10,,32,37,48229,4.0,MGR059,Remote,1,0.0,7.0,1,6,0
EMP0132,Engineering,Junior,2023-12-17,,25,5,72956,4.0,MGR126,Office,0,23.0,3.0,0,3,0
EMP0133,Sales,Mid,2021-01-03,2022-11-22,29,22,82252,3.0,MGR059,Remote,0,59.0,6.0,1,9,1
EMP0134,FINANCE,Mid,2021-01-09,,39,41,90997,5.0,MGR072,Office,0,28.0,5.0,1,6,0
EMP0135,Engineering,Junior,2021-07-12,,25,35,64604,4.0,MGR135,Remote,0,47.0,4.0,0,4,0
EMP0136,HR,Mid,2023-05-12,2023-11-14,27,6,64641,4.0,MGR035,Office,0,14.0,8.0,4,13,1
EMP0137,HR,Mid,2023-07-30,,35,10,72579,4.0,MGR100,Office,0,57.0,5.0,3,1,0
EMP0138,Engineering,Senior,2020-02-15,,30,52,133959,5.0,MGR145,Remote,0,9.0,6.0,3,1,0
EMP0139,HR,Junior,2020-02-08,,26,52,43417,4.0,MGR047,Office,0,21.0,6.0,0,13,0
EMP0140,Sales,Mid,2021-08-25,,33,33,68184,3.0,MGR073,Office,1,25.0,6.0,3,37,0
EMP0141,ENGINEERING,Senior,2020-03-03,2020-07-31,32,5,90645,1.0,MGR004,Remote,0,17.0,5.0,0,18,1
EMP0142,HR,Junior,2020-03-09,,24,51,57619,3.0,MGR061,Office,1,0.0,8.0,1,36,0
EMP0143,Sales,Junior,2021-09-21,,26,32,56797,3.0,MGR057,Office,0,0.0,8.0,1,10,0
EMP0144,HR,Lead,2021-09-25,,32,32,95369,3.0,MGR028,Office,0,20.0,5.0,0,6,0
EMP0145,ENGINEERING,Mid,2020-05-20,,31,49,103616,4.0,MGR048,Remote,0,11.0,8.0,0,7,0
EMP0146,Marketing,Senior,2023-11-04,,32,7,99984,4.0,MGR056,Hybrid,1,33.0,9.0,1,6,0
EMP0147,Operations,Junior,2021-06-17,,22,36,46878,4.0,MGR079,Office,0,22.0,9.0,1,88,0
EMP0148,Marketing,Senior,2023-12-08,2024-03-04,31,2,104284,4.0,MGR092,Remote,0,7.0,4.0,0,13,1
EMP0149,Engineering,Junior,2020-08-07,,22,46,61569,3.0,MGR131,Remote,1,27.0,8.0,1,8,0
EMP0150,Marketing,Senior,2023-04-16,,40,13,111471,4.0,MGR113,Office,0,18.0,5.0,3,15,0
EMP0151,Finance,Senior,2022-04-17,,38,25,115430,4.0,MGR028,Office,0,16.0,9.0,3,14,0
EMP0152,HR,Lead,2022-06-11,,30,24,120259,,MGR109,Remote,0,34.0,6.0,1,48,0
EMP0153,HR,Mid,2020-07-25,,28,46,63045,5.0,MGR085,Remote,0,27.0,8.0,2,2,0
EMP0154,SALES,Lead,2020-06-18,,34,48,145697,2.0,MGR139,Hybrid,0,48.0,9.0,0,38,0
EMP0155,Engineering,Junior,2022-07-31,,28,22,64347,2.0,MGR112,Office,0,0.0,8.0,3,15,0
EMP0156,HR,Junior,2022-09-12,,22,20,46316,5.0,MGR144,Remote,0,13.0,7.0,4,17,0
EMP0157,Customer Success,Senior,2020-12-31,,32,41,92200,5.0,MGR017,Hybrid,1,21.0,3.0,0,3,0
EMP0158,Engineering,Senior,2020-04-19,,31,50,100218,1.0,MGR138,Office,0,33.0,8.0,0,3,0
EMP0159,Finance,Junior,2021-04-30,,22,37,63316,3.0,MGR112,Office,1,29.0,6.0,2,4,0
EMP0160,Marketing,Senior,02/09/2020,2020-09-12,34,7,78122,4.0,MGR076,Remote,1,17.0,6.0,3,7,1
EMP0161,Marketing,Junior,2022-12-31,,32,17,41241,2.0,MGR120,Office,0,15.0,9.0,0,39,0
EMP0162,Finance,Junior,2023-09-30,,22,8,75454,4.0,MGR132,Office,1,59.0,8.0,2,20,0
EMP0163,Engineering,Manager,2023-06-06,,49,12,176382,3.0,MGR002,Hybrid,0,,6.0,2,9,0
EMP0164,Marketing,Mid,2020-11-03,2021-03-19,30,4,76816,3.0,MGR032,Office,0,36.0,4.0,2,4,1
EMP0165,Operations,Mid,2022-08-03,,35,22,58336,4.0,MGR115,Office,0,26.0,10.0,0,14,0
EMP0166,Engineering,Senior,2023-02-02,,36,16,108429,4.0,MGR099,Office,0,0.0,9.0,0,71,0
EMP0167,Engineering,Mid,2022-03-12,,23,27,102654,3.0,MGR005,Office,1,22.0,9.0,0,18,0
EMP0168,Marketing, Lead ,2021-09-19,,45,32,126345,4.0,MGR038,Remote,1,16.0,4.0,2,15,0
EMP0169,Sales,Senior,2023-06-19,,38,11,105925,2.0,MGR061,Hybrid,0,21.0,3.0,2,3,0
EMP0170,Marketing,Junior,2022-01-01,,22,29,49505,3.0,MGR031,Office,0,31.0,7.0,0,14,0
EMP0171,ENGINEERING,Junior,2021-10-18,2023-10-26,22,24,75146,5.0,MGR110,Office,0,47.0,8.0,0,3,1
EMP0172,Customer Success,Senior,2021-06-09,,37,36,88730,3.0,MGR143,Remote,1,33.0,8.0,0,6,0
EMP0173,Sales,Senior,2021-02-01,2023-05-03,30,27,93397,3.0,MGR040,Office,1,23.0,4.0,3,12,1
EMP0174,Engineering,Junior,2023-06-07,,22,12,84401,4.0,MGR060,Remote,1,30.0,8.0,0,43,0
EMP0175,Engineering,Lead,03/22/2021,,45,38,139803,3.0,MGR035,Hybrid,0,14.0,10.0,0,13,0
EMP0176,Sales,Junior,2023-06-14,2023-07-24,29,1,40572,4.0,MGR058,Office,1,54.0,3.0,0,6,1
EMP0177,Engineering,Mid,2021-04-27,,30,37,85383,1.0,MGR108,Office,0,10.0,7.0,0,1,0
EMP0178,Engineering,Mid,2022-09-07,,37,21,71318,3.0,MGR014,Hybrid,0,37.0,7.0,1,6,0
EMP0179,Sales,Mid,2022-02-22,,31,27,72519,4.0,MGR019,Remote,0,5.0,9.0,3,5,0
EMP0180,HR,Mid,2022-09-15,2023-03-01,33,5,65323,2.0,MGR128,Hybrid,0,0.0,7.0,4,21,1
EMP0181,Marketing,Senior,2023-12-04,,26,6,97278,4.0,MGR092,Office,0,34.0,7.0,1,1,0
EMP0181,Marketing,Senior,2023-12-04,,26,6,97278,4.0,MGR092,Office,0,34.0,7.0,1,1,0
EMP0182,Engineering,Mid,2023-01-24,2023-10-22,33,9,100949,3.0,MGR077,Remote,0,9.0,5.0,2,3,1
EMP0183,Engineering,Mid,2022-02-26,,37,27,89699,4.0,MGR130,Remote,1,49.0,7.0,0,1,0
EMP0184,Operations,Senior,2022-07-29,2023-09-27,44,14,95226,3.0,MGR109,Office,0,27.0,8.0,2,13,1
EMP0185,Marketing,Junior,2021-01-06,,22,41,56919,3.0,MGR043,Office,0,5.0,1.0,1,28,0
EMP0186,Engineering,Mid,2021-08-30,,26,33,110362,5.0,MGR099,Hybrid,0,0.0,6.0,1,5,0
EMP0187,Engineering,Lead,2020-08-30,,46,45,155992,4.0,MGR141,Remote,1,23.0,8.0,0,3,0
EMP0188,Sales,Junior,2021-10-27,,22,31,58136,4.0,MGR019,Remote,0,22.0,6.0,2,34,0
EMP0189,Sales,Manager,2020-02-15,,43,52,158053,5.0,MGR125,Hybrid,0,10.0,8.0,1,7,0
EMP0190,Engineering,Senior,2020-09-29,,43,44,129207,1.0,MGR047,Remote,0,24.0,6.0,1,8,0
EMP0191,Engineering,Senior,2022-07-01,,42,23,140326,3.0,MGR071,Remote,1,0.0,9.0,1,1,0
EMP0192,Customer Success,Senior,2022-11-28,2024-03-13,39,15,74580,3.0,MGR066,Remote,1,25.0,8.0,0,42,1
EMP0193,Engineering, Lead ,2023-06-06,2023-11-17,40,5,185984,3.0,MGR149,Office,0,0.0,7.0,0,1,1
EMP0194,Sales,Senior,2020-01-22,2021-04-11,39,14,66344,1.0,MGR144,Hybrid,0,2.0,6.0,0,9,1
EMP0195,Engineering,Senior,01/29/2020,,32,52,120983,3.0,MGR077,Hybrid,1,12.0,7.0,0,1,0
EMP0196,OPERATIONS, Mid ,2023-12-22,2024-02-14,26,1,61632,2.0,MGR012,Hybrid,1,37.0,8.0,2,2,1
EMP0197,Sales,Mid,2021-04-12,,28,38,77676,5.0,MGR067,Hybrid,0,5.0,3.0,2,3,0
EMP0198,HR,Manager,2021-07-10,,41,35,116516,4.0,MGR119,Remote,0,4.0,5.0,3,4,0
EMP0199,HR,Senior,2022-10-16,,30,19,106394,2.0,MGR085,Remote,0,0.0,6.0,2,18,0
EMP0200,Finance,Mid,2023-03-04,,24,15,80821,3.0,MGR137,Hybrid,0,46.0,5.0,1,2,0
EMP0201,Engineering,Junior,2023-01-03,2024-04-09,28,15,66200,3.0,MGR099,Office,0,11.0,4.0,0,15,1
EMP0202,Marketing,Junior,07/18/2022,2022-08-26,31,1,53880,3.0,MGR089,Remote,0,16.0,6.0,2,1,1
EMP0203,Finance,Manager,2020-09-28,,45,44,109446,4.0,MGR005,Remote,0,32.0,10.0,2,5,0
EMP0204,HR,Junior,2020-03-13,,25,51,39735,4.0,MGR023,Remote,1,41.0,3.0,1,7,0
EMP0205,HR,Mid,2023-01-27,,39,16,54042,4.0,MGR059,Office,0,,6.0,2,2,0
EMP0206,Sales,Mid,2020-06-21,2024-02-18,32,44,70474,4.0,MGR134,Remote,0,31.0,7.0,2,10,1
EMP0207,Customer Success,Mid,2022-12-18,2023-12-13,26,12,71868,4.0,MGR035,Hybrid,0,26.0,7.0,3,7,1
EMP0208,Customer Success,Manager,2021-09-02,2023-05-06,41,20,149934,4.0,MGR095,Hybrid,0,39.0,4.0,1,32,1
EMP0209,Marketing,Director,2022-01-22,2023-10-14,48,21,134796,3.0,MGR082,Remote,1,73.0,4.0,4,4,1
EMP0210,Sales,Mid,2020-05-09,,41,49,79336,,MGR081,Hybrid,0,33.0,10.0,1,1,0
EMP0211,ENGINEERING,Senior,2022-08-18,2024-05-07,38,20,105092,3.0,MGR125,Office,0,46.0,4.0,0,77,1
EMP0212,Operations,Senior,2023-04-20,,39,13,94004,4.0,MGR106,Remote,0,24.0,8.0,3,7,0
EMP0213,Engineering,Director,2020-08-28,,48,45,194814,3.0,MGR063,Office,0,11.0,10.0,3,20,0
EMP0214,HR,Mid,2021-07-22,2023-12-16,22,29,67583,4.0,MGR065,Hybrid,0,17.0,9.0,0,28,1
EMP0215,Operations,Manager,2023-05-14,,35,12,136181,4.0,MGR010,Office,0,32.0,6.0,2,1,0
EMP0216,HR,Lead,2023-05-27,,43,12,101521,5.0,MGR119,Remote,0,29.0,8.0,2,15,0
EMP0217,Operations,Senior,2023-01-18,,41,16,95391,3.0,MGR097,Office,0,39.0,7.0,2,6,0
EMP0218,Engineering,Senior,2022-09-19,,28,20,131850,3.0,MGR117,Office,0,35.0,,0,1,0
EMP0219,HR,Mid,2021-11-25,,27,30,60916,5.0,MGR042,Office,1,8.0,8.0,1,45,0
EMP0220,Sales,Mid,2020-04-01,,22,50,89802,3.0,MGR042,Remote,0,31.0,6.0,1,19,0
EMP0221,Sales,Junior,2023-02-15,2023-10-14,22,8,71004,4.0,MGR092,Remote,0,7.0,4.0,2,9,1
EMP0222,HR,Mid,2021-09-01,,33,33,64299,4.0,MGR066,Office,0,56.0,6.0,1,2,0
EMP0223,Sales,Mid,2023-10-11,,28,7,68076,4.0,MGR117,Office,0,18.0,9.0,0,22,0
EMP0224,Engineering,Mid,2023-07-14,,34,10,96602,4.0,MGR119,Hybrid,0,27.0,10.0,1,4,0
EMP0225,Marketing,Manager,2020-07-15,,37,47,152252,3.0,MGR011,Remote,0,72.0,6.0,1,3,0
EMP0226,Customer Success,Manager,2020-05-14,2021-03-05,36,9,161186,4.0,MGR044,Office,1,10.0,2.0,0,14,1
EMP0227,Sales,Lead,2023-08-14,,38,9,104169,4.0,MGR032,Hybrid,0,18.0,6.0,1,19,0
EMP0228,SALES,Senior,2020-11-04,,41,43,107908,5.0,MGR013,Hybrid,0,20.0,7.0,1,9,0
EMP0229,Engineering,Mid,2020-03-30,,25,50,91501,4.0,MGR130,Office,1,45.0,3.0,2,40,0
EMP0230,Engineering,Mid,2023-10-17,,22,7,118976,4.0,MGR099,Office,0,20.0,8.0,1,3,0
EMP0231,Finance,Mid,2020-12-01,2023-05-27,27,30,88484,1.0,MGR090,Hybrid,1,26.0,9.0,1,26,1
EMP0232,Marketing,Manager,2020-11-02,2023-02-13,37,27,152505,4.0,MGR005,Office,0,16.0,5.0,4,37,1
EMP0233,Engineering,Senior,2022-02-10,2024-01-26,29,23,122894,3.0,MGR028,Office,0,21.0,4.0,1,7,1
EMP0234,Engineering,Senior,2020-09-03,,25,45,124213,4.0,MGR048,Remote,0,46.0,9.0,2,13,0
EMP0235,Sales, Junior ,2023-08-27,2023-11-26,23,3,58466,3.0,MGR084,Office,1,0.0,7.0,3,5,1
EMP0236,Engineering,Mid,2023-08-13,2023-11-19,30,3,115753,5.0,MGR149,Office,0,19.0,,0,1,1
EMP0237,Marketing,Senior,2023-11-02,,35,7,71243,5.0,MGR071,Office,0,0.0,5.0,4,2,0
EMP0238,Sales, Mid ,2020-02-24,,32,51,76053,4.0,MGR115,Office,0,41.0,8.0,2,41,0
EMP0239,Engineering,Lead,2022-01-27,,47,28,209363,4.0,MGR132,Hybrid,1,62.0,5.0,1,17,0
EMP0240,Finance,Mid,2021-02-22,2023-07-25,29,29,55726,4.0,MGR065,Office,1,38.0,5.0,0,3,1
EMP0241,HR,Mid,2023-11-26,2024-01-17,28,1,57243,4.0,MGR035,Remote,0,38.0,6.0,3,2,1
EMP0242,HR,Junior,2021-01-14,,27,41,44540,4.0,MGR108,Hybrid,0,30.0,8.0,2,14,0
EMP0243,Sales,Junior,2020-08-01,2022-08-17,22,24,57901,2.0,MGR093,Office,0,9.0,5.0,0,3,1
EMP0244,Engineering,Mid,2023-08-12,2024-02-28,30,6,94049,1.0,MGR006,Remote,0,19.0,3.0,2,1,1
EMP0245,Engineering,Junior,2021-05-07,2022-11-30,28,19,66944,3.0,MGR040,Remote,0,51.0,4.0,1,18,1
EMP0246,Engineering,Manager,2021-01-29,,42,40,168258,4.0,MGR130,Hybrid,0,12.0,6.0,0,10,0
EMP0247,Engineering,Mid,2023-08-16,2024-01-20,27,5,96985,2.0,MGR098,Hybrid,0,10.0,7.0,3,26,1
EMP0248,Marketing,Manager,2020-06-30,2022-08-03,41,25,110659,5.0,MGR003,Hybrid,0,,8.0,4,1,1
EMP0249,Finance,Senior,2021-08-18,,34,33,98466,4.0,MGR069,Hybrid,0,14.0,10.0,1,36,0
EMP0250,ENGINEERING,Junior,09/15/2020,2023-01-24,22,28,47633,2.0,MGR090,Office,0,0.0,9.0,3,4,1
EMP0251,Sales,Senior,2023-11-18,,28,6,109751,3.0,MGR118,Remote,1,10.0,7.0,0,3,0
EMP0252,HR,Lead,2022-12-01,2023-01-05,36,1,93918,2.0,MGR025,Hybrid,0,19.0,3.0,1,6,1
EMP0253,Engineering,Senior,2023-05-17,2023-07-20,32,2,122216,5.0,MGR105,Office,0,16.0,7.0,3,3,1
EMP0254,Finance,Mid,2023-08-15,,26,9,75167,3.0,MGR049,Hybrid,0,43.0,8.0,3,2,0
EMP0255,Engineering,Mid,2023-09-10,,24,8,98393,2.0,MGR068,Hybrid,1,,7.0,2,17,0
EMP0256,HR,Senior,2022-12-18,2023-09-20,28,9,71853,2.0,MGR002,Office,1,35.0,9.0,1,14,1
EMP0257,Sales,Lead,2021-11-27,,31,30,110414,4.0,MGR079,Office,0,,5.0,2,7,0
EMP0258,Marketing,Manager,2021-06-03,,40,36,170494,2.0,MGR045,Hybrid,0,25.0,5.0,0,4,0
EMP0259,Finance,Mid,2022-03-19,,36,26,87126,4.0,MGR096,Remote,1,51.0,8.0,0,6,0
EMP0260,Marketing,Lead,2021-03-25,,35,38,126039,3.0,MGR100,Office,0,21.0,9.0,0,3,0
EMP0261,Engineering,Junior,2021-07-05,,22,35,84370,4.0,MGR033,Remote,0,35.0,7.0,0,4,0
EMP0262,Marketing,Mid,2021-07-04,2023-11-22,27,29,39538,2.0,MGR130,Hybrid,1,30.0,7.0,2,13,1
EMP0263,Operations,Mid,2023-02-01,,31,16,58497,4.0,MGR009,Office,0,27.0,6.0,1,1,0
EMP0264,HR,Senior,2023-01-19,2023-12-30,37,11,85778,1.0,MGR024,Office,0,10.0,8.0,0,4,1
EMP0265,OPERATIONS,Mid,2023-05-03,2023-07-15,36,-2,74388,1.0,MGR067,Remote,1,10.0,4.0,3,2,1
EMP0266,Finance,Lead,2021-01-27,,39,-40,92853,5.0,MGR094,Office,1,,,1,4,0
EMP0267,Marketing,Junior,2022-07-16,,22,22,42025,4.0,MGR001,Office,1,8.0,10.0,1,1,0
EMP0268,Sales,Mid,2022-06-02,,31,24,89750,5.0,MGR112,Hybrid,0,21.0,8.0,0,14,0
EMP0269,Marketing,Junior,2021-06-11,,22,36,49037,4.0,MGR014,Remote,0,23.0,6.0,1,11,0
EMP0270,HR,Manager,2020-11-21,,35,42,124735,3.0,MGR074,Office,1,46.0,6.0,0,9,0
EMP0271,Engineering,Junior,2023-07-30,,22,10,71360,4.0,MGR061,Office,0,40.0,10.0,3,13,0
EMP0272,Sales,Junior,05/10/2021,,22,37,56818,4.0,MGR032,Office,0,10.0,9.0,1,9,0
EMP0273,HR,Junior,2021-02-18,,22,39,49042,5.0,MGR107,Office,0,22.0,10.0,2,24,0
EMP0274,CUSTOMER SUCCESS,Senior,2022-07-23,,30,22,85350,4.0,MGR116,Office,0,31.0,6.0,0,10,0
EMP0275,Sales,Senior,2021-09-03,2024-02-05,25,29,116814,4.0,MGR081,Remote,0,4.0,1.0,1,1,1
EMP0276,Engineering,Junior,2021-01-14,2021-05-23,22,4,48284,4.0,MGR042,Office,0,27.0,6.0,0,10,1
EMP0277,Engineering,Mid,2021-04-20,2022-06-26,30,14,60642,4.0,MGR067,Remote,0,9.0,6.0,2,3,1
EMP0278,ENGINEERING,Mid,2023-01-02,,22,17,105967,4.0,MGR123,Hybrid,0,0.0,4.0,3,2,0
EMP0279,Engineering,Mid,2022-01-07,,36,29,112796,4.0,MGR127,Hybrid,0,36.0,5.0,2,30,0
EMP0280,Sales,Junior,2020-05-31,,29,48,54305,4.0,MGR039,Remote,1,24.0,6.0,1,7,0
EMP0281,HR,Senior,2022-05-02,,36,25,78298,4.0,MGR141,Remote,0,23.0,7.0,0,1,0
EMP0282,Engineering,Senior,12/09/2023,,37,5,144984,4.0,MGR135,Office,1,32.0,7.0,2,1,0
EMP0283,ENGINEERING,Mid,2021-10-18,2022-10-15,40,12,100533,3.0,MGR143,Office,0,32.0,6.0,3,36,1
EMP0284,Operations,Senior,2020-03-02,,39,51,78421,4.0,MGR126,Remote,0,39.0,7.0,0,8,0
EMP0285,Marketing,Mid,2020-06-14,,22,48,62456,4.0,MGR044,Office,0,19.0,9.0,2,19,0
EMP0286,Finance,Mid,2022-01-25,,26,28,79319,5.0,MGR076,Office,0,26.0,8.0,1,46,0
EMP0287,SALES,Mid,2022-11-23,,29,18,70977,4.0,MGR118,Remote,0,23.0,5.0,2,44,0
EMP0288,Marketing,Manager,2021-12-02,2022-09-19,40,9,166285,4.0,MGR104,Remote,0,36.0,7.0,1,14,1
EMP0289,ENGINEERING,Mid,2022-02-27,2022-11-03,28,8,78208,1.0,MGR127,Remote,1,27.0,9.0,0,16,1
EMP0290,Engineering,Lead,2023-10-14,,38,7,139798,4.0,MGR016,Remote,1,15.0,8.0,2,1,0
EMP0291,ENGINEERING,Senior,11/19/2020,,137,43,113696,5.0,MGR092,Remote,1,40.0,5.0,2,20,0
EMP0292,Operations,Senior,2023-03-22,2024-01-15,41,9,112907,3.0,MGR006,Remote,0,11.0,6.0,1,12,1
EMP0293,Marketing,Manager,2021-08-20,,43,33,126942,4.0,MGR091,Hybrid,0,13.0,4.0,2,14,0
EMP0294,Engineering,Mid,2022-01-07,,23,29,100887,3.0,MGR023,Office,0,25.0,3.0,2,11,0
EMP0295,Customer Success,Mid,2022-02-17,2024-02-16,36,24,61647,4.0,MGR036,Office,0,58.0,6.0,3,13,1
EMP0296,Engineering,Lead,2022-10-06,2023-06-05,39,8,133400,3.0,MGR043,Office,0,16.0,4.0,0,12,1
EMP0297,Finance,Junior,2020-01-24,,26,53,65083,4.0,MGR026,Office,0,30.0,1.0,1,11,0
EMP0298,SALES,Senior,2021-01-19,,37,40,122069,3.0,MGR120,Hybrid,0,17.0,6.0,1,25,0
EMP0299,Sales,Junior,2021-09-29,,24,32,41688,4.0,MGR115,Office,1,53.0,3.0,1,1,0
EMP0300,Engineering,Junior,2021-12-06,,22,30,689860,4.0,MGR035,Hybrid,0,16.0,10.0,2,1,0
EMP0301,Marketing,Director,2020-02-29,,48,51,162489,4.0,MGR037,Office,1,31.0,6.0,0,30,0
EMP0302,Sales,Mid,2022-06-18,2023-12-12,28,-18,69134,4.0,MGR034,Hybrid,1,1.0,7.0,3,5,1
EMP0303,Marketing,Mid,2020-11-12,,36,43,66811,4.0,MGR010,Hybrid,0,27.0,9.0,1,1,0
EMP0304,Engineering,Mid,06/30/2022,,27,23,78595,5.0,MGR141,Office,0,50.0,10.0,1,7,0
EMP0305,Finance,Mid,2021-03-20,,35,38,73581,4.0,MGR103,Hybrid,1,3.0,9.0,2,1,0
EMP0306,Sales,Junior,2020-03-25,2021-07-06,29,15,44690,,MGR112,Office,0,7.0,8.0,0,21,1
EMP0307,Sales,Mid,2020-01-20,,29,53,49207,5.0,MGR058,Office,1,0.0,8.0,3,14,0
EMP0308,Operations,Senior,2023-02-07,,48,16,84629,5.0,MGR102,Remote,1,8.0,2.0,0,12,0
EMP0309,Engineering,Manager,2023-01-05,2023-06-24,42,5,165612,3.0,MGR126,Office,1,30.0,2.0,2,21,1
EMP0310,MARKETING,Mid,2020-06-25,,34,47,70869,4.0,MGR033,Hybrid,1,25.0,9.0,1,17,0
EMP0311,Engineering,Mid,2023-01-16,,33,16,91845,4.0,MGR098,Remote,1,39.0,9.0,1,17,0
EMP0312,Sales,Senior,2021-01-10,2023-03-13,33,26,114126,1.0,MGR076,Remote,0,0.0,1.0,0,13,1
EMP0313,Finance, Senior ,2021-09-12,,35,33,99449,4.0,MGR128,Hybrid,0,14.0,9.0,3,86,0
EMP0314,Finance,Senior,2023-05-17,,45,12,121033,4.0,MGR147,Remote,0,24.0,4.0,3,4,0
EMP0315,Sales,Junior,2020-12-20,2023-01-07,23,24,55119,1.0,MGR142,Office,0,29.0,7.0,2,20,1
EMP0316,Sales,Senior,2021-07-30,2022-07-29,28,12,99172,4.0,MGR038,Office,1,,6.0,4,83,1
EMP0317,Engineering,Mid,2022-12-15,2024-05-24,24,17,74542,1.0,MGR125,Remote,1,26.0,9.0,1,9,1
EMP0317,Engineering,Mid,2022-12-15,2024-05-24,24,17,74542,1.0,MGR125,Remote,1,26.0,9.0,1,9,1
EMP0318,Operations,Junior,2022-06-23,,22,23,50003,3.0,MGR121,Hybrid,1,17.0,5.0,1,14,0
EMP0319,Marketing,Senior,2023-05-18,,42,12,108375,4.0,MGR123,Remote,0,12.0,9.0,3,6,0
EMP0320,Engineering,Mid,2021-12-08,,34,30,67381,4.0,MGR026,Hybrid,0,45.0,8.0,2,24,0
EMP0321,Operations,Mid,2023-07-08,,27,10,51596,3.0,MGR023,Office,0,29.0,7.0,2,41,0
EMP0322,Customer Success,Mid,2020-07-26,2022-05-12,24,21,76363,3.0,MGR131,Remote,0,19.0,8.0,4,22,1
EMP0323,Finance,Manager,2021-01-29,,44,40,109995,2.0,MGR111,Hybrid,1,,9.0,1,5,0
EMP0324,Engineering,Junior,2022-04-28,,30,25,59402,4.0,MGR033,Remote,0,20.0,4.0,2,3,0
EMP0325,Engineering,Manager,2020-02-18,2022-11-07,35,33,2177220,5.0,MGR073,Office,0,33.0,2.0,3,26,1
EMP0326,MARKETING,Junior,2020-03-28,,23,50,38314,4.0,MGR094,Hybrid,0,67.0,8.0,0,1,0
EMP0327,Customer Success,Junior,2023-08-08,,22,9,57747,4.0,MGR075,Office,0,52.0,10.0,1,1,0
EMP0328,Sales,Mid,2023-12-15,2024-03-10,28,2,84194,3.0,MGR137,Remote,0,12.0,9.0,2,15,1
EMP0329,Finance,Senior,2020-08-29,,31,45,100115,5.0,MGR128,Hybrid,0,30.0,,2,25,0
EMP0330,Sales,Mid,2020-08-03,,23,46,81138,4.0,MGR055,Office,0,7.0,6.0,2,29,0
EMP0331,Sales,Senior,2021-08-08,2024-05-22,41,33,123749,3.0,MGR035,Office,0,30.0,7.0,3,1,1
EMP0332,Marketing,Junior,2020-07-31,,26,46,49236,4.0,MGR011,Hybrid,1,39.0,7.0,1,3,0
EMP0333,Marketing,Mid,2022-03-07,2024-04-11,23,25,58702,1.0,MGR112,Office,0,22.0,6.0,0,8,1
EMP0334,ENGINEERING,Junior,2020-11-04,,30,43,71297,4.0,MGR121,Office,0,8.0,10.0,1,5,0
EMP0335,Engineering, Senior ,2021-10-04,2023-08-23,40,22,106092,4.0,MGR016,Hybrid,0,45.0,7.0,2,4,1
EMP0336,Engineering,Lead,2020-10-01,,46,44,159196,3.0,MGR070,Remote,0,25.0,10.0,2,1,0
EMP0337,Finance,Junior,2022-11-26,,26,18,50114,4.0,MGR012,Office,1,39.0,3.0,4,14,0
EMP0338,HR,Senior,2020-09-29,,30,44,54767,3.0,MGR125,Remote,0,21.0,5.0,3,19,0
EMP0339,Marketing,Manager,2023-03-15,,43,14,144825,4.0,MGR038,Hybrid,0,34.0,9.0,1,1,0
EMP0340,HR,Mid,2021-01-27,,28,40,71552,4.0,MGR100,Office,0,22.0,9.0,3,32,0
EMP0341,Finance,Senior,2022-06-04,,31,24,88453,4.0,MGR120,Office,1,44.0,9.0,0,1,0
EMP0342,HR,Lead,2020-10-19,,39,44,127179,4.0,MGR110,Hybrid,1,14.0,7.0,3,11,0
EMP0343,Engineering, Senior ,2023-12-07,2024-03-28,37,3,95554,5.0,MGR115,Hybrid,1,38.0,3.0,0,12,1
EMP0344,Engineering,Manager,2022-11-16,2023-06-16,36,7,160343,4.0,MGR050,Remote,0,31.0,4.0,2,39,1
EMP0345,Sales,Senior,2022-12-31,2023-07-12,35,6,93036,3.0,MGR120,Hybrid,0,16.0,1.0,3,2,1
EMP0346,Marketing,Junior,2022-03-21,,24,26,57126,4.0,MGR032,Hybrid,1,44.0,7.0,1,9,0
EMP0347,MARKETING,Mid,2021-11-14,,22,31,68467,5.0,MGR021,Remote,0,19.0,8.0,2,1,0
EMP0348,Engineering,Senior,2022-03-08,,27,27,146112,3.0,MGR115,Office,0,25.0,5.0,1,4,0
EMP0349,Customer Success,Mid,2023-02-18,2024-01-04,22,10,52388,2.0,MGR132,Office,0,8.0,9.0,3,9,1
EMP0350,Engineering,Mid,2020-08-20,2021-11-20,33,15,100201,4.0,MGR112,Remote,0,17.0,9.0,1,5,1
EMP0351,HR,Mid,2022-07-01,,41,23,80647,4.0,MGR004,Office,0,19.0,7.0,2,10,0
EMP0352,Sales,Lead,2022-05-19,,39,24,98339,5.0,MGR097,Office,0,23.0,9.0,0,72,0
EMP0352,Sales,Lead,2022-05-19,,39,24,98339,5.0,MGR097,Office,0,23.0,9.0,0,72,0
EMP0353,Engineering,Senior,2021-03-04,2022-07-14,33,16,106100,4.0,MGR140,Hybrid,0,7.0,7.0,0,14,1
EMP0354,SALES,Mid,2020-05-30,,24,48,99620,3.0,MGR145,Office,0,37.0,7.0,2,40,0
EMP0355,Engineering,Junior,2021-12-11,,22,30,70465,5.0,MGR128,Remote,0,38.0,10.0,2,2,0
EMP0356,HR,Junior,2021-04-12,,24,38,31335,4.0,MGR061,Hybrid,1,22.0,8.0,0,4,0
EMP0357,Engineering,Manager,06/26/2023,,38,11,178140,4.0,MGR002,Remote,0,22.0,7.0,0,16,0
EMP0358,Engineering,Mid,2022-05-18,,36,24,69730,4.0,MGR021,Office,0,,9.0,1,54,0
EMP0359,Engineering,Junior,2022-11-14,,27,18,67510,,MGR092,Office,0,23.0,7.0,2,4,0
EMP0360,Sales,Senior,2020-11-14,,27,43,96465,4.0,MGR079,Remote,1,35.0,10.0,1,22,0
EMP0361,Engineering,Senior,2021-02-13,,39,40,124838,2.0,MGR125,Hybrid,0,36.0,8.0,1,46,0
EMP0362,Sales,Mid,2020-03-06,2021-06-07,26,15,66572,3.0,MGR112,Office,0,37.0,4.0,2,4,1
EMP0363,Engineering,Mid,09/09/2020,2023-10-26,30,38,98279,3.0,MGR125,Hybrid,0,32.0,2.0,1,38,1
EMP0364,Engineering,Senior,2022-12-18,,34,17,111853,3.0,MGR103,Office,1,0.0,4.0,4,14,0
EMP0365,Operations, Mid ,2020-08-22,,26,45,61898,3.0,MGR122,Office,0,31.0,4.0,0,6,0
EMP0366,Finance,Mid,2020-11-14,,26,43,89267,4.0,MGR007,Hybrid,0,23.0,7.0,1,10,0
EMP0367,MARKETING,Mid,2023-06-28,,27,11,85702,1.0,MGR088,Remote,1,12.0,7.0,2,23,0
EMP0368,Marketing,Manager,2023-12-06,,42,5,113357,,MGR017,Hybrid,0,51.0,,0,3,0
EMP0369,Engineering,Junior,2021-12-14,,26,30,72922,3.0,MGR095,Office,0,16.0,2.0,2,24,0
EMP0370,Sales,Lead,2022-05-16,,34,24,133148,3.0,MGR045,Hybrid,0,27.0,8.0,0,1,0
EMP0371,Sales,Mid,2020-11-06,,27,43,64834,4.0,MGR094,Office,0,32.0,9.0,0,2,0
EMP0372,Engineering,Junior,2021-04-08,,33,38,69906,4.0,MGR047,Hybrid,1,24.0,3.0,1,49,0
EMP0373,Finance,Mid,2021-08-14,,35,34,44048,4.0,MGR092,Hybrid,0,24.0,8.0,2,11,0
EMP0374,Finance,Senior,2022-11-11,2023-07-19,31,8,91807,4.0,MGR134,Hybrid,0,27.0,4.0,0,12,1
EMP0375,Engineering,Junior,2021-05-06,,22,37,442390,5.0,MGR047,Hybrid,1,11.0,8.0,1,9,0
EMP0376,HR,Junior,2023-12-03,2024-05-22,22,5,42877,1.0,MGR062,Hybrid,0,1.0,7.0,0,13,1
EMP0377,Engineering,Senior,2021-02-22,,32,39,132265,4.0,MGR040,Office,1,37.0,5.0,0,3,0
EMP0378,Engineering,Junior,2020-01-24,,22,53,66537,4.0,MGR071,Hybrid,0,29.0,10.0,0,24,0
EMP0379,Marketing,Senior,2022-08-27,,41,21,110418,4.0,MGR017,Remote,1,11.0,8.0,2,17,0
EMP0380,Sales,Mid,10/28/2022,,27,19,93889,4.0,MGR025,Hybrid,0,20.0,7.0,2,11,0
EMP0381,Sales,Mid,12/11/2022,,32,17,81426,2.0,MGR143,Hybrid,0,25.0,6.0,0,4,0
EMP0382,Engineering,Manager,09/16/2022,,42,20,154664,,MGR149,Office,0,11.0,8.0,0,3,0
EMP0383,Engineering,Junior,2021-09-05,,29,33,63094,4.0,MGR075,Remote,0,57.0,6.0,2,29,0
EMP0384,Product,Junior,2021-04-06,,26,38,62599,4.0,MGR052,Hybrid,1,4.0,6.0,0,8,0
EMP0385,Operations,Mid,2023-07-27,,22,10,61035,3.0,MGR098,Office,1,0.0,8.0,2,48,0
EMP0386,Engineering,Lead,2020-08-30,,46,45,202613,4.0,MGR015,Remote,0,52.0,3.0,0,10,0
EMP0387,Product,Lead,2021-02-04,,42,40,110164,3.0,MGR119,Office,0,53.0,5.0,0,10,0
EMP0388,Engineering,Mid,2021-12-04,,25,30,80580,4.0,MGR108,Office,0,25.0,6.0,3,27,0
EMP0389,HR,Mid,2022-10-14,,25,19,57755,4.0,MGR020,Office,1,14.0,3.0,2,13,0
EMP0390,Marketing,Junior,2021-05-16,,24,37,54379,3.0,MGR067,Office,0,32.0,5.0,1,1,0
EMP0391,Engineering,Mid,2021-07-19,,30,34,83589,4.0,MGR144,Hybrid,0,14.0,4.0,3,5,0
EMP0392,Engineering,Senior,2020-06-28,,40,47,55020,3.0,MGR006,Remote,1,26.0,8.0,3,8,0
EMP0393,Marketing,Mid,2023-03-29,,22,14,67470,4.0,MGR070,Office,0,19.0,8.0,1,7,0
EMP0394,Operations,Junior,2023-12-12,,28,5,46119,2.0,MGR100,Hybrid,1,,8.0,1,1,0
EMP0395,Marketing,Mid,2022-01-31,2023-07-01,32,17,75754,4.0,MGR014,Hybrid,0,53.0,7.0,2,3,1
EMP0396,Engineering,Mid,2020-01-16,,27,53,89506,3.0,MGR064,Office,1,14.0,10.0,1,1,0
EMP0397,Marketing,Senior,2023-08-01,,39,10,1247170,5.0,MGR002,Office,0,21.0,10.0,2,19,0
EMP0398,Sales,Junior,2023-03-10,,26,14,49954,4.0,MGR128,Office,1,17.0,3.0,2,6,0
EMP0399,Marketing,Mid,2022-04-09,,22,26,78080,3.0,MGR086,Hybrid,0,18.0,7.0,1,1,0
EMP0400,Engineering,Mid,2021-05-06,,33,37,107459,4.0,MGR107,Hybrid,1,10.0,7.0,2,7,0
EMP0401,Engineering,Manager,2021-09-12,,50,33,187446,4.0,MGR034,Remote,0,7.0,4.0,2,39,0
EMP0402,Finance,Junior,2022-12-27,,23,17,56445,3.0,MGR062,Hybrid,0,0.0,6.0,2,6,0
EMP0403,Customer Success,Mid,2020-06-20,,29,48,92122,4.0,MGR100,Hybrid,1,14.0,9.0,4,5,0
EMP0404,Engineering,Lead,2023-03-10,,36,14,151497,5.0,MGR086,Remote,1,34.0,8.0,1,1,0
EMP0405,Finance,Junior,2021-10-01,,29,32,57182,2.0,MGR116,Office,0,22.0,7.0,2,5,0
EMP0406,Sales,Mid,2020-11-16,,33,43,88781,4.0,MGR136,Remote,0,55.0,6.0,1,31,0
EMP0407,HR,Mid,2021-02-15,,39,40,69070,3.0,MGR029,Office,1,60.0,2.0,0,15,0
EMP0408,Engineering, Senior ,2021-07-12,,39,35,153868,4.0,MGR146,Hybrid,0,41.0,5.0,1,4,0
EMP0409,Sales,Senior,2021-03-07,,34,39,104735,4.0,MGR105,Office,0,,8.0,0,46,0
EMP0410,HR,Senior,2020-12-16,,39,42,85946,4.0,MGR110,Remote,0,41.0,8.0,2,35,0
EMP0411,Engineering,Senior,2021-06-28,2022-11-11,39,16,113181,4.0,MGR012,Remote,0,,3.0,2,3,1
EMP0412,HR,Mid,2021-10-19,,28,31,50348,3.0,MGR014,Office,0,21.0,7.0,0,5,0
EMP0413,Marketing,Lead,2023-02-25,,39,15,145555,5.0,MGR014,Office,0,13.0,3.0,3,56,0
EMP0414,Marketing,Senior,2021-07-21,2024-03-05,38,31,75397,4.0,MGR021,Remote,0,17.0,7.0,0,11,1
EMP0415,Engineering,Mid,2023-08-09,2023-11-27,36,3,77970,3.0,MGR063,Office,0,11.0,9.0,2,8,1
EMP0416,Engineering,Mid,2020-08-08,,33,46,93850,3.0,MGR110,Office,0,25.0,9.0,1,7,0
EMP0417,Engineering,Senior,2022-04-20,,33,25,129323,5.0,MGR042,Remote,1,5.0,5.0,1,11,0
EMP0418,HR, Mid ,2023-05-18,,28,12,70536,1.0,MGR007,Hybrid,0,47.0,7.0,1,44,0
EMP0419,HR,Mid,2021-12-03,,25,30,581110,4.0,MGR126,Office,0,13.0,8.0,0,1,0
EMP0420,Sales,Director,2020-01-25,,48,52,176330,4.0,MGR058,Office,0,39.0,10.0,1,16,0
EMP0421,Engineering,Manager,2020-01-13,2020-11-26,37,10,214256,,MGR036,Hybrid,0,0.0,3.0,2,26,1
EMP0422,Operations,Mid,2020-01-16,,25,53,856380,5.0,MGR107,Hybrid,1,19.0,9.0,0,1,0
EMP0423,SALES,Mid,2022-09-10,,25,21,83119,4.0,MGR039,Office,0,59.0,3.0,4,58,0
EMP0424,Engineering,Lead,2021-06-05,,34,36,124557,3.0,MGR116,Office,0,37.0,10.0,2,1,0
EMP0425,Sales,Mid,2020-11-24,2023-12-17,34,37,96001,2.0,MGR119,Hybrid,0,23.0,6.0,1,26,1
EMP0426,Marketing,Lead,2022-10-05,,35,20,126157,3.0,MGR033,Remote,1,53.0,7.0,1,30,0
EMP0427,Sales,Mid,2020-06-19,,27,48,82643,4.0,MGR022,Hybrid,0,2.0,8.0,2,2,0
EMP0428,Sales,Lead,2021-07-17,,36,35,145118,4.0,MGR088,Remote,0,12.0,10.0,3,18,0
EMP0429,FINANCE,Mid,2023-09-22,,29,8,71119,3.0,MGR101,Remote,0,21.0,9.0,3,13,0
EMP0430,Product,Mid,2022-03-01,,32,27,95601,4.0,MGR117,Hybrid,0,25.0,9.0,3,40,0
EMP0431,Sales,Senior,2021-03-29,2023-10-24,30,31,128709,3.0,MGR021,Remote,0,64.0,7.0,1,19,1
EMP0432,Sales,Mid,2023-08-22,,31,9,68782,,MGR051,Remote,1,34.0,8.0,0,18,0
EMP0433,Engineering,Junior,2022-06-27,,23,23,64842,4.0,MGR071,Office,0,21.0,8.0,2,2,0
EMP0434,HR,Senior,2020-08-02,2021-07-31,42,12,115827,3.0,MGR072,Remote,0,,7.0,3,16,1
EMP0435,Engineering,Junior,2020-09-13,,25,45,59130,5.0,MGR059,Office,1,33.0,8.0,4,2,0
EMP0436,Marketing,Mid,2021-03-03,2022-01-27,23,11,69151,2.0,MGR050,Hybrid,0,,5.0,1,1,1
EMP0437,Engineering,Senior,2020-05-31,,36,48,108496,4.0,MGR135,Remote,1,9.0,9.0,0,22,0
EMP0438,Engineering,Mid,2023-02-13,2024-01-29,30,11,93623,3.0,MGR130,Remote,1,39.0,4.0,4,1,1
EMP0439,Finance, Lead ,2021-11-27,,49,30,133135,5.0,MGR140,Remote,1,12.0,7.0,1,2,0
EMP0440,Engineering,Mid,2021-06-13,,29,36,99545,3.0,MGR025,Remote,1,49.0,8.0,2,25,0
EMP0441,Engineering, Director ,2021-02-14,2023-04-16,52,26,266673,2.0,MGR137,Office,1,16.0,7.0,1,39,1
EMP0442,Engineering, Mid ,2020-04-17,,37,-50,68055,5.0,MGR097,Remote,0,17.0,3.0,1,114,0
EMP0443,HR,Lead,2021-07-10,,32,35,117837,2.0,MGR024,Remote,0,12.0,5.0,1,8,0
EMP0444,Engineering,Senior,2022-07-11,,29,23,176578,4.0,MGR117,Hybrid,0,11.0,8.0,0,1,0
EMP0445,Sales,Senior,2020-12-13,,37,42,103248,4.0,MGR047,Office,1,0.0,7.0,3,1,0
EMP0446,Sales, Lead ,2023-09-14,2023-12-08,135,2,128661,2.0,MGR057,Hybrid,0,33.0,10.0,1,10,1
EMP0447,Engineering, Manager ,2021-12-16,2023-12-01,48,23,213971,1.0,MGR064,Remote,1,40.0,9.0,1,74,1
EMP0448,Sales,Manager,2020-10-02,2022-10-20,38,24,102751,4.0,MGR054,Remote,0,61.0,5.0,0,13,1
EMP0449,Engineering,Mid,2022-01-24,,25,28,82077,4.0,MGR131,Office,1,39.0,6.0,0,14,0
EMP0450,ENGINEERING,Mid,2021-04-28,,33,37,93504,3.0,MGR148,Office,0,25.0,7.0,1,2,0
EMP0451,Finance, Junior ,2021-04-08,2022-07-22,26,15,59789,2.0,MGR013,Office,1,4.0,4.0,1,1,1
EMP0452,Marketing,Senior,2022-08-13,,33,21,94010,3.0,MGR053,Office,0,43.0,8.0,1,3,0
EMP0453,Sales,Mid,2022-10-28,2023-11-25,36,13,44468,2.0,MGR094,Office,0,18.0,7.0,2,17,1
EMP0454,Engineering,Mid,2022-01-23,,37,28,87445,5.0,MGR085,Remote,0,30.0,8.0,2,3,0
EMP0455,HR,Lead,2020-08-09,,38,46,110439,4.0,MGR084,Remote,0,42.0,10.0,0,1,0
EMP0456,FINANCE,Senior,2023-01-11,,39,16,89397,1.0,MGR135,Remote,0,0.0,7.0,1,4,0
EMP0457,Customer Success, Junior ,2023-08-28,2024-04-10,22,7,43481,3.0,MGR016,Remote,1,0.0,6.0,1,7,1
EMP0458,Product,Mid,2020-01-26,,26,52,85235,2.0,MGR054,Office,0,10.0,9.0,2,6,0
EMP0459,Engineering,Senior,2023-08-13,,34,9,128709,5.0,MGR090,Remote,0,34.0,6.0,2,1,0
EMP0460,Engineering,Senior,2023-03-15,2024-01-24,34,10,135127,2.0,MGR130,Office,0,49.0,9.0,4,22,1
EMP0461,Sales,Mid,2020-03-08,,26,51,66636,4.0,MGR025,Office,1,,7.0,3,32,0
EMP0462,Operations,Mid,2020-09-27,,28,44,69017,4.0,MGR132,Hybrid,1,9.0,8.0,2,4,0
EMP0463,Marketing,Mid,2022-10-08,,27,20,79651,3.0,MGR038,Office,0,17.0,7.0,2,2,0
EMP0464,Marketing,Junior,07/03/2021,,22,35,62569,3.0,MGR038,Office,0,22.0,9.0,1,5,0
EMP0465,Finance,Manager,2022-12-18,2023-04-28,46,4,131199,3.0,MGR120,Hybrid,0,34.0,,0,4,1
EMP0466,Sales,Mid,2022-04-18,,28,25,75967,4.0,MGR046,Hybrid,0,15.0,8.0,1,5,0
EMP0467,ENGINEERING,Manager,2021-07-07,2021-11-26,36,4,184912,1.0,MGR113,Office,0,8.0,7.0,2,5,1
EMP0468,Engineering,Mid,2020-06-25,,31,47,82351,4.0,MGR065,Office,0,0.0,9.0,0,42,0
EMP0469,Engineering,Senior,2023-10-15,,27,7,158912,3.0,MGR146,Remote,0,28.0,8.0,2,35,0
EMP0470,HR,Mid,2020-01-27,2021-08-22,25,19,45389,1.0,MGR095,Office,0,36.0,2.0,2,28,1
EMP0471,Engineering,Lead,2023-03-30,2024-05-22,42,13,149975,1.0,MGR052,Remote,0,19.0,,2,7,1
EMP0472,Engineering,Mid,2020-02-01,,131,52,99042,5.0,MGR047,Office,0,7.0,9.0,0,39,0
EMP0473,Marketing,Junior,2023-07-10,,29,10,53382,4.0,MGR064,Remote,0,4.0,6.0,2,28,0
EMP0474,Engineering,Senior,2022-04-23,,43,25,131711,4.0,MGR007,Remote,0,27.0,5.0,1,4,0
EMP0475,ENGINEERING,Mid,2020-08-27,2022-10-18,34,26,78306,2.0,MGR043,Hybrid,0,33.0,10.0,2,1,1
EMP0476,CUSTOMER SUCCESS,Junior,2021-09-06,,33,33,48684,3.0,MGR147,Remote,0,23.0,8.0,0,12,0
EMP0477,HR,Junior,04/27/2023,,23,13,46705,4.0,MGR127,Hybrid,0,26.0,4.0,2,29,0
EMP0478,MARKETING,Junior,2020-12-24,,23,41,50467,3.0,MGR042,Remote,0,5.0,8.0,0,15,0
EMP0479,Marketing, Senior ,2023-11-01,,34,7,95749,4.0,MGR031,Office,0,36.0,5.0,4,10,0
EMP0480,Engineering,Lead,07/21/2020,,41,47,131564,4.0,MGR103,Office,0,33.0,7.0,1,11,0
EMP0481,Sales,Mid,2022-07-21,,33,22,96607,5.0,MGR117,Office,0,14.0,,0,17,0
EMP0482,Sales,Manager,2023-07-10,,41,10,161051,4.0,MGR104,Remote,1,36.0,5.0,0,28,0
EMP0483,Marketing,Senior,2022-05-13,,49,25,102818,4.0,MGR056,Office,0,11.0,10.0,0,21,0
EMP0484,Sales,Junior,2021-05-07,2021-12-11,25,7,49228,3.0,MGR148,Remote,0,21.0,3.0,0,25,1
EMP0485,Customer Success,Lead,2020-03-19,,44,51,127455,4.0,MGR004,Remote,0,42.0,5.0,0,15,0
EMP0486,Marketing,Mid,2022-10-04,,128,20,61704,4.0,MGR106,Hybrid,0,35.0,5.0,0,5,0
EMP0487,Engineering,Manager,2020-11-26,,48,42,150997,2.0,MGR122,Office,1,32.0,5.0,0,31,0
EMP0488,Operations,Junior,2021-11-28,,22,30,42517,3.0,MGR096,Office,1,31.0,9.0,1,18,0
EMP0489,Engineering,Lead,2021-09-18,,43,32,164097,4.0,MGR105,Hybrid,1,26.0,9.0,2,37,0
EMP0490,Engineering,Lead,2022-04-26,,46,25,182455,4.0,MGR029,Hybrid,0,23.0,10.0,2,1,0
EMP0491,Engineering,Mid,2021-11-14,2024-04-26,33,29,72125,4.0,MGR052,Office,0,24.0,,1,22,1
EMP0492,Engineering, Senior ,2020-12-16,2022-04-11,38,16,107774,4.0,MGR015,Office,0,11.0,2.0,1,10,1
EMP0493,Engineering, Junior ,2023-05-15,,32,12,50546,4.0,MGR036,Remote,1,28.0,8.0,2,19,0
EMP0494,Engineering,Mid,2022-11-20,,28,18,84211,4.0,MGR131,Office,1,29.0,7.0,1,29,0
EMP0495,Sales,Senior,2021-03-10,,33,39,122404,4.0,MGR134,Remote,1,22.0,6.0,0,16,0
EMP0496,ENGINEERING,Senior,2021-09-08,,37,33,124671,3.0,MGR114,Office,0,20.0,4.0,2,1,0
EMP0497,Engineering,Senior,2021-03-17,,37,39,137714,5.0,MGR010,Remote,0,3.0,5.0,0,5,0
EMP0498,HR,Lead,2020-10-30,,33,-43,110717,3.0,MGR047,Hybrid,0,16.0,7.0,3,3,0
EMP0499,Engineering,Senior,2021-11-04,,38,31,113927,3.0,MGR113,Remote,0,0.0,3.0,1,21,0
EMP0500,Engineering,Senior,2021-12-07,,24,30,122750,4.0,MGR082,Remote,0,17.0,7.0,2,6,0
EMP0501,Marketing,Junior,2023-11-07,,29,6,48070,3.0,MGR115,Hybrid,0,6.0,7.0,0,5,0
EMP0502,Engineering,Junior,2021-06-02,2023-01-16,22,19,57266,3.0,MGR020,Hybrid,0,38.0,5.0,0,14,1
EMP0503,Engineering,Senior,2022-12-24,2023-05-08,30,4,117511,1.0,MGR104,Office,0,31.0,3.0,0,10,1
EMP0504,Engineering,Senior,10/16/2023,,31,7,120807,4.0,MGR003,Hybrid,0,30.0,9.0,0,17,0
EMP0505,Sales,Senior,2023-01-03,2023-09-04,37,8,102312,5.0,MGR030,Hybrid,0,12.0,10.0,1,15,1
EMP0506,Engineering,Senior,2023-03-30,2023-06-13,37,2,93719,2.0,MGR136,Hybrid,0,30.0,8.0,1,37,1
EMP0507,ENGINEERING,Mid,02/04/2022,,29,28,92387,1.0,MGR095,Hybrid,0,11.0,8.0,0,8,0
EMP0508,Finance,Mid,2022-07-10,2022-11-01,31,3,68558,2.0,MGR145,Office,0,22.0,7.0,2,5,1
EMP0508,Finance,Mid,2022-07-10,2022-11-01,31,3,68558,2.0,MGR145,Office,0,22.0,7.0,2,5,1
EMP0509,Sales,Junior,2023-08-13,,24,9,58261,4.0,MGR079,Remote,0,19.0,10.0,2,12,0
EMP0510,Marketing,Mid,2020-09-26,2023-11-03,26,37,96578,2.0,MGR028,Office,0,6.0,5.0,3,17,1
EMP0511,Product,Senior,2022-11-02,,36,19,139470,3.0,MGR117,Remote,0,0.0,6.0,2,9,0
EMP0512,Product,Mid,2023-10-18,2024-05-28,24,7,89635,5.0,MGR032,Office,1,0.0,7.0,1,14,1
EMP0513,HR,Junior,2021-05-10,,28,37,51045,3.0,MGR015,Hybrid,0,15.0,5.0,1,15,0
EMP0514,ENGINEERING,Junior,2023-07-29,,30,10,73124,4.0,MGR055,Remote,0,33.0,6.0,1,5,0
EMP0515,Operations,Lead,2022-09-17,2023-10-02,33,12,112027,3.0,MGR131,Hybrid,0,26.0,6.0,1,10,1
EMP0516,Engineering, Mid ,2023-02-13,,33,15,80024,3.0,MGR030,Office,0,38.0,6.0,3,44,0
EMP0517,Engineering,Manager,2022-05-16,,37,24,137992,4.0,MGR087,Remote,0,23.0,6.0,1,39,0
EMP0518,Product,Lead,2023-04-22,,46,13,148473,4.0,MGR114,Hybrid,0,20.0,7.0,0,2,0
EMP0519,Finance,Senior,2022-03-04,,40,27,87467,5.0,MGR131,Office,0,18.0,9.0,0,3,0
EMP0520,Sales,Junior,2022-11-14,,22,18,54010,4.0,MGR037,Remote,1,11.0,10.0,0,6,0
EMP0521,MARKETING, Manager ,2021-04-10,,41,38,136210,3.0,MGR145,Remote,0,3.0,8.0,0,10,0
EMP0522,MARKETING, Mid ,2020-06-10,2023-01-29,26,32,42756,4.0,MGR018,Remote,0,23.0,7.0,2,18,1
EMP0523,Operations,Senior,2021-03-30,,31,38,86890,5.0,MGR109,Office,1,30.0,6.0,2,18,0
EMP0524,Engineering,Junior,2021-12-26,,29,29,53494,4.0,MGR020,Hybrid,0,40.0,3.0,2,20,0
EMP0525,Engineering,Senior,2022-06-11,,29,24,116374,3.0,MGR093,Hybrid,0,18.0,5.0,1,12,0
EMP0526,Engineering,Manager,2021-06-17,,39,36,180428,4.0,MGR106,Hybrid,1,16.0,8.0,3,15,0
EMP0527,Engineering,Manager,2021-09-24,2022-03-24,43,6,224196,2.0,MGR014,Office,1,29.0,1.0,3,41,1
EMP0528,ENGINEERING,Junior,2021-03-18,,25,39,61850,4.0,MGR004,Office,0,45.0,8.0,0,4,0
EMP0529,Engineering,Lead,2023-07-10,,46,10,139850,4.0,MGR076,Hybrid,0,22.0,9.0,2,32,0
EMP0530,Engineering,Junior,2021-01-31,,22,40,64721,3.0,MGR035,Hybrid,1,18.0,8.0,1,7,0
EMP0531,Sales,Junior,2021-11-29,,26,30,40899,4.0,MGR048,Office,0,38.0,9.0,2,46,0
EMP0532,Engineering,Mid,2023-09-15,,32,8,101855,,MGR025,Remote,0,8.0,9.0,1,37,0
EMP0533,Engineering,Senior,2020-01-04,,37,53,138699,4.0,MGR007,Office,1,30.0,6.0,2,1,0
EMP0534,ENGINEERING,Lead,02/17/2020,,37,52,168561,2.0,MGR107,Hybrid,1,6.0,6.0,2,16,0
EMP0535,Engineering,Manager,2020-06-03,,41,48,177912,4.0,MGR030,Remote,0,2.0,9.0,1,19,0
EMP0536,HR,Mid,2021-03-19,,36,39,53297,4.0,MGR026,Office,0,22.0,4.0,0,1,0
EMP0537,Operations,Senior,2022-01-23,2022-04-07,44,2,81384,1.0,MGR135,Remote,0,33.0,3.0,0,8,1
EMP0538,HR,Senior,2021-06-13,,32,36,77249,4.0,MGR036,Hybrid,0,39.0,10.0,4,22,0
EMP0539,Engineering,Lead,2023-06-02,2024-04-27,37,11,163886,5.0,MGR056,Hybrid,0,8.0,9.0,3,3,1
EMP0540,Engineering,Junior,2023-03-29,,22,14,58118,5.0,MGR111,Remote,0,51.0,5.0,0,1,0
EMP0541,Finance,Senior,09/24/2022,,40,20,79917,4.0,MGR059,Remote,0,19.0,4.0,0,33,0
EMP0542,Engineering,Manager,06/18/2023,,54,11,204053,5.0,MGR093,Remote,1,24.0,9.0,3,40,0
EMP0543,ENGINEERING,Senior,2022-09-16,2024-01-31,32,16,119393,2.0,MGR082,Office,0,15.0,7.0,0,28,1
EMP0544,Engineering,Manager,2020-01-16,,30,53,212669,4.0,MGR033,Remote,0,35.0,7.0,1,26,0
EMP0545,Engineering,Manager,2023-11-17,,42,6,192603,3.0,MGR014,Hybrid,0,9.0,7.0,4,3,0
EMP0546,Product,Mid,08/01/2021,,37,34,50641,5.0,MGR091,Remote,0,22.0,7.0,3,4,0
EMP0547,Engineering,Mid,2020-03-14,2020-10-04,32,6,90096,2.0,MGR072,Remote,0,33.0,8.0,2,1,1
EMP0548,Marketing,Mid,2023-05-19,2024-01-02,22,7,72032,2.0,MGR101,Office,0,16.0,8.0,3,4,1
EMP0549,Engineering,Junior,2022-11-04,2024-01-26,26,14,61367,,MGR063,Hybrid,0,0.0,5.0,3,20,1
EMP0550,ENGINEERING, Lead ,2020-12-21,,31,41,165359,4.0,MGR012,Remote,0,27.0,7.0,0,20,0
EMP0551,Marketing,Lead,2021-07-01,2022-05-20,30,10,90672,3.0,MGR043,Hybrid,0,31.0,8.0,3,16,1
EMP0552,Marketing,Mid,2022-06-29,,39,23,71989,3.0,MGR066,Office,0,,4.0,2,2,0
EMP0553,Marketing,Mid,2021-08-31,,22,33,59085,3.0,MGR091,Hybrid,1,14.0,5.0,0,2,0
EMP0554,Sales,Mid,2021-02-02,2022-12-05,34,22,71452,3.0,MGR130,Office,0,44.0,5.0,1,1,1
EMP0555,Finance,Lead,2022-09-29,,32,20,110357,4.0,MGR002,Office,1,29.0,5.0,3,5,0
EMP0556,Engineering,Lead,2022-02-01,,38,28,150651,4.0,MGR031,Hybrid,0,24.0,5.0,1,46,0
EMP0557,Marketing,Senior,2020-12-15,,41,42,89644,3.0,MGR141,Remote,1,8.0,5.0,2,14,0
EMP0558,Sales,Senior,2021-11-28,2024-03-19,34,28,113025,2.0,MGR142,Hybrid,1,20.0,4.0,0,13,1
EMP0559,Engineering,Senior,2021-06-09,,38,36,130116,4.0,MGR146,Office,0,16.0,7.0,2,4,0
EMP0560,Engineering,Junior,2021-08-20,,34,33,69597,4.0,MGR021,Office,0,21.0,8.0,3,42,0
EMP0561,Engineering,Mid,2023-08-09,2024-02-14,33,6,78708,4.0,MGR149,Hybrid,0,,10.0,1,7,1
EMP0562,Engineering,Mid,2021-03-26,,33,38,113417,4.0,MGR043,Hybrid,0,40.0,4.0,0,1,0
EMP0563,HR, Mid ,2020-08-26,,35,45,59419,4.0,MGR110,Office,0,52.0,4.0,0,2,0
EMP0564,SALES,Junior,2021-07-29,,27,34,52489,4.0,MGR106,Hybrid,1,20.0,3.0,1,1,0
EMP0565,Engineering,Junior,2021-06-19,,30,35,50638,,MGR019,Hybrid,0,25.0,8.0,1,11,0
EMP0566,Finance,Senior,2021-10-15,,32,32,99899,3.0,MGR029,Hybrid,0,30.0,7.0,1,4,0
EMP0567,Engineering,Junior,2020-08-21,,25,46,65760,4.0,MGR047,Remote,0,24.0,8.0,2,8,0
EMP0568,Sales,Mid,2023-01-25,2023-08-31,28,7,78713,2.0,MGR029,Office,0,19.0,,0,13,1
EMP0569,Engineering,Senior,2021-07-06,,36,35,115017,4.0,MGR109,Office,0,48.0,5.0,2,48,0
EMP0570,Sales,Mid,2022-11-19,,22,18,71721,5.0,MGR003,Office,0,3.0,7.0,0,1,0
EMP0571,SALES,Lead,2021-02-14,,41,40,139056,3.0,MGR090,Hybrid,0,38.0,7.0,1,5,0
EMP0572,Engineering,Senior,2020-11-06,2021-04-04,35,4,121451,4.0,MGR065,Hybrid,1,52.0,1.0,3,4,1
EMP0573,Engineering,Mid,2023-05-09,,29,12,107333,3.0,MGR147,Remote,1,,8.0,3,4,0
EMP0574,ENGINEERING,Mid,2022-12-18,,36,17,82627,4.0,MGR047,Hybrid,0,27.0,5.0,0,26,0
EMP0575,Engineering,Senior,2021-02-10,2023-05-19,32,27,133052,2.0,MGR119,Remote,0,45.0,4.0,2,1,1
EMP0575,Engineering,Senior,2021-02-10,2023-05-19,32,27,133052,2.0,MGR119,Remote,0,45.0,4.0,2,1,1
EMP0576,SALES,Junior,2020-01-14,,29,53,48376,2.0,MGR001,Hybrid,0,25.0,,1,1,0
EMP0577,ENGINEERING,Senior,2020-06-29,,33,47,144383,,MGR041,Remote,1,0.0,10.0,2,30,0
EMP0578,Sales,Mid,2023-03-06,,35,15,78191,4.0,MGR052,Hybrid,0,20.0,7.0,1,55,0
EMP0579,Marketing,Mid,2021-02-09,2021-12-06,30,10,64514,3.0,MGR039,Office,0,7.0,4.0,2,55,1
EMP0580,Customer Success,Senior,2020-02-03,2020-07-12,33,5,108107,3.0,MGR135,Office,0,8.0,7.0,2,3,1
EMP0581,Engineering,Senior,2022-07-29,,34,22,115974,4.0,MGR068,Remote,1,,7.0,3,1,0
EMP0582,Engineering, Senior ,04/18/2022,2022-10-26,41,6,105996,1.0,MGR146,Hybrid,0,26.0,10.0,3,7,1
EMP0583,Engineering,Mid,2021-05-24,,31,36,116589,4.0,MGR121,Office,0,16.0,3.0,0,9,0
EMP0584,Sales,Manager,2023-02-03,,33,16,161357,4.0,MGR115,Hybrid,1,53.0,5.0,1,14,0
EMP0585,Sales,Mid,2021-10-15,,26,32,74687,4.0,MGR070,Office,0,13.0,7.0,0,5,0
EMP0586,Marketing,Junior,2020-08-29,2021-11-09,31,14,35543,4.0,MGR130,Hybrid,0,19.0,5.0,0,30,1
EMP0587,Engineering,Senior,2023-04-06,,28,14,139173,3.0,MGR076,Hybrid,0,40.0,8.0,1,2,0
EMP0588,Engineering,Junior,2021-01-06,,29,41,64175,3.0,MGR031,Office,0,18.0,5.0,1,64,0
EMP0589,Operations,Junior,2022-10-09,,25,20,43132,3.0,MGR078,Hybrid,0,25.0,8.0,1,43,0
EMP0590,Marketing,Senior,2020-04-22,,33,50,100448,4.0,MGR004,Office,0,41.0,2.0,0,17,0
EMP0591,Engineering,Senior,2021-12-30,2023-05-20,44,16,111339,2.0,MGR067,Office,0,22.0,8.0,2,1,1
EMP0592,HR,Senior,2020-07-13,2020-12-10,41,5,62551,3.0,MGR100,Remote,1,32.0,5.0,3,15,1
EMP0593,Engineering,Lead,2022-11-13,,39,18,149777,4.0,MGR119,Hybrid,0,25.0,7.0,2,34,0
EMP0594,Marketing,Junior,2023-06-22,2023-08-05,24,1,44131,4.0,MGR140,Office,0,45.0,7.0,1,1,1
EMP0595,Customer Success,Senior,2023-04-02,2024-01-22,34,9,106903,2.0,MGR123,Hybrid,0,8.0,8.0,0,18,1
EMP0596,Sales, Manager ,2020-03-31,,37,50,110403,4.0,MGR035,Hybrid,0,23.0,6.0,0,21,0
EMP0597,Engineering,Senior,2021-11-02,,25,31,127750,4.0,MGR035,Office,0,36.0,7.0,1,27,0
EMP0598,HR,Mid,2022-12-26,2023-09-26,36,9,54096,3.0,MGR063,Remote,0,,6.0,3,2,1
EMP0599,Sales,Junior,2020-06-08,,32,48,57023,3.0,MGR044,Office,1,18.0,5.0,1,1,0
EMP0600,Engineering,Lead,2021-07-29,,35,34,136520,5.0,MGR089,Office,0,26.0,7.0,0,7,0
EMP0601,Marketing,Senior,2020-01-19,,33,53,105522,2.0,MGR092,Hybrid,0,18.0,5.0,2,1,0
EMP0602,Customer Success,Lead,2022-04-05,,44,26,133882,3.0,MGR144,Remote,1,47.0,6.0,1,51,0
EMP0603,Engineering,Junior,2020-06-20,2021-05-02,26,10,58412,4.0,MGR093,Office,1,17.0,7.0,1,1,1
EMP0604,Sales, Lead ,2022-09-26,,35,20,125917,1.0,MGR123,Hybrid,0,24.0,9.0,2,16,0
EMP0605,Marketing,Senior,2022-05-24,,42,24,108293,4.0,MGR079,Remote,0,7.0,6.0,1,10,0
EMP0606,SALES,Mid,2022-09-29,2023-04-18,27,6,69990,1.0,MGR073,Hybrid,1,17.0,4.0,0,1,1
EMP0607,Sales,Mid,2021-06-18,2023-05-03,23,22,42235,5.0,MGR001,Office,1,31.0,3.0,3,5,1
EMP0608,Customer Success,Senior,2020-09-28,,29,44,79052,3.0,MGR136,Office,1,8.0,9.0,0,2,0
EMP0609,Operations,Senior,2020-06-11,,32,48,85860,4.0,MGR047,Remote,0,42.0,7.0,2,41,0
EMP0610,Engineering,Junior,2020-07-06,,28,47,60555,4.0,MGR125,Hybrid,1,,4.0,1,4,0
EMP0611,Engineering,Mid,2023-05-08,2024-01-28,36,8,95511,4.0,MGR146,Office,0,35.0,3.0,2,17,1
EMP0612,Marketing,Lead,2023-10-23,2024-04-13,33,5,119463,4.0,MGR031,Office,0,32.0,5.0,0,24,1
EMP0613,Sales,Senior,2020-12-13,,29,42,106378,3.0,MGR100,Office,0,49.0,10.0,3,9,0
EMP0614,Sales,Junior,2022-04-18,2023-07-18,22,15,49966,4.0,MGR055,Office,1,33.0,3.0,3,11,1
EMP0615,Engineering,Mid,2020-04-13,,35,50,72215,5.0,MGR107,Office,0,21.0,5.0,1,2,0
EMP0616,Engineering, Senior ,2020-01-25,,37,52,125195,4.0,MGR139,Office,1,36.0,4.0,0,25,0
EMP0617,Engineering,Senior,2021-09-19,,35,32,105283,4.0,MGR145,Hybrid,1,,2.0,0,2,0
EMP0618,Product,Senior,2022-06-01,,33,24,138801,3.0,MGR082,Hybrid,0,1.0,,1,15,0
EMP0619,HR,Junior,2021-09-29,,24,32,39954,4.0,MGR042,Remote,0,4.0,,2,17,0
EMP0620,ENGINEERING,Senior,2023-01-23,2024-05-01,45,15,107232,5.0,MGR135,Office,0,10.0,4.0,0,1,1
EMP0621,Sales,Mid,2021-07-15,,37,35,76235,5.0,MGR087,Remote,0,21.0,,0,3,0
EMP0622,ENGINEERING,Senior,2021-06-25,,36,35,147045,5.0,MGR057,Remote,1,20.0,,1,11,0
EMP0623,Operations,Junior,2020-05-15,,22,49,38965,4.0,MGR135,Office,1,44.0,6.0,4,22,0
EMP0624,SALES,Junior,2020-05-09,2022-04-22,24,23,50202,3.0,MGR148,Office,0,40.0,5.0,3,53,1
EMP0625,CUSTOMER SUCCESS,Senior,2023-07-15,2023-09-10,25,1,75291,3.0,MGR002,Office,0,14.0,7.0,0,25,1
EMP0626,Engineering,Junior,2022-03-13,,29,27,52078,4.0,MGR089,Office,0,45.0,5.0,0,8,0
EMP0627,HR,Mid,2021-02-28,,41,39,64780,4.0,MGR143,Office,0,38.0,6.0,0,21,0
EMP0628,Sales,Mid,2022-12-02,,31,18,71610,4.0,MGR053,Office,0,19.0,3.0,1,31,0
EMP0629,SALES,Lead,2022-03-21,2024-05-03,41,25,150295,4.0,MGR143,Office,0,5.0,5.0,1,18,1
EMP0630,Product,Mid,2023-04-01,2023-10-29,26,7,98963,4.0,MGR034,Office,0,30.0,3.0,0,18,1
EMP0631,Operations,Mid,2022-07-19,,29,22,57638,4.0,MGR062,Remote,1,44.0,9.0,3,5,0
EMP0632,Customer Success,Junior,2020-06-27,,24,47,46560,3.0,MGR141,Office,0,24.0,5.0,0,3,0
EMP0633,Engineering,Lead,2021-08-05,2024-02-06,42,30,168281,1.0,MGR087,Office,1,35.0,1.0,1,18,1
EMP0634,HR,Lead,2021-07-13,,40,35,136729,1.0,MGR084,Hybrid,0,27.0,2.0,1,24,0
EMP0635,Marketing,Senior,2023-11-07,,31,6,79924,5.0,MGR038,Hybrid,0,0.0,5.0,0,43,0
EMP0636,Sales,Junior,2023-05-01,,22,13,59376,4.0,MGR123,Hybrid,1,1.0,8.0,2,29,0
EMP0637,SALES,Manager,2020-02-01,,42,52,150156,4.0,MGR037,Office,1,0.0,4.0,3,27,0
EMP0638,Sales,Manager,2022-08-30,,45,21,122634,5.0,MGR002,Hybrid,0,40.0,2.0,0,14,0
EMP0639,Marketing,Manager,2023-03-07,,36,15,143524,3.0,MGR106,Office,0,,2.0,1,1,0
EMP0640,Engineering,Mid,2022-02-19,,34,27,100137,4.0,MGR101,Hybrid,1,17.0,10.0,0,2,0
EMP0641,Product,Mid,2021-08-07,,33,34,83821,4.0,MGR022,Hybrid,0,25.0,7.0,2,1,0
EMP0642,Operations, Senior ,2020-10-07,,31,44,81599,5.0,MGR102,Office,0,8.0,8.0,1,21,0
EMP0643,Operations,Mid,2021-06-14,2022-01-10,28,7,70200,2.0,MGR092,Remote,0,23.0,8.0,3,31,1
EMP0644,Marketing,Senior,09/16/2023,,37,8,99842,3.0,MGR037,Office,1,9.0,8.0,0,9,0
EMP0645,Marketing,Director,2023-03-07,2024-05-28,47,14,109956,4.0,MGR006,Remote,0,31.0,7.0,1,3,1
EMP0646,Engineering,Director,2021-04-24,,51,37,231876,3.0,MGR142,Remote,0,24.0,8.0,1,60,0
EMP0647,Customer Success,Director,2020-04-02,,51,50,168514,1.0,MGR145,Hybrid,1,33.0,7.0,2,7,0
EMP0648,Operations,Mid,2022-11-20,,36,-18,64757,3.0,MGR121,Office,0,8.0,6.0,0,16,0
EMP0649,Engineering,Mid,2020-08-01,,26,46,106160,5.0,MGR090,Remote,0,,,1,34,0
EMP0650,Sales, Mid ,2022-07-17,2023-02-06,29,6,100359,3.0,MGR018,Hybrid,0,35.0,7.0,0,31,1
EMP0651,Engineering,Mid,2020-08-15,,29,46,97297,4.0,MGR019,Office,1,32.0,5.0,0,1,0
EMP0652,Sales,Lead,2021-03-29,,43,38,120313,4.0,MGR088,Office,1,23.0,9.0,0,6,0
EMP0653,Customer Success,Manager,2023-03-29,2023-09-10,42,5,150332,3.0,MGR135,Office,0,37.0,7.0,3,8,1
EMP0654,ENGINEERING,Junior,2021-10-01,,23,32,88655,4.0,MGR077,Remote,1,30.0,1.0,1,39,0
EMP0655,Finance,Senior,2022-11-06,,40,19,103483,5.0,MGR115,Remote,0,20.0,10.0,3,11,0
EMP0656,Sales, Manager ,2020-01-31,2022-01-29,37,24,156342,3.0,MGR037,Office,0,13.0,8.0,0,2,1
EMP0656,Sales, Manager ,2020-01-31,2022-01-29,37,24,156342,3.0,MGR037,Office,0,13.0,8.0,0,2,1
EMP0657,Engineering,Mid,04/02/2023,,29,14,70830,4.0,MGR120,Office,1,54.0,5.0,1,18,0
EMP0658,HR,Lead,2020-01-16,,35,53,108415,3.0,MGR121,Hybrid,0,27.0,5.0,1,29,0
EMP0659,ENGINEERING,Senior,2021-08-05,,40,34,109388,1.0,MGR021,Office,0,22.0,9.0,1,1,0
EMP0660,Engineering,Junior,2022-11-21,,26,18,61685,2.0,MGR096,Office,0,54.0,7.0,0,1,0
EMP0661,Engineering,Junior,2023-09-25,,24,8,67545,,MGR143,Office,0,26.0,8.0,2,12,0
EMP0662,Operations,Mid,2021-04-05,,22,38,73208,4.0,MGR053,Office,1,28.0,7.0,0,1,0
EMP0663,Finance,Mid,2021-08-19,,28,33,86482,2.0,MGR102,Remote,0,48.0,9.0,0,7,0
EMP0664,Engineering,Senior,2022-06-27,,35,-23,116309,2.0,MGR086,Office,1,39.0,6.0,2,9,0
EMP0665,MARKETING,Junior,2020-07-22,2022-10-16,22,27,59659,3.0,MGR022,Hybrid,0,14.0,7.0,1,3,1
EMP0666,HR,Mid,2021-02-18,2021-08-05,25,5,63674,2.0,MGR040,Office,0,23.0,7.0,0,37,1
EMP0667,Sales, Junior ,2020-09-29,,22,44,56536,4.0,MGR135,Office,0,30.0,3.0,3,9,0
EMP0668,Engineering,Senior,2020-06-21,2023-08-06,37,38,121212,3.0,MGR028,Office,0,53.0,2.0,3,11,1
EMP0669,Marketing,Junior,2022-07-02,2024-05-28,34,23,59696,3.0,MGR134,Remote,0,21.0,6.0,2,16,1
EMP0670,Marketing,Mid,2022-06-04,2022-07-13,42,1,74349,1.0,MGR086,Hybrid,0,28.0,9.0,0,5,1
EMP0671,Engineering,Mid,2023-03-05,,36,15,73601,4.0,MGR111,Office,0,33.0,10.0,2,8,0
EMP0672,Engineering,Mid,2023-03-11,,34,14,98879,3.0,MGR118,Remote,0,3.0,8.0,1,2,0
EMP0673,Finance,Manager,2020-07-26,,46,46,136232,4.0,MGR088,Office,0,,5.0,0,2,0
EMP0674,Marketing,Mid,2023-02-15,,30,15,69488,3.0,MGR105,Hybrid,1,21.0,4.0,0,35,0
EMP0675,OPERATIONS,Manager,2022-04-26,,41,25,142405,5.0,MGR084,Office,0,31.0,9.0,1,1,0
EMP0676,Engineering,Junior,2023-02-18,,22,15,72862,3.0,MGR016,Office,0,15.0,6.0,2,51,0
EMP0677,Engineering,Junior,2022-05-03,,29,25,71437,4.0,MGR020,Remote,0,14.0,7.0,1,15,0
EMP0678,Operations,Senior,2023-07-04,,41,11,74317,5.0,MGR063,Office,0,49.0,3.0,4,6,0
EMP0679,Engineering,Mid,2023-06-02,2024-02-09,25,8,97835,1.0,MGR132,Hybrid,0,36.0,7.0,2,20,1
EMP0680,Engineering,Manager,2020-01-06,,38,53,216367,1.0,MGR093,Office,0,26.0,6.0,0,1,0
EMP0681,Operations,Mid,2020-11-21,,22,42,68148,4.0,MGR057,Office,1,,6.0,0,14,0
EMP0682,Engineering,Junior,2022-09-02,,24,21,73434,4.0,MGR125,Office,0,27.0,9.0,0,26,0
EMP0683,Engineering,Lead,2020-11-25,,31,42,172122,4.0,MGR143,Office,0,41.0,7.0,3,5,0
EMP0684,HR,Manager,2020-08-13,,37,46,138162,4.0,MGR049,Hybrid,0,28.0,8.0,1,1,0
EMP0685,Engineering,Mid,2020-12-14,2023-04-07,43,28,87291,3.0,MGR018,Hybrid,0,32.0,4.0,3,6,1
EMP0686,Marketing,Mid,2022-05-30,2022-10-12,39,4,72108,4.0,MGR059,Remote,0,19.0,3.0,1,1,1
EMP0687,Marketing,Mid,2023-06-16,2023-08-07,28,1,69240,2.0,MGR063,Hybrid,0,27.0,9.0,1,15,1
EMP0688,ENGINEERING,Mid,2023-08-08,,26,9,98908,2.0,MGR110,Remote,0,38.0,8.0,2,11,0
EMP0689,Sales,Senior,2022-12-05,2024-02-10,39,14,129993,4.0,MGR087,Hybrid,0,5.0,2.0,3,10,1
EMP0690,Engineering,Mid,2023-07-10,,33,10,81506,3.0,MGR004,Office,1,12.0,8.0,2,1,0
EMP0691,Operations,Mid,01/17/2023,2023-02-16,22,1,69169,2.0,MGR010,Office,0,47.0,8.0,0,5,1
EMP0692,HR,Junior,2020-06-21,,29,48,48723,4.0,MGR057,Office,0,53.0,9.0,1,11,0
EMP0693,Marketing,Lead,2023-10-03,,26,8,119492,5.0,MGR054,Hybrid,0,19.0,7.0,0,26,0
EMP0694,Engineering,Junior,2020-05-12,,24,49,70870,3.0,MGR123,Office,1,32.0,9.0,1,9,0
EMP0695,Customer Success,Mid,2023-11-17,,32,6,64824,5.0,MGR039,Office,0,21.0,9.0,0,1,0
EMP0696,Sales,Junior,2021-06-06,2023-01-22,27,19,69506,2.0,MGR054,Remote,0,46.0,5.0,0,7,1
EMP0697,Finance,Senior,2023-03-05,,35,15,100314,3.0,MGR043,Remote,0,51.0,6.0,0,21,0
EMP0698,Sales,Senior,2023-02-08,,34,15,99017,4.0,MGR085,Hybrid,0,55.0,5.0,0,8,0
EMP0699,Engineering,Lead,2020-12-05,2021-05-14,36,5,149608,4.0,MGR110,Hybrid,0,26.0,2.0,2,36,1
EMP0700,Marketing,Mid,2020-11-22,2021-10-22,29,11,63476,3.0,MGR087,Hybrid,0,41.0,5.0,3,2,1
EMP0701,FINANCE,Lead,2020-03-31,,45,50,143178,3.0,MGR080,Hybrid,0,42.0,10.0,0,3,0
EMP0702,ENGINEERING,Senior,2023-09-15,,39,8,93016,4.0,MGR067,Remote,1,24.0,7.0,3,33,0
EMP0703,Sales,Junior,2023-11-10,2023-12-13,22,1,50486,4.0,MGR037,Office,1,31.0,6.0,1,23,1
EMP0704,Sales,Mid,2020-05-15,,29,49,97233,3.0,MGR045,Office,0,13.0,7.0,1,2,0
EMP0705,Marketing,Mid,2022-05-31,2023-04-14,30,10,58864,3.0,MGR106,Office,0,15.0,4.0,3,2,1
EMP0706,ENGINEERING,Senior,2021-10-07,2023-04-05,32,18,115446,1.0,MGR101,Office,1,,2.0,4,1,1
EMP0707,Sales,Mid,2020-11-28,2021-03-05,28,3,70154,3.0,MGR114,Office,1,21.0,5.0,0,43,1
EMP0708,Sales,Mid,2022-01-21,2022-03-23,28,2,84053,1.0,MGR016,Office,0,30.0,9.0,0,5,1
EMP0709,HR,Mid,2023-11-17,2024-02-18,32,3,62081,4.0,MGR023,Remote,0,31.0,1.0,0,9,1
EMP0710,Engineering,Mid,2023-07-04,2023-10-08,31,3,94985,4.0,MGR045,Office,1,25.0,4.0,1,12,1
EMP0711,Sales,Senior,2023-08-21,2023-10-25,27,2,90073,1.0,MGR051,Hybrid,0,19.0,7.0,3,2,1
EMP0712,Product,Mid,2020-02-01,2020-04-18,34,2,85730,4.0,MGR099,Hybrid,0,24.0,7.0,1,3,1
EMP0713,ENGINEERING,Junior,02/02/2020,,24,52,53688,4.0,MGR124,Office,0,11.0,9.0,4,10,0
EMP0714,SALES,Senior,2021-04-19,,42,37,119387,4.0,MGR036,Remote,0,40.0,7.0,1,39,0
EMP0715,Sales,Senior,2020-03-30,,43,50,98513,5.0,MGR013,Office,0,0.0,7.0,3,1,0
EMP0716,Operations,Manager,2021-10-20,,37,31,117164,3.0,MGR005,Office,0,32.0,5.0,1,13,0
EMP0717,Marketing,Lead,2021-11-28,,39,30,142175,4.0,MGR112,Remote,0,27.0,9.0,1,4,0
EMP0718,Marketing,Director,2020-04-24,2023-04-24,47,36,185920,2.0,MGR125,Hybrid,0,47.0,4.0,2,2,1
EMP0719,Marketing,Junior,2020-02-21,,28,52,50051,4.0,MGR120,Office,0,15.0,10.0,0,34,0
EMP0720,CUSTOMER SUCCESS,Mid,2023-03-02,,30,15,71838,4.0,MGR086,Remote,0,17.0,8.0,2,1,0
EMP0721,HR,Mid,2021-08-29,,35,33,75177,4.0,MGR058,Hybrid,1,51.0,6.0,1,19,0
EMP0722,Finance,Lead,2022-05-19,,41,24,141828,5.0,MGR075,Office,0,8.0,6.0,0,25,0
EMP0723,Sales,Mid,2020-10-26,2023-04-26,28,30,81445,2.0,MGR058,Remote,0,14.0,7.0,1,19,1
EMP0724,Operations,Senior,2021-11-29,,31,30,108163,5.0,MGR068,Office,0,36.0,7.0,1,1,0
EMP0725,Engineering, Senior ,2020-06-11,,35,48,134295,5.0,MGR071,Office,0,33.0,2.0,1,20,0
EMP0726,Engineering,Mid,2020-04-04,,32,50,90122,4.0,MGR141,Remote,0,6.0,7.0,0,11,0
EMP0727,Engineering,Junior,2023-06-21,,27,-11,62462,4.0,MGR064,Remote,1,2.0,9.0,3,4,0
EMP0728,Customer Success,Senior,2020-06-08,2023-05-02,23,35,113553,3.0,MGR031,Hybrid,0,7.0,3.0,1,28,1
EMP0729,Sales,Mid,2021-08-18,,35,33,76996,3.0,MGR143,Hybrid,1,22.0,9.0,0,1,0
EMP0730,Engineering,Senior,2023-06-08,2024-03-06,39,9,122892,3.0,MGR083,Hybrid,0,13.0,6.0,0,21,1
EMP0731,Sales,Mid,2022-12-07,,26,18,82304,4.0,MGR116,Office,0,19.0,6.0,0,8,0
EMP0732,Sales,Senior,2022-04-12,,29,26,99150,5.0,MGR100,Remote,0,21.0,9.0,1,9,0
EMP0733,Sales,Senior,2023-10-26,2024-05-24,36,7,92412,4.0,MGR010,Remote,0,4.0,7.0,3,1,1
EMP0734,Engineering,Senior,2022-06-21,,42,23,120664,4.0,MGR011,Hybrid,0,31.0,1.0,2,20,0
EMP0735,Operations,Senior,2020-08-18,,32,46,79011,4.0,MGR057,Remote,0,32.0,3.0,1,8,0
EMP0736,Product,Senior,2022-09-07,,28,21,110001,4.0,MGR080,Office,0,45.0,5.0,0,9,0
EMP0737,HR,Mid,01/05/2021,2023-04-18,27,27,53927,4.0,MGR041,Remote,0,0.0,4.0,2,10,1
EMP0738,Marketing,Senior,2021-07-09,2024-01-24,37,30,86761,3.0,MGR055,Hybrid,0,17.0,7.0,2,14,1
EMP0739,MARKETING,Mid,2023-11-18,2024-05-26,25,6,83718,4.0,MGR017,Hybrid,1,45.0,7.0,4,20,1
EMP0740,Sales,Senior,08/29/2022,,35,21,95315,4.0,MGR121,Office,1,32.0,5.0,0,3,0
EMP0741,HR,Lead,2021-02-17,2021-06-24,33,4,95554,3.0,MGR075,Office,0,45.0,8.0,3,1,1
EMP0742,Finance,Junior,2022-11-07,,28,19,49957,3.0,MGR043,Remote,0,36.0,7.0,1,34,0
EMP0743,Engineering,Senior,2021-03-09,,28,39,113537,4.0,MGR138,Hybrid,1,32.0,6.0,1,18,0
EMP0744,Engineering,Mid,2022-04-05,2023-11-13,29,19,78603,2.0,MGR039,Office,0,18.0,7.0,2,1,1
EMP0745,Operations,Mid,2021-10-10,2021-12-30,24,2,83795,4.0,MGR049,Office,0,20.0,7.0,0,13,1
EMP0746,Engineering,Junior,2020-05-16,,23,49,67830,4.0,MGR014,Office,1,29.0,4.0,3,11,0
EMP0747,Engineering,Junior,2021-12-29,2023-04-22,22,15,56161,4.0,MGR063,Remote,1,10.0,8.0,2,34,1
EMP0748,HR,Senior,2021-09-15,,31,33,90844,4.0,MGR026,Hybrid,0,24.0,8.0,3,14,0
EMP0749,Engineering,Manager,2020-06-25,,41,47,190784,2.0,MGR021,Hybrid,0,25.0,2.0,0,32,0
EMP0750,Customer Success,Junior,2023-02-28,,22,15,42583,3.0,MGR086,Office,0,18.0,7.0,0,4,0
EMP0751,Customer Success,Junior,2021-08-19,,31,33,54201,5.0,MGR050,Hybrid,1,6.0,5.0,3,36,0
EMP0752,Sales,Mid,2021-05-26,2023-02-06,29,20,77176,4.0,MGR077,Remote,0,,6.0,3,3,1
EMP0753,Sales,Junior,2020-06-04,,27,48,63022,5.0,MGR143,Remote,0,0.0,1.0,0,16,0
EMP0754,HR,Mid,2022-10-24,,35,19,72684,3.0,MGR017,Hybrid,0,38.0,6.0,0,13,0
EMP0755,Engineering,Mid,11/14/2023,,30,6,95634,4.0,MGR071,Office,1,34.0,5.0,0,4,0
EMP0756,Product,Senior,2021-07-26,,30,34,131168,5.0,MGR048,Hybrid,0,8.0,,4,4,0
EMP0757,Sales,Mid,2020-01-30,,26,52,80223,5.0,MGR084,Hybrid,1,28.0,10.0,0,17,0
EMP0758,Finance, Senior ,2022-09-29,,26,20,114843,4.0,MGR144,Office,0,3.0,1.0,1,6,0
EMP0759,Product,Junior,2020-12-23,,22,41,64700,3.0,MGR036,Remote,1,15.0,6.0,0,42,0
EMP0760,Engineering,Mid,2021-01-21,2023-04-25,29,27,82367,2.0,MGR022,Remote,0,5.0,6.0,2,6,1
EMP0761,Customer Success,Senior,2023-10-07,,41,7,85853,4.0,MGR010,Office,0,16.0,6.0,2,26,0
EMP0761,Customer Success,Senior,2023-10-07,,41,7,85853,4.0,MGR010,Office,0,16.0,6.0,2,26,0
EMP0762,ENGINEERING,Junior,2023-03-18,,33,14,64022,3.0,MGR063,Remote,0,21.0,7.0,0,23,0
EMP0763,Finance,Senior,2021-11-17,,30,30,116801,1.0,MGR031,Hybrid,0,21.0,7.0,3,13,0
EMP0764,Finance,Senior,2021-06-08,,34,36,97342,4.0,MGR114,Remote,0,4.0,4.0,0,7,0
EMP0765,Sales,Senior,2021-01-21,,37,40,84931,3.0,MGR065,Hybrid,0,44.0,9.0,2,1,0
EMP0766,Engineering,Manager,2022-08-10,,48,22,166681,3.0,MGR076,Office,0,5.0,7.0,1,8,0
EMP0767,Engineering,Lead,2022-08-15,,35,21,192401,4.0,MGR015,Hybrid,0,21.0,8.0,1,33,0
EMP0768,HR, Junior ,2020-08-22,,24,45,46972,5.0,MGR055,Remote,0,18.0,8.0,0,19,0
EMP0769,HR,Senior,2022-04-16,,38,25,72263,4.0,MGR073,Remote,0,12.0,8.0,2,15,0
EMP0770,Operations,Junior,2021-05-29,,26,36,42887,3.0,MGR132,Remote,0,15.0,9.0,1,9,0
EMP0771,Sales,Senior,2021-04-04,,37,38,110615,5.0,MGR060,Office,0,22.0,4.0,0,13,0
EMP0772,Marketing,Mid,2021-04-27,2022-06-16,24,13,70629,3.0,MGR046,Remote,0,37.0,,3,19,1
EMP0773,SALES,Mid,2021-06-27,,33,35,75831,4.0,MGR120,Hybrid,0,19.0,4.0,1,5,0
EMP0774,Engineering,Mid,2022-04-07,2024-03-22,28,23,60238,2.0,MGR007,Remote,0,25.0,10.0,1,22,1
EMP0775,Marketing,Lead,2020-08-01,,35,46,86764,4.0,MGR009,Office,0,42.0,7.0,2,10,0
EMP0776,Engineering,Junior,2023-05-24,,22,12,57982,4.0,MGR030,Remote,0,,6.0,0,2,0
EMP0777,Operations,Senior,2021-11-11,,31,31,58389,5.0,MGR084,Hybrid,0,29.0,8.0,2,75,0
EMP0778,HR,Manager,2023-07-14,,30,10,107304,4.0,MGR148,Remote,0,18.0,7.0,0,19,0
EMP0779,Sales,Senior,2021-04-06,,36,38,96878,5.0,MGR079,Remote,0,29.0,6.0,0,15,0
EMP0780,Engineering,Junior,2021-10-23,,22,31,68653,3.0,MGR072,Office,0,30.0,1.0,1,1,0
EMP0781,Sales, Senior ,2022-12-01,,40,18,110900,3.0,MGR006,Remote,0,36.0,7.0,3,20,0
EMP0782,Engineering,Mid,2021-04-06,,40,38,78694,5.0,MGR085,Office,0,44.0,4.0,0,12,0
EMP0783,Operations,Mid,2022-08-10,,32,22,60593,4.0,MGR031,Remote,1,44.0,9.0,0,9,0
EMP0784,Engineering, Junior ,2023-09-21,,22,8,70114,3.0,MGR102,Hybrid,0,20.0,9.0,2,1,0
EMP0785,HR,Lead,2023-12-08,,25,5,89233,3.0,MGR133,Office,0,37.0,6.0,0,27,0
EMP0786,Sales,Senior,2021-02-10,,36,-40,133739,4.0,MGR128,Remote,1,26.0,8.0,0,1,0
EMP0787,Engineering,Mid,07/12/2023,,37,10,71393,1.0,MGR013,Hybrid,1,46.0,7.0,4,3,0
EMP0788,Marketing,Mid,2020-01-25,2020-11-12,31,9,71311,4.0,MGR083,Office,0,13.0,4.0,2,4,1
EMP0789,Marketing,Junior,2020-01-02,,22,53,44414,5.0,MGR040,Remote,0,32.0,9.0,3,25,0
EMP0790,Marketing,Senior,2020-08-02,2022-06-16,30,22,99913,3.0,MGR081,Hybrid,0,15.0,6.0,2,9,1
EMP0790,Marketing,Senior,2020-08-02,2022-06-16,30,22,99913,3.0,MGR081,Hybrid,0,15.0,6.0,2,9,1
EMP0791,Customer Success,Mid,2022-04-19,,30,25,64322,4.0,MGR113,Hybrid,0,11.0,10.0,2,18,0
EMP0792,Engineering,Mid,01/05/2020,,29,53,77726,4.0,MGR138,Office,0,49.0,7.0,0,4,0
EMP0793,Sales,Senior,2023-07-12,,41,10,88511,5.0,MGR103,Hybrid,0,22.0,7.0,3,13,0
EMP0794,Engineering,Manager,2023-07-16,2023-09-18,45,2,201731,2.0,MGR076,Remote,0,27.0,7.0,3,1,1
EMP0795,Finance,Mid,2020-06-10,,33,48,90223,4.0,MGR120,Hybrid,0,11.0,3.0,2,33,0
EMP0796,HR,Mid,2023-11-04,,32,7,59755,1.0,MGR111,Office,0,14.0,6.0,1,23,0
EMP0797,Engineering,Mid,2020-02-02,2023-04-11,26,38,98708,1.0,MGR147,Hybrid,0,22.0,7.0,3,18,1
EMP0798,Marketing,Senior,2021-09-30,,43,32,120712,5.0,MGR136,Hybrid,0,21.0,4.0,1,10,0
EMP0799,Engineering,Junior,2021-10-28,2022-12-15,28,13,68312,4.0,MGR090,Remote,0,47.0,5.0,1,13,1
EMP0800,FINANCE,Senior,2022-06-04,,40,24,111098,4.0,MGR149,Hybrid,1,22.0,8.0,0,16,0
EMP0801,Finance,Junior,2022-03-26,,31,26,49481,5.0,MGR022,Hybrid,1,30.0,6.0,0,16,0
EMP0802,Engineering,Manager,09/04/2020,,47,45,211398,5.0,MGR112,Remote,0,19.0,6.0,1,10,0
EMP0803,Engineering,Lead,2021-12-23,2023-06-24,44,18,151878,3.0,MGR006,Hybrid,0,52.0,1.0,4,7,1
EMP0804,HR,Lead,2023-10-19,,43,7,103528,2.0,MGR037,Office,0,14.0,6.0,2,5,0
EMP0805,Engineering,Mid,2022-05-25,,37,24,84564,4.0,MGR082,Remote,1,23.0,7.0,0,1,0
EMP0806,Operations,Junior,2021-05-27,,26,36,47663,4.0,MGR093,Hybrid,0,26.0,9.0,1,16,0
EMP0807,Marketing,Director,2020-04-10,,42,50,165689,4.0,MGR076,Office,0,26.0,,2,3,0
EMP0808,Sales,Junior,2021-08-11,2023-10-21,22,26,62184,4.0,MGR064,Hybrid,1,36.0,2.0,2,4,1
EMP0809,Marketing,Junior,2023-08-27,2024-05-03,27,-8,49493,4.0,MGR139,Remote,1,40.0,6.0,1,5,1
EMP0810,Sales,Senior,2023-09-08,2023-12-12,31,3,122125,2.0,MGR083,Office,0,43.0,10.0,0,10,1
EMP0811,Sales,Mid,2021-05-15,,34,37,101242,4.0,MGR052,Office,1,52.0,7.0,2,9,0
EMP0812,HR,Junior,2023-10-13,,22,7,36745,3.0,MGR029,Office,0,12.0,7.0,0,1,0
EMP0813,Sales,Mid,2022-12-04,,34,18,83873,3.0,MGR009,Remote,1,36.0,10.0,0,4,0
EMP0814,Engineering,Senior,2022-05-26,2023-08-26,38,15,106017,5.0,MGR025,Hybrid,0,17.0,3.0,2,15,1
EMP0815,Customer Success,Mid,2020-02-22,,26,52,79511,4.0,MGR054,Office,1,,4.0,2,7,0
EMP0816,Operations,Lead,2020-05-27,,30,48,100688,4.0,MGR124,Hybrid,1,27.0,5.0,3,18,0
EMP0817,Sales,Junior,02/29/2020,,28,51,62083,1.0,MGR063,Office,0,17.0,8.0,0,16,0
EMP0818,Finance,Senior,2023-07-24,,38,10,95766,4.0,MGR050,Remote,0,15.0,9.0,2,2,0
EMP0819,Sales,Manager,2022-02-21,,41,27,159451,4.0,MGR052,Remote,0,28.0,7.0,0,5,0
EMP0820,Engineering,Junior,2022-08-25,,33,21,51863,4.0,MGR061,Remote,0,19.0,8.0,1,11,0
EMP0821,Sales,Junior,2023-06-02,,24,12,64781,4.0,MGR033,Office,1,15.0,7.0,2,1,0
EMP0822,Finance,Manager,2023-04-22,2024-03-18,39,11,117963,4.0,MGR134,Remote,1,41.0,3.0,3,28,1
EMP0823,HR,Senior,2020-02-10,,37,52,90532,3.0,MGR109,Remote,0,18.0,4.0,2,2,0
EMP0824,Finance,Junior,2020-02-21,,22,52,42375,2.0,MGR101,Office,0,,6.0,2,20,0
EMP0825,Engineering,Senior,2021-07-14,2022-04-08,42,8,158882,4.0,MGR127,Remote,0,,7.0,3,7,1
EMP0826,Sales,Junior,2023-02-20,,31,15,63818,4.0,MGR115,Remote,0,11.0,7.0,3,26,0
EMP0827,HR,Mid,2020-09-02,,35,45,71695,3.0,MGR021,Remote,1,33.0,10.0,0,43,0
EMP0828,PRODUCT,Mid,2020-09-11,,37,45,99818,2.0,MGR086,Remote,1,13.0,8.0,1,35,0
EMP0829,ENGINEERING,Mid,2022-11-11,,22,18,79871,5.0,MGR044,Remote,0,19.0,8.0,3,11,0
EMP0830,Customer Success,Director,2023-02-21,2024-05-30,56,15,170558,,MGR104,Hybrid,1,25.0,9.0,0,5,1
EMP0831,Customer Success,Junior,2021-01-09,2021-12-04,24,10,61386,4.0,MGR148,Hybrid,0,37.0,6.0,2,9,1
EMP0832,MARKETING,Junior,2022-03-26,2022-07-10,25,3,54388,1.0,MGR145,Hybrid,0,11.0,8.0,2,12,1
EMP0833,Engineering,Mid,2023-02-25,,26,15,101243,3.0,MGR036,Remote,1,28.0,8.0,3,31,0
EMP0834,Engineering,Lead,2023-11-10,2024-04-16,33,5,219670,5.0,MGR126,Remote,0,18.0,5.0,0,3,1
EMP0835,MARKETING,Lead,2020-05-10,,33,49,141948,4.0,MGR128,Office,0,27.0,7.0,3,22,0
EMP0836,Engineering,Manager,2020-02-03,2024-04-23,46,51,183515,1.0,MGR096,Hybrid,0,,6.0,2,13,1
EMP0837,Product,Mid,2020-06-19,,22,48,102370,4.0,MGR088,Office,0,20.0,6.0,0,30,0
EMP0838,Finance,Mid,2021-03-24,,27,38,76586,4.0,MGR132,Hybrid,0,20.0,6.0,2,2,0
EMP0839,Marketing,Senior,2020-01-13,,41,53,83710,4.0,MGR067,Remote,0,,8.0,0,21,0
EMP0840,Product,Junior,2020-10-18,,29,44,52991,3.0,MGR070,Office,1,31.0,8.0,0,34,0
EMP0841,Engineering,Junior,2021-07-08,,24,35,72099,5.0,MGR104,Office,0,10.0,,2,18,0
EMP0842,Engineering,Mid,2022-03-10,2022-12-05,36,9,79262,1.0,MGR029,Remote,1,24.0,9.0,2,28,1
EMP0843,Engineering,Senior,2021-05-26,2021-08-05,42,2,147664,3.0,MGR110,Office,0,,4.0,2,37,1
EMP0844,HR, Senior ,2022-07-07,,34,23,69484,5.0,MGR029,Office,0,15.0,7.0,1,2,0
EMP0845,Product,Senior,2023-12-05,2024-03-23,35,3,157088,1.0,MGR004,Remote,0,38.0,6.0,2,17,1
EMP0846,Engineering,Lead,2021-07-26,,31,34,137113,5.0,MGR092,Hybrid,0,29.0,8.0,0,3,0
EMP0847,Engineering,Mid,2020-12-31,,28,41,90051,5.0,MGR036,Hybrid,1,,7.0,1,20,0
EMP0848,Operations,Junior,2022-05-23,,23,24,55007,5.0,MGR137,Remote,0,10.0,3.0,3,32,0
EMP0849,OPERATIONS,Mid,2021-08-28,,31,33,85385,4.0,MGR050,Office,0,20.0,5.0,2,9,0
EMP0850,OPERATIONS,Junior,2022-05-03,,23,25,44166,4.0,MGR060,Remote,0,7.0,7.0,3,7,0
EMP0851,HR,Lead,06/13/2022,,35,23,92118,4.0,MGR035,Office,0,47.0,10.0,4,8,0
EMP0852,Marketing,Junior,2020-02-12,,22,52,49136,4.0,MGR089,Office,0,19.0,7.0,1,2,0
EMP0853,OPERATIONS,Manager,2022-07-03,,45,23,109167,1.0,MGR094,Hybrid,1,26.0,9.0,1,5,0
EMP0854,Engineering,Junior,2022-05-06,,27,25,72423,4.0,MGR107,Hybrid,0,43.0,5.0,3,8,0
EMP0855,Engineering,Mid,2023-05-15,,30,12,92620,3.0,MGR002,Office,0,18.0,7.0,3,4,0
EMP0856,ENGINEERING,Junior,2021-10-22,,26,31,68876,1.0,MGR102,Hybrid,1,45.0,,1,49,0
EMP0857,Operations,Senior,2022-03-08,,35,27,68177,4.0,MGR104,Office,0,42.0,10.0,1,2,0
EMP0858,Engineering,Manager,08/09/2023,,33,9,165433,2.0,MGR117,Hybrid,0,21.0,6.0,0,1,0
EMP0859,Engineering,Senior,2022-02-06,,36,28,149001,4.0,MGR110,Remote,1,22.0,7.0,1,8,0
EMP0860,Sales,Senior,2022-08-11,,40,22,84963,4.0,MGR035,Office,0,35.0,5.0,1,6,0
EMP0861,HR,Manager,2021-08-01,2023-03-22,26,19,117547,1.0,MGR054,Office,0,,10.0,2,2,1
EMP0862,ENGINEERING,Mid,2023-05-07,,29,13,92832,4.0,MGR066,Office,0,,6.0,1,12,0
EMP0863,Operations,Mid,2021-05-11,2023-03-06,28,22,72348,3.0,MGR037,Office,1,19.0,6.0,0,2,1
EMP0864,ENGINEERING,Senior,2021-12-20,,30,29,112964,4.0,MGR101,Hybrid,1,39.0,6.0,2,2,0
EMP0865,Sales,Mid,2022-09-16,,38,20,86758,4.0,MGR091,Office,1,19.0,5.0,2,3,0
EMP0866,Marketing,Senior,2022-08-15,,34,21,118535,3.0,MGR115,Office,0,23.0,7.0,0,1,0
EMP0867,Marketing,Junior,2021-06-30,,24,35,54013,4.0,MGR039,Office,0,35.0,6.0,2,1,0
EMP0868,Engineering,Junior,2020-12-09,,23,42,69198,3.0,MGR088,Hybrid,0,20.0,6.0,2,4,0
EMP0869,Finance,Manager,08/25/2022,,45,21,147555,3.0,MGR036,Office,0,32.0,10.0,0,5,0
EMP0870,Marketing,Mid,2023-03-02,,22,15,82583,4.0,MGR135,Remote,1,41.0,7.0,1,6,0
EMP0871,Marketing,Manager,2020-06-28,,43,47,164910,2.0,MGR078,Remote,0,4.0,2.0,2,6,0
EMP0872,ENGINEERING,Mid,2023-09-11,2024-01-30,26,4,107095,4.0,MGR102,Office,0,43.0,2.0,1,3,1
EMP0873,Sales,Junior,2021-05-11,,24,37,50718,4.0,MGR012,Office,0,15.0,7.0,1,16,0
EMP0874,Sales,Director,2023-08-08,2023-09-23,46,1,145804,4.0,MGR053,Hybrid,0,29.0,3.0,2,16,1
EMP0875,Engineering,Mid,2022-08-17,,22,21,115584,5.0,MGR124,Office,0,15.0,7.0,2,10,0
EMP0876,Engineering,Mid,2020-01-26,,28,52,81920,5.0,MGR032,Remote,1,44.0,4.0,3,4,0
EMP0877,Marketing,Senior,2022-10-28,,36,19,107303,2.0,MGR012,Remote,0,43.0,8.0,0,29,0
EMP0878,Marketing,Mid,2020-03-09,,32,51,72234,4.0,MGR023,Hybrid,1,18.0,6.0,3,10,0
EMP0879,FINANCE,Mid,2023-10-27,,26,7,58775,4.0,MGR003,Office,0,14.0,5.0,2,8,0
EMP0880,Marketing,Senior,2022-02-18,,38,27,109060,5.0,MGR007,Hybrid,1,38.0,8.0,2,1,0
EMP0880,Marketing,Senior,2022-02-18,,38,27,109060,5.0,MGR007,Hybrid,1,38.0,8.0,2,1,0
EMP0881,HR,Mid,2020-11-26,,27,42,65884,3.0,MGR089,Hybrid,0,16.0,5.0,3,1,0
EMP0882,Marketing,Mid,2022-03-28,,34,26,78362,5.0,MGR050,Office,0,34.0,9.0,2,11,0
EMP0883,Engineering,Mid,2020-10-08,,37,44,68224,5.0,MGR080,Hybrid,1,38.0,5.0,2,23,0
EMP0884,Sales,Mid,2022-08-05,,25,22,64922,4.0,MGR066,Remote,1,36.0,7.0,2,2,0
EMP0885,Engineering,Junior,2021-06-21,,22,35,61098,5.0,MGR126,Office,1,41.0,8.0,3,1,0
EMP0886,Sales,Senior,2022-10-12,,35,19,124782,4.0,MGR017,Office,0,8.0,9.0,3,1,0
EMP0887,Customer Success,Junior,2021-12-20,,22,29,55516,4.0,MGR128,Office,0,35.0,8.0,4,13,0
EMP0888,ENGINEERING,Junior,2023-06-08,2023-09-10,23,3,46246,4.0,MGR019,Hybrid,0,26.0,5.0,2,10,1
EMP0889,Operations,Junior,2023-03-01,,27,15,55315,5.0,MGR099,Office,1,14.0,7.0,2,22,0
EMP0890,HR,Senior,2021-02-15,2022-07-06,44,16,94077,3.0,MGR097,Hybrid,1,8.0,6.0,1,3,1
EMP0891,SALES,Senior,2023-05-01,,34,13,99630,3.0,MGR066,Hybrid,1,43.0,10.0,1,1,0
EMP0892,Operations,Junior,2020-05-22,,26,49,55637,4.0,MGR055,Hybrid,1,0.0,9.0,0,6,0
EMP0893,Marketing,Lead,2021-04-06,,41,38,123067,3.0,MGR109,Office,0,34.0,5.0,0,9,0
EMP0894,Sales,Lead,2023-12-21,2024-05-28,31,5,141451,4.0,MGR029,Office,0,5.0,6.0,0,30,1
EMP0895,Finance,Senior,2021-02-04,,34,40,97328,3.0,MGR123,Hybrid,1,25.0,7.0,3,15,0
EMP0896,Sales,Senior,2023-04-30,,39,13,109611,4.0,MGR117,Office,1,6.0,7.0,3,15,0
EMP0897,Engineering,Junior,2020-01-11,2022-08-14,26,31,73836,5.0,MGR089,Office,0,11.0,4.0,0,11,1
EMP0898,Customer Success,Senior,2023-04-28,2023-06-03,43,1,95948,4.0,MGR095,Remote,1,25.0,7.0,1,11,1
EMP0899,Engineering,Junior,2022-08-22,,31,21,61118,4.0,MGR027,Hybrid,1,17.0,9.0,2,25,0
EMP0900,Engineering,Senior,2020-11-23,,27,42,128147,,MGR063,Office,0,37.0,9.0,1,4,0
EMP0901,Sales,Mid,2022-01-11,,23,29,75321,4.0,MGR100,Hybrid,0,5.0,8.0,2,6,0
EMP0902,Engineering,Lead,2021-04-15,,40,38,127802,2.0,MGR019,Remote,0,30.0,6.0,0,13,0
EMP0903,PRODUCT,Junior,2022-01-12,,24,29,64748,3.0,MGR006,Remote,0,58.0,8.0,0,9,0
EMP0904,Engineering,Senior,2021-01-05,,27,41,105071,4.0,MGR052,Hybrid,0,22.0,8.0,0,45,0
EMP0905,HR,Mid,2022-02-25,,33,27,57220,5.0,MGR018,Remote,1,,10.0,1,10,0
EMP0906,ENGINEERING,Lead,2023-09-07,2023-12-20,49,3,158645,3.0,MGR072,Office,0,60.0,5.0,2,1,1
EMP0907,Sales,Mid,2023-06-11,2023-12-07,35,5,46141,2.0,MGR093,Hybrid,1,43.0,2.0,2,17,1
EMP0908,Engineering,Lead,2022-05-28,,42,24,185301,3.0,MGR112,Office,1,24.0,9.0,3,28,0
EMP0909,Customer Success,Junior,2023-12-12,,22,5,46138,4.0,MGR114,Remote,1,0.0,6.0,3,20,0
EMP0910,ENGINEERING,Senior,2020-02-24,2023-02-18,44,36,93008,4.0,MGR036,Office,0,24.0,8.0,0,6,1
EMP0911,Operations,Manager,2023-01-25,,38,16,132520,4.0,MGR093,Office,0,12.0,10.0,2,6,0
EMP0912,Engineering,Senior,2020-11-18,,41,43,134910,4.0,MGR002,Remote,0,27.0,8.0,3,3,0
EMP0913,Operations,Mid,2020-12-10,,29,42,40889,5.0,MGR004,Hybrid,0,34.0,8.0,0,2,0
EMP0914,Marketing,Mid,2020-07-04,,31,47,57867,4.0,MGR059,Office,0,0.0,8.0,3,1,0
EMP0915,Engineering,Mid,2020-04-01,,23,50,72753,,MGR073,Remote,1,43.0,7.0,1,25,0
EMP0916,Engineering,Junior,2023-10-10,,22,7,69311,4.0,MGR064,Remote,0,25.0,9.0,2,2,0
EMP0917,Marketing,Manager,2022-05-18,,48,24,207826,3.0,MGR065,Office,0,38.0,10.0,2,34,0
EMP0918,Engineering,Mid,2023-05-23,,34,12,111527,,MGR126,Remote,0,0.0,7.0,4,5,0
EMP0918,Engineering,Mid,2023-05-23,,34,12,111527,,MGR126,Remote,0,0.0,7.0,4,5,0
EMP0919,Marketing,Mid,2021-12-26,,33,29,70034,4.0,MGR096,Office,0,31.0,5.0,1,1,0
EMP0920,Finance,Junior,2022-12-24,,22,17,55337,3.0,MGR054,Office,0,50.0,5.0,0,30,0
EMP0921,Engineering,Junior,2023-01-18,,22,16,44297,4.0,MGR105,Office,1,5.0,7.0,2,1,0
EMP0922,Sales, Junior ,2022-11-11,,22,18,62373,4.0,MGR144,Office,0,49.0,9.0,0,10,0
EMP0923,HR,Junior,2021-01-10,,22,41,43910,5.0,MGR143,Office,0,,9.0,2,5,0
EMP0924,Engineering,Mid,2021-09-01,,36,33,83288,4.0,MGR129,Hybrid,0,34.0,6.0,2,3,0
EMP0925,HR,Junior,2021-09-28,,25,32,52341,4.0,MGR050,Office,0,22.0,10.0,0,5,0
EMP0926,Finance,Senior,2022-01-05,,37,29,99148,4.0,MGR091,Hybrid,0,23.0,10.0,0,2,0
EMP0927,Engineering,Junior,2021-05-11,,32,37,74098,4.0,MGR020,Office,1,,6.0,3,32,0
EMP0928,Engineering,Mid,09/21/2022,,33,20,93865,4.0,MGR119,Hybrid,0,15.0,8.0,0,74,0
EMP0929,HR,Manager,2020-10-15,2022-03-21,40,17,115624,2.0,MGR026,Office,1,47.0,4.0,0,31,1
EMP0930,Finance,Junior,2022-05-28,,23,24,64969,4.0,MGR042,Remote,0,11.0,8.0,0,9,0
EMP0931,Engineering,Senior,2020-12-22,,32,41,105506,4.0,MGR124,Remote,0,15.0,7.0,2,1,0
EMP0932,Engineering,Senior,2021-02-02,,30,40,135005,3.0,MGR130,Remote,0,34.0,8.0,0,18,0
EMP0933,Sales,Junior,2022-05-29,,32,24,67178,5.0,MGR136,Hybrid,0,18.0,6.0,1,4,0
EMP0934,Engineering,Junior,2021-01-07,,29,41,72292,2.0,MGR137,Remote,1,,10.0,2,4,0
EMP0935,ENGINEERING,Senior,2021-06-22,,128,35,132187,4.0,MGR146,Remote,0,50.0,3.0,0,16,0
EMP0936,Sales,Lead,2020-02-29,,29,51,144827,3.0,MGR126,Hybrid,1,,6.0,2,3,0
EMP0937,Engineering,Junior,2020-06-27,,23,47,60870,,MGR137,Hybrid,0,0.0,7.0,0,1,0
EMP0938,Sales,Senior,2020-09-01,,34,45,97014,3.0,MGR146,Hybrid,0,0.0,4.0,1,7,0
EMP0939,Engineering,Manager,2021-06-07,2021-09-29,41,3,193739,3.0,MGR041,Hybrid,0,27.0,3.0,2,4,1
EMP0940,Marketing,Senior,2022-04-10,,29,26,82379,4.0,MGR003,Hybrid,0,28.0,,1,4,0
EMP0941,Engineering,Senior,2021-03-03,,30,39,1355810,4.0,MGR002,Office,0,19.0,1.0,1,10,0
EMP0942,Engineering,Junior,2021-03-16,,30,39,65853,5.0,MGR125,Remote,0,0.0,7.0,1,2,0
EMP0943,Sales,Manager,2021-05-21,,46,36,139133,1.0,MGR078,Hybrid,0,28.0,6.0,0,4,0
EMP0944,Sales,Mid,2021-10-15,2021-12-15,31,2,81262,1.0,MGR109,Hybrid,0,16.0,4.0,3,25,1
EMP0945,CUSTOMER SUCCESS,Mid,2020-02-22,,24,52,94839,4.0,MGR085,Hybrid,0,22.0,5.0,0,16,0
EMP0946,Marketing,Mid,2020-06-12,2023-10-08,34,40,65807,1.0,MGR122,Remote,0,27.0,8.0,3,3,1
EMP0947,Engineering,Lead,2023-10-13,,35,7,1188440,5.0,MGR083,Remote,0,35.0,7.0,3,2,0
EMP0948,HR,Junior,2023-03-18,2023-06-14,22,2,45207,5.0,MGR067,Remote,0,34.0,6.0,3,58,1
EMP0949,Engineering,Senior,2021-01-24,2021-11-11,39,9,140522,3.0,MGR031,Hybrid,0,46.0,5.0,1,14,1
EMP0950,Marketing,Manager,2020-05-02,,43,49,168906,3.0,MGR144,Office,0,28.0,9.0,2,49,0
EMP0951,HR,Mid,2023-05-03,,37,13,74221,4.0,MGR061,Remote,1,,9.0,0,6,0
EMP0952,Engineering,Junior,2022-02-23,,27,27,70500,5.0,MGR036,Office,0,29.0,10.0,2,17,0
EMP0953,ENGINEERING,Lead,2022-02-23,,40,27,148204,4.0,MGR123,Office,0,19.0,6.0,2,9,0
EMP0954,Engineering,Senior,2022-01-20,,36,28,146891,4.0,MGR092,Office,0,48.0,9.0,0,30,0
EMP0955,Finance,Senior,2020-02-08,,38,52,134013,3.0,MGR117,Hybrid,1,10.0,6.0,3,4,0
EMP0956,Sales,Manager,2022-03-17,2023-01-14,45,10,191383,4.0,MGR144,Hybrid,0,18.0,5.0,2,2,1
EMP0957,Operations,Lead,2021-04-30,2022-09-02,40,16,125108,2.0,MGR132,Hybrid,0,,6.0,2,37,1
EMP0958,Marketing,Mid,2022-09-19,,34,20,74753,5.0,MGR015,Remote,1,18.0,7.0,1,13,0
EMP0959,Engineering,Manager,2021-09-28,2024-01-31,39,28,188073,4.0,MGR112,Office,1,24.0,1.0,4,20,1
EMP0960,Sales,Senior,2020-06-23,,30,47,114272,3.0,MGR036,Office,0,54.0,7.0,3,4,0
EMP0961,Product,Lead,2022-02-22,,31,27,138923,5.0,MGR004,Office,1,12.0,7.0,0,29,0
EMP0962,Customer Success,Lead,2021-05-29,,36,36,66032,4.0,MGR087,Office,0,18.0,8.0,1,10,0
EMP0963,Sales,Mid,2022-12-03,,39,18,73466,3.0,MGR078,Office,0,,10.0,0,8,0
EMP0964,Finance,Junior,2022-12-14,,27,17,54019,4.0,MGR037,Remote,0,32.0,7.0,2,3,0
EMP0965,FINANCE,Mid,2023-07-28,,33,10,74356,5.0,MGR100,Remote,0,52.0,6.0,2,1,0
EMP0966,Sales,Mid,06/10/2020,,31,48,90743,4.0,MGR036,Office,1,3.0,6.0,2,6,0
EMP0967,Finance,Senior,2023-06-14,,29,11,86020,4.0,MGR033,Office,0,36.0,3.0,1,12,0
EMP0968,Finance, Senior ,2021-04-23,,36,37,132690,2.0,MGR064,Remote,0,12.0,5.0,3,28,0
EMP0969,Engineering, Manager ,2021-11-20,,36,30,182672,4.0,MGR012,Office,0,35.0,6.0,2,15,0
EMP0970,Engineering,Manager,2022-06-17,,44,23,175419,5.0,MGR020,Hybrid,0,29.0,9.0,4,1,0
EMP0971,MARKETING,Manager,2020-08-16,,40,46,107240,3.0,MGR017,Remote,0,26.0,6.0,0,24,0
EMP0972,Operations,Junior,2023-04-09,,25,13,53389,,MGR005,Office,0,24.0,9.0,0,25,0
EMP0973,Operations,Senior,2023-10-15,,27,7,99284,4.0,MGR086,Remote,0,2.0,7.0,3,50,0
EMP0974,Operations,Junior,2021-05-15,,22,37,44513,4.0,MGR110,Remote,0,0.0,7.0,0,38,0
EMP0975,SALES,Senior,2022-05-25,,22,24,77747,5.0,MGR026,Remote,1,18.0,7.0,3,12,0
EMP0976,Customer Success,Mid,2023-04-13,,41,13,80104,4.0,MGR047,Office,0,13.0,7.0,1,23,0
EMP0977,Sales,Senior,2022-07-18,,36,22,105413,5.0,MGR057,Hybrid,1,46.0,7.0,0,21,0
EMP0978,Sales,Mid,2022-07-24,,23,-22,90098,3.0,MGR087,Hybrid,0,39.0,7.0,3,5,0
EMP0979,Engineering,Mid,2022-02-23,,24,27,80381,4.0,MGR141,Hybrid,0,0.0,8.0,1,4,0
EMP0980,HR, Junior ,2023-04-23,,26,13,44738,4.0,MGR101,Hybrid,0,61.0,9.0,3,54,0
EMP0981,Engineering,Junior,2021-04-07,,22,38,65162,4.0,MGR110,Remote,0,4.0,5.0,0,15,0
EMP0982,Finance,Mid,2020-12-09,,24,42,85007,4.0,MGR148,Hybrid,0,28.0,8.0,2,10,0
EMP0983,Engineering,Mid,2023-09-11,2023-10-26,22,1,90179,2.0,MGR106,Remote,0,0.0,8.0,3,6,1
EMP0984,Engineering,Mid,2020-10-26,2023-12-17,28,38,71135,2.0,MGR024,Hybrid,0,38.0,3.0,1,4,1
EMP0985,Engineering,Senior,2020-10-19,2023-09-28,39,35,107443,2.0,MGR025,Office,1,19.0,7.0,0,8,1
EMP0986,HR,Senior,2020-02-21,2020-10-11,39,7,114380,4.0,MGR017,Hybrid,0,21.0,7.0,2,1,1
EMP0987,Finance,Junior,2023-12-27,,22,5,53517,5.0,MGR107,Hybrid,0,43.0,6.0,0,10,0
EMP0988,Finance,Lead,2022-03-08,2024-02-13,35,23,110527,2.0,MGR019,Office,0,24.0,7.0,0,51,1
EMP0989,SALES,Senior,2022-04-19,2023-11-17,35,19,110294,1.0,MGR148,Hybrid,0,7.0,7.0,4,3,1
EMP0990,FINANCE,Director,2022-01-17,,50,28,189224,3.0,MGR086,Remote,0,38.0,8.0,0,37,0
EMP0991,Sales,Mid,10/06/2022,2023-04-29,34,6,56628,4.0,MGR017,Hybrid,0,60.0,3.0,3,11,1
EMP0992,ENGINEERING,Manager,2022-09-01,,38,21,165481,4.0,MGR071,Remote,0,16.0,4.0,2,3,0
EMP0993,Finance,Manager,2021-01-23,,36,40,135231,4.0,MGR084,Office,0,27.0,10.0,0,75,0
EMP0994,Marketing,Senior,2021-06-17,,39,36,90479,3.0,MGR009,Office,0,56.0,8.0,2,3,0
EMP0995,ENGINEERING,Senior,2022-07-18,2023-05-22,30,10,141592,4.0,MGR035,Office,0,16.0,3.0,0,12,1
EMP0996,Marketing,Senior,2023-01-18,2023-09-20,36,8,112319,3.0,MGR116,Remote,1,30.0,7.0,0,9,1
EMP0997,Engineering,Lead,2020-07-22,,46,47,141820,5.0,MGR107,Hybrid,0,10.0,5.0,3,6,0
EMP0998,Sales,Lead,2020-06-06,2023-01-07,37,31,116451,4.0,MGR066,Hybrid,0,36.0,8.0,0,3,1
EMP0999,Marketing,Director,04/14/2022,,46,25,191592,4.0,MGR041,Office,1,5.0,8.0,1,1,0
EMP1000,Sales,Manager,2023-08-08,,46,9,161949,4.0,MGR149,Hybrid,0,34.0,7.0,0,23,0
EMP1001,Marketing,Junior,2020-02-03,2023-07-26,25,42,48684,4.0,MGR120,Office,0,27.0,7.0,0,10,1
EMP1002,CUSTOMER SUCCESS,Lead,2020-01-25,,37,52,153420,4.0,MGR037,Remote,0,25.0,9.0,1,5,0
EMP1003,ENGINEERING,Mid,2020-05-18,,32,49,76587,4.0,MGR084,Office,0,,6.0,0,9,0
EMP1004,Engineering,Mid,05/27/2023,,31,12,80378,3.0,MGR130,Office,0,5.0,5.0,0,4,0
EMP1004,Engineering,Mid,2023-05-27,,31,12,80378,3.0,MGR130,Office,0,5.0,5.0,0,4,0
EMP1005,HR,Senior,2023-06-23,2024-03-20,35,9,78300,4.0,MGR133,Office,0,31.0,4.0,3,4,1
EMP1006,HR,Lead,2020-12-08,,39,42,106296,3.0,MGR064,Office,0,16.0,6.0,2,13,0
EMP1007,Finance,Junior,2021-12-14,,22,30,53004,3.0,MGR022,Hybrid,0,14.0,7.0,0,18,0
EMP1008,Product,Manager,2023-10-13,,147,7,203391,4.0,MGR063,Hybrid,0,48.0,6.0,1,22,0
EMP1009,HR,Manager,2022-12-15,,47,17,147894,4.0,MGR022,Office,0,0.0,6.0,3,6,0
EMP1010,Engineering, Mid ,2023-06-09,2023-11-16,22,5,81316,3.0,MGR065,Office,0,,8.0,3,4,1
EMP1011,Operations,Mid,2022-07-24,2022-11-05,30,3,54123,2.0,MGR015,Remote,0,24.0,7.0,2,9,1
EMP1012,Finance,Junior,2021-04-19,,22,37,56565,3.0,MGR144,Remote,0,15.0,8.0,0,3,0
EMP1013,Engineering,Mid,09/21/2021,,26,32,86960,3.0,MGR082,Hybrid,0,25.0,7.0,0,5,0
EMP1014,Marketing,Lead,2022-08-25,,33,21,141442,4.0,MGR023,Office,0,41.0,7.0,2,40,0
EMP1015,HR,Junior,2020-11-23,2021-02-17,30,2,39644,3.0,MGR032,Office,0,33.0,10.0,2,2,1
EMP1016,OPERATIONS,Mid,2021-10-10,2022-07-15,30,9,82995,4.0,MGR119,Remote,0,16.0,4.0,1,10,1
EMP1017,Engineering,Senior,2020-10-06,,26,44,107029,4.0,MGR104,Hybrid,0,13.0,9.0,1,6,0
EMP1018,Engineering,Lead,2021-12-22,,34,29,143670,3.0,MGR008,Hybrid,0,21.0,9.0,0,17,0
EMP1019,Sales,Lead,2021-08-05,2022-08-10,38,12,128527,3.0,MGR011,Remote,0,32.0,2.0,2,27,1
EMP1020,HR,Junior,2020-05-20,,24,49,39502,,MGR013,Office,0,30.0,7.0,2,51,0
EMP1021,Engineering,Mid,2021-11-10,,38,31,99092,4.0,MGR099,Remote,0,36.0,7.0,0,33,0
EMP1022,OPERATIONS,Senior,2021-04-10,,38,38,82312,2.0,MGR019,Office,1,11.0,7.0,0,1,0
EMP1023,Engineering,Senior,2020-06-22,,38,48,130788,4.0,MGR110,Remote,1,48.0,8.0,3,7,0
EMP1024,Operations,Junior,2023-05-11,,32,12,59947,,MGR130,Office,1,16.0,9.0,1,4,0
EMP1025,Marketing,Senior,2021-05-06,2023-12-06,34,31,115555,4.0,MGR120,Office,0,50.0,3.0,3,4,1
EMP1026,Operations, Mid ,2023-03-20,2023-12-20,29,9,76307,5.0,MGR013,Remote,0,25.0,6.0,1,4,1
EMP1027,Sales,Senior,2020-06-29,,39,47,115102,5.0,MGR046,Remote,0,20.0,5.0,1,89,0
EMP1028,Sales, Lead ,2021-03-26,,32,38,130567,4.0,MGR039,Hybrid,1,13.0,5.0,3,3,0
EMP1028,Sales, Lead ,03/26/2021,,32,38,130567,4.0,MGR039,Hybrid,1,13.0,5.0,3,3,0
EMP1029,Engineering,Senior,2023-02-17,2024-04-10,45,13,121651,2.0,MGR011,Office,0,19.0,4.0,0,24,1
EMP1030,Engineering,Junior,2023-06-15,,22,11,76146,,MGR143,Hybrid,1,50.0,9.0,2,8,0
EMP1031,Finance,Manager,2022-05-19,,38,24,151708,5.0,MGR075,Hybrid,0,22.0,7.0,0,9,0
EMP1032,Engineering,Senior,2020-08-28,,34,45,133879,4.0,MGR017,Remote,1,47.0,10.0,0,2,0
EMP1033,Finance,Mid,2022-04-05,,27,26,73930,3.0,MGR003,Hybrid,0,30.0,6.0,1,18,0
EMP1034,Sales,Mid,2020-12-29,2024-01-22,34,37,74212,4.0,MGR028,Hybrid,0,20.0,7.0,3,2,1
EMP1035,Operations,Senior,2023-03-08,,29,15,97823,3.0,MGR123,Office,0,0.0,5.0,0,16,0
EMP1036,Engineering,Lead,2020-07-17,,37,47,169562,3.0,MGR091,Office,0,11.0,9.0,1,15,0
EMP1037,Customer Success,Mid,2020-02-19,,26,52,79297,4.0,MGR083,Hybrid,1,0.0,9.0,0,20,0
EMP1038,Engineering,Senior,2021-10-04,,26,32,123265,4.0,MGR059,Remote,0,28.0,9.0,3,4,0
EMP1039,Finance,Mid,2022-12-08,,30,18,77735,4.0,MGR137,Office,0,34.0,4.0,0,9,0
EMP1040,Sales,Manager,2023-07-27,,48,10,140364,2.0,MGR105,Office,1,16.0,5.0,1,15,0
EMP1041,Marketing,Senior,2021-03-07,,37,39,99034,3.0,MGR081,Remote,1,29.0,5.0,2,11,0
EMP1042,HR,Senior,2021-05-23,,34,36,81334,5.0,MGR069,Remote,0,35.0,10.0,2,7,0
EMP1043,Operations,Lead,2021-07-17,,38,35,112289,2.0,MGR020,Remote,0,46.0,5.0,4,8,0
EMP1044,Customer Success,Junior,2022-05-22,,26,24,54583,4.0,MGR033,Office,0,8.0,4.0,1,6,0
EMP1045,Engineering,Mid,2021-05-03,,27,37,100023,3.0,MGR081,Remote,0,19.0,7.0,0,10,0
EMP1046,Engineering,Junior,2023-02-02,,32,16,68096,5.0,MGR086,Hybrid,0,,7.0,4,14,0
EMP1047,SALES,Mid,2020-03-21,,31,51,74179,4.0,MGR023,Remote,0,58.0,7.0,1,1,0
EMP1048,Marketing, Lead ,2021-07-18,,44,34,119195,5.0,MGR118,Remote,1,19.0,4.0,2,5,0
EMP1049,Engineering,Lead,2023-06-16,,43,11,163976,4.0,MGR144,Hybrid,0,45.0,5.0,1,19,0
EMP1050,HR,Mid,2023-12-23,,26,5,77081,4.0,MGR037,Hybrid,0,14.0,10.0,0,10,0
EMP1051,Engineering,Junior,2021-07-10,,25,35,64822,,MGR011,Hybrid,1,7.0,5.0,1,10,0
EMP1052,Engineering,Lead,2023-02-13,,36,15,186001,4.0,MGR131,Office,1,16.0,10.0,4,16,0
EMP1053,Customer Success,Senior,2020-05-06,,35,49,108330,2.0,MGR101,Remote,0,0.0,7.0,3,1,0
EMP1054,Engineering,Junior,08/09/2023,,22,9,53915,4.0,MGR122,Hybrid,0,36.0,7.0,3,6,0
EMP1055,Engineering,Junior,2021-12-01,,27,30,60410,3.0,MGR005,Hybrid,1,22.0,7.0,0,24,0
EMP1056,Finance,Mid,2022-05-30,,26,24,88453,3.0,MGR021,Office,0,34.0,8.0,2,10,0
EMP1057,Engineering,Junior,2021-06-30,2024-03-13,22,32,48237,4.0,MGR031,Office,0,34.0,5.0,2,13,1
EMP1058,Engineering,Junior,2021-05-27,,22,36,54485,4.0,MGR076,Remote,0,32.0,5.0,1,28,0
EMP1059,HR,Mid,07/07/2020,2022-01-03,23,18,556860,4.0,MGR104,Office,0,42.0,6.0,2,5,1
EMP1060,Engineering,Manager,2023-05-24,,39,12,254297,4.0,MGR045,Remote,0,,10.0,0,3,0
EMP1061,SALES,Senior,2020-07-12,2021-07-12,33,12,100702,4.0,MGR026,Office,0,50.0,7.0,0,5,1
EMP1062,Operations,Lead,2022-01-15,,41,28,112647,3.0,MGR054,Remote,0,32.0,5.0,2,9,0
EMP1063,Engineering,Director,2023-11-07,,38,6,209033,3.0,MGR149,Office,0,37.0,5.0,1,4,0
EMP1064,SALES,Mid,2023-09-23,,36,8,85362,3.0,MGR060,Hybrid,1,43.0,6.0,2,8,0
EMP1065,FINANCE,Mid,2021-01-22,,28,40,61423,3.0,MGR144,Remote,0,34.0,4.0,0,49,0
EMP1066,Customer Success,Mid,2021-01-04,2023-08-21,30,31,65311,4.0,MGR100,Remote,0,21.0,4.0,1,10,1
EMP1067,HR,Junior,2021-08-08,2021-10-01,34,1,44530,4.0,MGR011,Remote,1,24.0,3.0,2,1,1
EMP1068,Engineering,Mid,2022-12-01,,25,18,94225,4.0,MGR141,Hybrid,1,29.0,7.0,3,4,0
EMP1069,ENGINEERING,Senior,2020-09-22,,33,44,93262,5.0,MGR022,Office,0,22.0,9.0,0,1,0
EMP1070,Engineering, Mid ,2021-03-06,,33,39,83434,3.0,MGR052,Remote,1,30.0,7.0,2,36,0
EMP1071,Engineering,Junior,2021-09-20,2021-11-15,22,1,60612,3.0,MGR114,Hybrid,0,45.0,5.0,3,45,1
EMP1072,Engineering,Junior,2020-01-27,2021-02-16,26,12,43980,4.0,MGR119,Hybrid,0,28.0,3.0,3,55,1
EMP1073,Sales,Junior,2022-07-12,,25,23,53778,4.0,MGR092,Hybrid,0,12.0,7.0,0,11,0
EMP1074,Customer Success,Senior,2023-08-04,2023-11-09,36,3,106020,4.0,MGR091,Remote,1,18.0,6.0,1,10,1
EMP1075,HR,Mid,2021-11-25,,32,30,40865,4.0,MGR146,Office,0,21.0,5.0,0,10,0
EMP1076,HR,Senior,2021-08-31,,39,33,80485,,MGR103,Office,0,18.0,10.0,2,24,0
EMP1077,Engineering,Senior,2023-02-22,,42,15,86406,,MGR078,Remote,0,30.0,7.0,2,24,0
EMP1078,Sales,Senior,2021-04-19,2023-03-31,43,23,77214,3.0,MGR087,Office,0,,8.0,1,8,1
EMP1079,Customer Success,Senior,2020-12-20,,42,41,110045,3.0,MGR122,Office,1,34.0,7.0,1,37,0
EMP1080,Sales,Mid,2020-12-08,,33,42,71561,4.0,MGR131,Remote,0,33.0,5.0,2,4,0
EMP1081,Engineering,Mid,2021-08-01,,40,34,59752,4.0,MGR082,Office,0,27.0,2.0,0,8,0
EMP1082,Finance,Junior,2022-06-17,2023-05-23,29,11,42642,4.0,MGR003,Office,1,16.0,3.0,2,1,1
EMP1083,Engineering,Junior,2021-05-27,2022-01-11,22,7,85803,3.0,MGR131,Hybrid,1,34.0,4.0,3,4,1
EMP1084,Finance,Mid,2020-05-16,,31,49,94949,4.0,MGR004,Remote,0,16.0,9.0,0,34,0
EMP1085,Sales,Senior,2023-04-12,,43,13,97470,4.0,MGR043,Remote,0,16.0,10.0,3,1,0
EMP1086,Engineering,Senior,2021-08-01,,41,34,112510,4.0,MGR087,Remote,1,21.0,10.0,0,1,0
EMP1087,Sales,Manager,2023-12-10,2024-01-15,47,1,142086,5.0,MGR094,Remote,0,24.0,9.0,1,16,1
EMP1088,Finance,Mid,2023-02-15,2024-04-20,32,14,96443,5.0,MGR116,Remote,0,10.0,4.0,2,8,1
EMP1089,Operations, Junior ,01/29/2023,2024-03-29,22,14,36693,4.0,MGR018,Remote,1,6.0,6.0,4,5,1
EMP1090,Marketing,Manager,2022-06-14,,44,23,158619,4.0,MGR095,Office,0,17.0,3.0,0,6,0
EMP1091,Sales,Junior,2023-01-18,2023-03-17,25,1,65273,5.0,MGR110,Office,0,34.0,4.0,0,9,1
EMP1092,Finance,Junior,2021-05-26,,23,36,50860,4.0,MGR014,Office,0,13.0,9.0,0,73,0
EMP1093,HR,Mid,2023-12-08,2024-03-09,30,3,66322,5.0,MGR077,Hybrid,1,46.0,7.0,3,1,1
EMP1094,Finance,Mid,2022-11-27,,28,18,95882,4.0,MGR111,Office,0,0.0,5.0,0,17,0
EMP1095,Marketing, Mid ,2020-04-29,2024-03-19,34,47,84652,4.0,MGR118,Remote,0,22.0,6.0,3,11,1
EMP1096,Engineering, Mid ,2023-03-09,,29,15,76326,4.0,MGR088,Remote,0,24.0,10.0,2,5,0
EMP1097,Marketing,Mid,2023-04-17,,29,13,669840,3.0,MGR032,Office,1,14.0,5.0,1,18,0
EMP1098,Engineering,Senior,2020-02-27,,29,51,133029,3.0,MGR037,Hybrid,0,18.0,7.0,0,1,0
EMP1099,Engineering,Manager,2021-02-26,,42,39,212769,5.0,MGR010,Hybrid,0,0.0,6.0,2,1,0
EMP1100,Sales,Senior,2022-08-16,,34,21,106102,3.0,MGR130,Hybrid,0,10.0,6.0,1,17,0
EMP1101,ENGINEERING,Junior,11/03/2021,,27,31,61402,4.0,MGR073,Remote,0,43.0,7.0,4,6,0
EMP1102,Engineering,Lead,2020-02-08,,35,52,136149,3.0,MGR070,Office,0,,9.0,2,24,0
EMP1103,Sales,Junior,2023-04-23,,28,13,50689,4.0,MGR012,Hybrid,0,,4.0,1,12,0
EMP1104,Product,Mid,2020-01-06,,24,53,95183,4.0,MGR147,Office,1,26.0,6.0,2,3,0
EMP1105,Engineering,Senior,2023-11-07,2024-01-12,30,2,140076,3.0,MGR030,Hybrid,0,26.0,10.0,1,47,1
EMP1105,Engineering,Senior,2023-11-07,2024-01-12,30,2,140076,3.0,MGR030,Hybrid,0,26.0,10.0,1,47,1
EMP1106,HR,Mid,2020-08-05,2022-04-30,23,21,77358,2.0,MGR036,Remote,1,35.0,6.0,2,3,1
EMP1107,MARKETING,Mid,2023-02-17,,32,15,86832,4.0,MGR006,Remote,0,33.0,6.0,3,37,0
EMP1108,Customer Success,Junior,2022-07-01,,28,23,53132,4.0,MGR025,Remote,0,26.0,8.0,0,1,0
EMP1109,Engineering,Senior,2021-04-29,,37,37,127108,4.0,MGR123,Remote,1,20.0,7.0,2,14,0
EMP1110,Sales,Junior,2021-05-30,,22,36,53913,3.0,MGR124,Office,1,16.0,5.0,3,1,0
EMP1111,Sales,Director,2023-10-16,,51,7,191508,5.0,MGR074,Office,0,17.0,10.0,1,6,0
EMP1112,MARKETING,Mid,2022-01-22,,35,28,63809,5.0,MGR148,Remote,0,37.0,7.0,3,14,0
EMP1113,Operations,Junior,2021-09-25,,35,32,53751,5.0,MGR089,Office,1,0.0,6.0,3,40,0
EMP1114,Marketing,Senior,2022-12-02,,35,18,76980,5.0,MGR079,Office,0,35.0,8.0,0,5,0
EMP1115,Sales,Senior,2020-09-05,2024-03-08,30,42,118681,5.0,MGR072,Remote,0,29.0,7.0,3,12,1
EMP1116,HR,Senior,2021-01-06,2023-01-03,37,24,71795,4.0,MGR095,Remote,1,25.0,5.0,4,3,1
EMP1117,Engineering,Senior,2022-09-23,,37,20,153537,1.0,MGR087,Remote,0,29.0,8.0,1,10,0
EMP1118,SALES,Senior,2021-06-24,,31,35,128307,4.0,MGR100,Remote,0,21.0,7.0,0,7,0
EMP1119,Engineering,Senior,2023-03-15,2024-04-19,40,13,102866,3.0,MGR099,Office,1,,5.0,1,2,1
EMP1120,Sales,Senior,2023-05-21,2023-10-14,143,4,109128,3.0,MGR002,Office,0,37.0,7.0,1,9,1
EMP1121,Finance,Mid,2021-04-01,2023-08-06,33,28,70329,3.0,MGR096,Hybrid,0,42.0,1.0,0,4,1
EMP1122,Engineering,Mid,2021-10-28,2023-06-17,31,19,85577,2.0,MGR100,Office,0,22.0,3.0,1,1,1
EMP1123,Marketing,Mid,2021-09-18,2024-02-20,25,29,75519,3.0,MGR127,Office,0,35.0,8.0,3,11,1
EMP1124,Engineering, Senior ,2022-02-02,,36,28,141264,5.0,MGR131,Hybrid,0,4.0,8.0,3,21,0
EMP1125,Sales,Mid,2023-04-01,,39,14,75178,5.0,MGR058,Hybrid,1,12.0,7.0,4,6,0
EMP1126,Sales, Junior ,2020-08-22,,25,45,52927,4.0,MGR109,Office,0,26.0,5.0,1,39,0
EMP1127,Engineering,Mid,2022-12-01,2023-12-18,32,12,99457,1.0,MGR117,Hybrid,0,14.0,6.0,2,9,1
EMP1128,HR,Manager,2021-07-08,,37,35,117883,1.0,MGR086,Office,1,18.0,8.0,0,8,0
EMP1129,Operations,Mid,2022-04-13,,27,26,74556,1.0,MGR141,Office,0,9.0,10.0,1,9,0
EMP1130,Engineering,Lead,2021-08-15,2022-09-16,41,13,137331,4.0,MGR118,Hybrid,0,17.0,2.0,3,8,1
EMP1131,Engineering,Mid,2022-01-03,,35,29,86954,2.0,MGR009,Hybrid,0,6.0,7.0,1,1,0
EMP1132,Marketing,Junior,2021-06-23,,27,35,52398,4.0,MGR006,Remote,0,22.0,6.0,1,10,0
EMP1133,Engineering,Lead,2022-12-29,2023-09-10,35,8,115376,3.0,MGR146,Remote,0,15.0,2.0,0,4,1
EMP1134,Engineering,Junior,2023-05-22,2023-09-23,22,4,65569,4.0,MGR147,Remote,0,26.0,2.0,0,15,1
EMP1135,Finance,Senior,2022-10-22,,33,19,73941,1.0,MGR085,Remote,0,14.0,8.0,0,1,0
EMP1136,Marketing,Mid,2023-12-05,,33,5,65757,4.0,MGR083,Remote,0,0.0,6.0,2,6,0
EMP1137,Engineering, Mid ,2021-06-24,,25,35,119918,4.0,MGR141,Hybrid,0,0.0,7.0,1,1,0
EMP1138,Engineering, Junior ,2020-08-18,,22,46,58711,3.0,MGR061,Remote,1,44.0,7.0,0,3,0
EMP1139,Sales,Senior,2022-08-14,,32,21,134115,5.0,MGR010,Office,0,22.0,6.0,1,23,0
EMP1140,Finance,Mid,2023-05-24,,31,12,94831,4.0,MGR032,Hybrid,0,21.0,6.0,2,22,0
EMP1140,Finance,Mid,2023-05-24,,31,12,94831,4.0,MGR032,Hybrid,0,21.0,6.0,2,22,0
EMP1141,Engineering,Junior,2022-01-05,2022-03-25,26,2,72366,3.0,MGR019,Office,0,36.0,1.0,1,28,1
EMP1142,Finance,Mid,2023-11-29,2024-03-14,30,3,54901,4.0,MGR033,Office,1,41.0,1.0,3,2,1
EMP1143,Marketing,Junior,2023-01-29,,127,16,54022,,MGR030,Office,0,43.0,5.0,2,17,0
EMP1144,Operations,Lead,2020-08-31,2021-11-04,35,14,146991,1.0,MGR111,Hybrid,1,,10.0,3,3,1
EMP1145,Operations,Mid,2020-12-23,,30,41,58255,4.0,MGR146,Hybrid,1,12.0,9.0,0,7,0
EMP1146,Engineering,Mid,2022-05-07,2023-07-28,26,14,86611,4.0,MGR022,Remote,0,19.0,1.0,4,24,1
EMP1147,Sales,Senior,2021-07-20,,26,34,113686,3.0,MGR001,Hybrid,0,50.0,1.0,3,7,0
EMP1148,Finance,Senior,2022-03-08,,36,27,83445,4.0,MGR046,Hybrid,1,23.0,10.0,0,1,0
EMP1149,FINANCE,Mid,2022-10-21,,25,19,73280,4.0,MGR053,Office,1,38.0,8.0,3,56,0
EMP1150,Marketing,Senior,08/14/2023,2023-09-25,32,1,76741,3.0,MGR068,Office,0,8.0,5.0,0,13,1
EMP1151,Engineering,Mid,2021-06-28,,31,35,104027,1.0,MGR016,Office,1,9.0,10.0,0,27,0
EMP1152,Engineering,Junior,2020-11-03,2023-03-02,22,28,53318,4.0,MGR087,Remote,0,0.0,3.0,1,27,1
EMP1153,HR,Senior,2020-04-29,2023-08-05,33,39,64212,3.0,MGR138,Hybrid,0,42.0,8.0,2,4,1
EMP1154,Sales,Junior,06/25/2021,,23,35,50789,4.0,MGR106,Office,0,10.0,6.0,4,6,0
EMP1155,Operations,Senior,09/30/2021,,27,32,82025,5.0,MGR090,Office,0,22.0,2.0,0,33,0
EMP1156,Customer Success,Mid,2023-12-05,2024-02-10,33,2,61654,4.0,MGR035,Office,1,19.0,7.0,1,11,1
EMP1157,Engineering,Senior,2020-05-14,,27,49,118753,3.0,MGR144,Hybrid,0,19.0,7.0,3,13,0
EMP1158,Sales,Mid,2020-10-09,2022-02-10,27,16,75788,3.0,MGR081,Hybrid,0,15.0,10.0,0,4,1
EMP1159,Finance,Junior,2021-02-23,,22,39,60386,4.0,MGR063,Office,0,21.0,6.0,1,1,0
EMP1160,Marketing,Senior,2022-06-25,,37,23,105056,4.0,MGR139,Hybrid,1,30.0,8.0,0,28,0
EMP1161,Sales,Senior,2020-03-22,,35,51,110351,3.0,MGR007,Office,0,13.0,9.0,3,15,0
EMP1162,FINANCE,Senior,2022-11-15,,37,18,95950,4.0,MGR024,Hybrid,1,25.0,6.0,1,2,0
EMP1163,Operations,Manager,2020-07-25,,31,46,158280,4.0,MGR034,Office,0,68.0,9.0,2,48,0
EMP1164,Sales,Junior,2022-09-16,,33,20,53694,4.0,MGR010,Office,1,34.0,6.0,2,4,0
EMP1165,HR,Mid,2023-03-02,,24,15,73144,5.0,MGR138,Office,0,9.0,5.0,1,38,0
EMP1166,Engineering,Senior,08/23/2023,,37,9,89736,4.0,MGR114,Office,0,11.0,6.0,0,1,0
EMP1167,Engineering,Mid,2021-09-29,,31,32,80226,4.0,MGR036,Hybrid,0,44.0,8.0,0,11,0
EMP1168,Marketing,Mid,2023-08-29,,28,9,73062,2.0,MGR100,Office,0,12.0,6.0,2,27,0
EMP1169,Engineering,Manager,2021-10-14,2022-11-26,40,13,183906,2.0,MGR041,Hybrid,0,,7.0,2,11,1
EMP1170,Sales,Manager,2023-11-07,2024-01-15,36,2,133933,2.0,MGR009,Remote,0,21.0,5.0,1,3,1
EMP1171,Engineering,Junior,2022-06-22,2023-10-02,28,15,56996,2.0,MGR021,Remote,0,43.0,10.0,4,15,1
EMP1172,Engineering,Senior,2020-08-17,2023-03-29,30,31,113656,1.0,MGR034,Office,0,61.0,5.0,0,105,1
EMP1173,Finance,Junior,2020-12-03,2022-07-29,22,20,45987,3.0,MGR089,Remote,0,23.0,7.0,2,11,1
EMP1174,Marketing,Junior,2022-04-12,2022-08-07,27,3,59439,2.0,MGR145,Office,0,25.0,7.0,0,13,1
EMP1175,Marketing,Junior,05/27/2022,2023-07-11,22,13,40913,4.0,MGR101,Hybrid,0,25.0,7.0,3,5,1
EMP1176,HR,Senior,2020-06-28,,38,47,81389,1.0,MGR073,Office,0,45.0,7.0,3,21,0
EMP1177,Sales,Mid,2020-01-30,,30,52,67867,4.0,MGR042,Remote,0,49.0,7.0,1,13,0
EMP1178,Sales, Senior ,2023-07-19,,34,10,104257,3.0,MGR148,Remote,1,21.0,8.0,3,1,0
EMP1179,Sales,Senior,2023-12-21,2024-05-24,38,5,82483,4.0,MGR014,Office,1,22.0,5.0,3,18,1
EMP1180,Finance,Senior,2020-03-29,,30,50,143862,5.0,MGR072,Office,1,24.0,9.0,0,19,0
EMP1181,Engineering, Director ,2021-10-08,,41,32,270030,4.0,MGR032,Remote,1,24.0,4.0,0,2,0
EMP1182,Marketing,Mid,2023-12-30,,41,5,83487,5.0,MGR005,Office,1,39.0,6.0,1,2,0
EMP1183,Engineering,Mid,2021-05-28,,38,36,98566,5.0,MGR127,Remote,0,30.0,8.0,2,14,0
EMP1184,Marketing, Junior ,2023-04-02,,26,14,55113,5.0,MGR064,Remote,0,52.0,9.0,2,15,0
EMP1185,Finance,Mid,2020-12-26,,25,41,82235,5.0,MGR098,Office,0,8.0,7.0,2,21,0
EMP1186,Marketing,Senior,2022-06-23,,42,23,94576,2.0,MGR013,Office,1,,5.0,3,8,0
EMP1187,MARKETING,Senior,2021-04-01,2021-11-18,33,7,71659,2.0,MGR106,Office,1,40.0,10.0,0,9,1
EMP1188,Engineering,Senior,2022-10-05,,34,20,127851,3.0,MGR040,Office,0,10.0,4.0,4,2,0
EMP1189,Finance,Junior,2023-01-24,,27,16,56883,5.0,MGR132,Hybrid,0,21.0,8.0,1,19,0
EMP1190,Engineering,Junior,2023-01-29,,22,16,60401,4.0,MGR056,Office,0,28.0,8.0,2,2,0
EMP1191,Operations,Junior,2020-05-24,2022-03-08,29,21,64373,3.0,MGR105,Hybrid,0,19.0,3.0,0,22,1
EMP1192,Finance,Junior,2020-02-04,,25,52,56708,4.0,MGR037,Hybrid,0,27.0,8.0,1,25,0
EMP1193,Sales,Lead,2023-08-18,2024-05-11,38,-8,124409,1.0,MGR057,Hybrid,0,23.0,9.0,0,4,1
EMP1194,Customer Success,Mid,2022-06-05,,36,24,70084,4.0,MGR006,Office,0,45.0,4.0,3,11,0
EMP1195,Finance, Director ,2022-12-22,,53,17,228771,5.0,MGR054,Hybrid,0,23.0,,0,28,0
EMP1196,Engineering,Mid,2020-12-10,2024-04-04,29,40,91523,3.0,MGR112,Hybrid,0,34.0,6.0,1,21,1
EMP1197,HR,Manager,2023-03-27,2023-07-25,45,4,128976,5.0,MGR011,Office,0,48.0,4.0,1,8,1
EMP1198,Sales,Senior,2022-03-14,,29,27,90721,1.0,MGR092,Hybrid,0,4.0,9.0,2,6,0
EMP1199,HR,Senior,2021-07-19,2022-04-17,33,9,103004,4.0,MGR032,Office,0,10.0,5.0,0,29,1
EMP1200,Finance,Senior,2022-08-28,,36,21,106403,4.0,MGR032,Hybrid,0,32.0,3.0,3,59,0
EMP1201,Engineering,Manager,2020-02-22,,47,52,174379,5.0,MGR092,Hybrid,0,18.0,8.0,0,9,0
EMP1202,Operations,Senior,2021-02-24,,30,39,79365,3.0,MGR042,Remote,0,13.0,7.0,4,15,0
EMP1203,Operations,Manager,2022-06-08,,143,24,125171,3.0,MGR051,Remote,1,6.0,10.0,0,8,0
EMP1204,Marketing,Mid,2022-06-11,,30,24,70773,3.0,MGR099,Remote,1,13.0,5.0,1,44,0
EMP1205,HR,Mid,2020-03-18,2020-11-11,26,7,53249,5.0,MGR105,Remote,0,46.0,4.0,3,16,1
EMP1206,Sales,Lead,2021-10-15,2022-02-25,37,4,123881,2.0,MGR036,Office,1,,6.0,1,4,1
EMP1207,HR,Senior,2021-07-29,,34,34,83431,3.0,MGR075,Office,0,10.0,5.0,0,1,0
EMP1208,FINANCE,Senior,2022-12-25,,22,17,98555,3.0,MGR142,Hybrid,1,,7.0,4,63,0
EMP1209,Engineering,Mid,2023-07-17,,34,10,76417,4.0,MGR133,Hybrid,0,29.0,10.0,1,48,0
EMP1210,Engineering,Junior,2020-05-28,,22,48,53253,4.0,MGR043,Remote,0,34.0,9.0,1,18,0
EMP1211,Engineering,Junior,2021-01-25,,22,40,52685,3.0,MGR108,Remote,1,10.0,6.0,1,7,0
EMP1212,Engineering,Junior,2021-02-09,,22,40,71808,4.0,MGR005,Remote,1,25.0,9.0,2,21,0
EMP1213,Operations,Senior,2020-04-18,,39,50,110641,4.0,MGR148,Remote,1,11.0,1.0,3,5,0
EMP1214,Engineering,Mid,2021-01-10,,22,41,112807,3.0,MGR001,Hybrid,0,30.0,8.0,1,6,0
EMP1215,Finance,Junior,2021-12-15,,27,29,646370,4.0,MGR139,Office,1,34.0,9.0,2,10,0
EMP1216,Engineering,Lead,2022-12-11,,44,17,167068,4.0,MGR015,Office,1,16.0,6.0,0,5,0
EMP1217,Engineering,Senior,2020-05-15,,35,49,113879,3.0,MGR101,Office,0,14.0,5.0,2,5,0
EMP1218,SALES,Mid,2022-07-02,2023-06-17,29,11,79402,2.0,MGR145,Office,0,0.0,7.0,2,26,1
EMP1219,Marketing,Junior,2020-05-21,,25,49,56637,4.0,MGR143,Office,0,32.0,6.0,3,2,0
EMP1220,Engineering,Mid,2020-01-28,,130,52,66942,5.0,MGR062,Office,0,36.0,6.0,0,8,0
EMP1221,Customer Success,Lead,2021-03-08,,42,39,116183,4.0,MGR021,Remote,0,34.0,9.0,1,15,0
EMP1222,Marketing,Mid,2022-11-30,,30,18,77261,4.0,MGR112,Hybrid,0,29.0,5.0,4,8,0
EMP1223,Finance,Senior,2023-04-14,,43,13,99620,3.0,MGR065,Office,0,11.0,7.0,2,8,0
EMP1224,Marketing,Manager,2022-07-04,2023-01-30,49,7,176212,1.0,MGR024,Hybrid,1,,6.0,1,21,1
EMP1225,Sales,Lead,2023-08-30,2023-10-30,35,2,150968,3.0,MGR043,Remote,0,14.0,7.0,3,3,1
EMP1226,Engineering,Mid,2023-12-13,2024-01-26,22,1,70003,3.0,MGR039,Remote,1,8.0,6.0,0,18,1
EMP1227,Engineering,Senior,2023-12-09,,30,5,131361,4.0,MGR003,Hybrid,1,26.0,10.0,3,17,0
EMP1228,Sales,Senior,2021-10-27,,45,31,99596,4.0,MGR114,Hybrid,0,12.0,8.0,2,5,0
EMP1229,Engineering,Lead,2023-09-25,,137,8,197911,3.0,MGR111,Hybrid,1,23.0,9.0,1,15,0
EMP1230,Marketing,Mid,2022-04-25,,29,25,77720,2.0,MGR082,Hybrid,0,8.0,8.0,2,9,0
EMP1231,Sales,Junior,2021-12-11,,26,30,57451,4.0,MGR122,Hybrid,1,19.0,2.0,1,10,0
EMP1232,Operations,Senior,2023-10-01,,31,8,92363,4.0,MGR130,Office,0,19.0,6.0,3,1,0
EMP1233,Engineering,Mid,2021-08-25,,36,33,75723,2.0,MGR061,Hybrid,0,13.0,8.0,0,2,0
EMP1234,HR,Senior,2020-03-31,2020-11-09,37,7,75814,5.0,MGR074,Remote,0,15.0,2.0,1,8,1
EMP1235,Engineering,Senior,2023-01-16,,37,16,126757,4.0,MGR039,Hybrid,0,19.0,4.0,1,15,0
EMP1236,Sales, Junior ,2022-02-09,,22,28,54667,3.0,MGR120,Office,1,24.0,3.0,0,12,0
EMP1237,Finance,Senior,2021-07-19,,35,34,120026,3.0,MGR035,Office,0,18.0,9.0,3,1,0
EMP1238,Engineering,Mid,2023-12-17,,33,5,90580,3.0,MGR102,Office,0,,5.0,1,3,0
EMP1239,Customer Success,Mid,2023-06-05,,33,12,55323,4.0,MGR140,Hybrid,1,1.0,10.0,2,7,0
EMP1240,Marketing,Junior,2023-07-25,,22,10,47189,4.0,MGR147,Office,0,32.0,8.0,0,15,0
EMP1241,HR,Manager,01/01/2021,2021-09-06,36,8,134193,2.0,MGR052,Office,0,20.0,7.0,3,24,1
EMP1242,Operations,Mid,2022-11-14,,33,18,59633,4.0,MGR041,Office,0,49.0,5.0,0,19,0
EMP1243,HR,Mid,2023-05-19,,27,12,63032,4.0,MGR044,Remote,0,11.0,9.0,4,10,0
EMP1244,Marketing, Junior ,2023-11-20,,29,6,51286,5.0,MGR102,Remote,0,,4.0,3,8,0
EMP1245,Marketing, Junior ,2023-10-26,2024-01-19,22,2,39766,3.0,MGR026,Office,0,26.0,8.0,3,1,1
EMP1246,Engineering,Mid,2023-08-09,,33,9,96766,3.0,MGR020,Remote,0,7.0,8.0,0,1,0
EMP1247,Finance,Lead,2023-04-06,,33,14,147619,2.0,MGR139,Hybrid,0,36.0,4.0,2,46,0
EMP1248,Engineering,Junior,2021-04-15,2022-10-27,22,18,69959,3.0,MGR059,Remote,1,28.0,7.0,1,13,1
EMP1249,Customer Success,Mid,2021-04-08,,33,38,63916,3.0,MGR011,Office,1,14.0,4.0,1,1,0
EMP1250,Engineering,Senior,2020-01-02,,33,53,131669,3.0,MGR060,Hybrid,0,,7.0,1,1,0
EMP1251,Finance,Mid,2021-03-22,,29,38,80005,2.0,MGR060,Office,0,16.0,4.0,1,1,0
EMP1252,Engineering,Senior,2023-07-26,,24,10,154638,3.0,MGR125,Remote,0,5.0,7.0,1,3,0
EMP1253,Engineering,Senior,2023-12-26,,35,5,135508,4.0,MGR093,Office,0,43.0,9.0,1,3,0
EMP1254,Sales,Senior,2022-11-25,,29,18,120733,4.0,MGR107,Hybrid,0,48.0,10.0,0,6,0
EMP1255,Engineering,Mid,2022-04-24,2023-09-22,26,17,102203,2.0,MGR112,Remote,0,31.0,1.0,1,43,1
EMP1256,HR,Senior,2020-03-06,,33,51,78309,4.0,MGR022,Remote,0,44.0,5.0,0,6,0
EMP1257,Customer Success, Senior ,2023-08-30,2024-04-29,33,8,85066,2.0,MGR090,Remote,1,17.0,3.0,0,1,1
EMP1258,ENGINEERING, Manager ,2022-10-22,2023-06-21,48,8,217097,2.0,MGR125,Office,0,45.0,7.0,3,6,1
EMP1259,Marketing,Mid,2021-10-11,,32,32,78106,3.0,MGR004,Remote,0,31.0,8.0,2,44,0
EMP1260,Sales,Lead,2021-03-17,2023-05-07,39,26,141079,4.0,MGR045,Remote,0,28.0,6.0,1,8,1
EMP1261,Engineering,Mid,2020-03-25,,24,50,94486,4.0,MGR036,Office,0,6.0,9.0,1,14,0
EMP1262,HR,Senior,2023-07-28,,29,10,80205,3.0,MGR038,Remote,0,20.0,5.0,2,11,0
EMP1263,OPERATIONS,Lead,2023-12-24,2024-04-18,31,3,117367,2.0,MGR066,Hybrid,0,25.0,7.0,2,10,1
EMP1264,FINANCE,Lead,2023-07-08,2023-12-09,34,5,144477,4.0,MGR123,Remote,0,16.0,2.0,0,19,1
EMP1265,Engineering,Mid,2022-08-29,,32,21,84090,3.0,MGR124,Remote,0,8.0,7.0,1,15,0
EMP1266,Operations,Lead,2023-03-03,2023-08-03,50,5,109552,2.0,MGR102,Hybrid,0,14.0,2.0,1,24,1
EMP1267,SALES,Lead,2020-07-08,,45,47,150715,5.0,MGR104,Remote,0,44.0,5.0,3,15,0
EMP1268,Sales,Mid,2023-03-18,2023-12-13,36,9,77482,2.0,MGR013,Office,1,23.0,10.0,1,11,1
EMP1269,Engineering,Senior,2021-01-02,,29,41,146209,4.0,MGR030,Office,1,27.0,6.0,1,15,0
EMP1270,Sales,Mid,2020-01-24,,23,53,64690,3.0,MGR148,Hybrid,0,21.0,8.0,2,42,0
EMP1271,ENGINEERING,Senior,2021-09-24,,39,32,152767,5.0,MGR016,Office,0,38.0,7.0,1,18,0
EMP1272,Marketing,Lead,2023-05-22,,34,12,143350,4.0,MGR127,Office,0,4.0,10.0,1,20,0
EMP1273,Engineering,Junior,2021-08-03,,22,34,85751,5.0,MGR114,Hybrid,0,16.0,6.0,2,1,0
EMP1274,Finance,Senior,2023-05-06,,30,13,102846,3.0,MGR028,Office,0,32.0,9.0,2,37,0
EMP1275,Sales,Mid,2022-09-15,,24,20,81072,3.0,MGR145,Office,0,30.0,8.0,0,15,0
EMP1276,OPERATIONS,Junior,2022-03-10,,26,27,49768,4.0,MGR104,Hybrid,1,3.0,8.0,1,1,0
EMP1277,Engineering,Junior,2021-10-15,2023-02-08,22,16,73004,3.0,MGR096,Hybrid,0,20.0,3.0,2,56,1
EMP1278,Operations,Senior,2020-04-05,,37,50,85362,5.0,MGR119,Office,1,0.0,7.0,2,5,0
EMP1279,Operations,Mid,2023-02-06,,38,16,58309,4.0,MGR135,Remote,0,29.0,10.0,4,20,0
EMP1280,Sales,Junior,2023-09-01,,27,9,40717,3.0,MGR098,Remote,0,20.0,7.0,1,24,0
EMP1281,ENGINEERING,Senior,2022-10-05,,39,20,147839,3.0,MGR135,Remote,0,0.0,3.0,3,13,0
EMP1282,HR,Senior,2022-04-08,,37,26,98020,4.0,MGR004,Remote,1,55.0,6.0,4,2,0
EMP1283,Sales,Junior,2020-01-13,,23,53,42354,5.0,MGR110,Hybrid,0,32.0,4.0,0,18,0
EMP1284,Sales,Senior,2020-12-07,2023-05-29,35,30,116413,4.0,MGR120,Hybrid,0,0.0,9.0,4,3,1
EMP1285,HR,Mid,2022-01-01,,25,29,69499,4.0,MGR122,Hybrid,0,54.0,9.0,1,11,0
EMP1286,Engineering,Junior,2022-08-29,,23,21,59742,4.0,MGR109,Office,0,32.0,8.0,2,14,0
EMP1287,Operations,Lead,2022-01-03,,30,29,135196,2.0,MGR001,Remote,0,10.0,10.0,1,31,0
EMP1288,Sales,Mid,2023-09-29,,26,8,83647,5.0,MGR029,Remote,0,32.0,,3,1,0
EMP1289,Engineering,Mid,2022-08-19,,33,21,88837,3.0,MGR024,Office,0,31.0,9.0,0,7,0
EMP1290,Sales,Senior,2021-08-18,,39,33,79559,4.0,MGR012,Remote,0,0.0,10.0,0,9,0
EMP1291,Marketing,Mid,2022-11-19,,22,18,66430,3.0,MGR008,Office,0,26.0,4.0,0,1,0
EMP1292,Engineering,Lead,2020-05-04,2022-03-06,42,22,164390,3.0,MGR009,Office,0,0.0,7.0,0,17,1
EMP1293,SALES,Mid,2020-04-17,2023-09-18,29,41,69091,3.0,MGR027,Remote,0,49.0,4.0,2,1,1
EMP1294,HR,Mid,2022-02-05,2023-08-31,31,19,55935,5.0,MGR086,Office,0,27.0,7.0,1,35,1
EMP1295,Engineering,Director,2020-03-26,,44,50,267120,4.0,MGR125,Office,1,18.0,6.0,1,13,0
EMP1296,Engineering,Manager,2020-06-01,2024-01-19,29,44,202136,2.0,MGR065,Hybrid,1,54.0,8.0,0,4,1
EMP1297,Engineering,Senior,2023-08-05,,35,10,110360,5.0,MGR056,Remote,0,57.0,8.0,0,69,0
EMP1298,Engineering,Senior,2020-12-23,2022-12-09,35,23,114403,5.0,MGR068,Hybrid,0,7.0,2.0,0,1,1
EMP1299,Engineering,Junior,2022-09-24,,28,20,65246,4.0,MGR113,Remote,0,29.0,6.0,1,1,0
EMP1300,Engineering,Manager,2022-10-17,,40,19,190956,5.0,MGR064,Remote,0,27.0,7.0,2,131,0
EMP1301,Finance,Mid,2022-02-24,,23,27,75728,3.0,MGR106,Hybrid,0,17.0,7.0,2,14,0
EMP1302,Engineering,Senior,2021-08-30,,30,33,99960,1.0,MGR049,Hybrid,0,20.0,10.0,0,40,0
EMP1303,Engineering,Manager,2022-11-07,,39,19,181275,4.0,MGR103,Remote,0,37.0,7.0,0,32,0
EMP1304,Marketing,Senior,2022-01-28,,29,28,122837,3.0,MGR075,Office,0,26.0,9.0,3,19,0
EMP1305,Operations,Senior,2022-11-24,,32,18,77193,3.0,MGR110,Office,0,0.0,6.0,1,2,0
EMP1306,Marketing,Senior,2022-11-25,,31,18,96340,4.0,MGR091,Remote,1,33.0,7.0,1,2,0
EMP1307,Engineering,Senior,2020-05-01,,41,49,117788,4.0,MGR139,Hybrid,0,20.0,9.0,1,25,0
EMP1308,Sales,Mid,2020-09-15,2024-02-29,32,42,85818,,MGR125,Remote,0,39.0,8.0,4,34,1
EMP1309,Customer Success,Manager,2020-06-28,2021-08-07,39,13,159058,3.0,MGR139,Office,0,19.0,6.0,1,50,1
EMP1310,Engineering,Junior,2020-01-30,,28,52,72582,4.0,MGR124,Remote,1,36.0,6.0,3,11,0
EMP1311,Operations,Manager,2021-07-02,,51,35,167469,3.0,MGR101,Hybrid,0,20.0,8.0,3,7,0
EMP1312,Engineering,Mid,2020-06-29,2023-08-16,30,38,85760,3.0,MGR114,Remote,0,22.0,1.0,0,34,1
EMP1313,Engineering,Mid,2021-03-13,,33,39,93763,4.0,MGR051,Office,1,12.0,5.0,1,27,0
EMP1314,Sales,Senior,04/26/2022,,28,25,92913,4.0,MGR107,Remote,1,30.0,5.0,3,14,0
EMP1315,Engineering, Senior ,2020-11-30,,36,42,132695,4.0,MGR009,Hybrid,0,29.0,7.0,0,2,0
EMP1316,Engineering,Mid,2021-09-25,,24,32,87932,5.0,MGR136,Remote,0,59.0,9.0,2,14,0
EMP1317,Marketing,Senior,2022-12-03,,36,18,125014,4.0,MGR053,Office,1,54.0,8.0,3,16,0
EMP1318,Customer Success,Mid,2023-01-04,,27,17,54096,4.0,MGR073,Hybrid,0,59.0,7.0,0,5,0
EMP1319,Finance,Manager,2021-09-07,2022-03-23,44,6,154396,4.0,MGR119,Office,0,13.0,4.0,0,1,1
EMP1320,Engineering,Mid,2022-07-12,,28,23,98043,4.0,MGR021,Office,1,40.0,5.0,1,7,0
EMP1321,ENGINEERING,Mid,2022-08-11,,32,22,94857,3.0,MGR008,Hybrid,1,31.0,6.0,3,7,0
EMP1322,Finance,Senior,2021-08-15,,31,34,93216,4.0,MGR069,Office,0,31.0,6.0,4,31,0
EMP1323,Customer Success,Mid,2023-04-28,2023-07-09,22,2,94542,4.0,MGR098,Remote,0,12.0,7.0,1,16,1
EMP1324,Engineering,Senior,2020-06-01,,34,48,98858,4.0,MGR016,Office,0,43.0,,0,4,0
EMP1325,Sales,Mid,2023-03-10,,33,14,89894,3.0,MGR075,Office,0,45.0,10.0,2,7,0
EMP1326,Sales,Lead,2021-02-22,2021-05-25,33,3,171233,2.0,MGR145,Hybrid,1,40.0,6.0,2,7,1
EMP1327,Finance,Senior,2022-03-31,,35,26,104565,4.0,MGR070,Office,0,16.0,,0,45,0
EMP1328,HR,Lead,2020-08-14,,40,46,132170,4.0,MGR102,Hybrid,0,37.0,9.0,0,1,0
EMP1329,Finance,Mid,2023-08-26,,26,9,79741,5.0,MGR139,Office,1,10.0,4.0,3,15,0
EMP1330,ENGINEERING,Senior,2023-11-01,2024-05-06,32,6,130997,1.0,MGR032,Office,0,25.0,8.0,3,15,1
EMP1331,Engineering,Junior,2021-07-31,,32,34,68587,5.0,MGR018,Remote,0,0.0,9.0,3,21,0
EMP1332,Engineering,Senior,2022-09-11,,30,20,124996,4.0,MGR056,Remote,0,32.0,4.0,0,9,0
EMP1333,Finance,Mid,2022-11-08,,28,19,72389,3.0,MGR108,Remote,0,11.0,8.0,1,11,0
EMP1334,Engineering,Senior,2021-05-31,,34,-36,144196,5.0,MGR133,Remote,0,24.0,9.0,3,23,0
EMP1335,Engineering,Mid,2023-09-05,,32,9,77075,4.0,MGR099,Hybrid,1,35.0,10.0,1,6,0
EMP1336,Engineering,Senior,2022-08-24,,33,21,120309,4.0,MGR098,Office,0,17.0,7.0,3,15,0
EMP1337,Operations,Junior,2022-07-01,2024-05-30,24,23,42423,3.0,MGR120,Remote,0,3.0,8.0,0,25,1
EMP1338,HR,Lead,2023-02-04,,35,16,113169,4.0,MGR002,Remote,0,51.0,8.0,0,1,0
EMP1339,Engineering,Senior,06/29/2023,2024-05-12,27,10,130155,2.0,MGR026,Hybrid,0,0.0,7.0,4,2,1
EMP1340,Engineering,Mid,2020-06-07,2021-07-10,40,13,88377,5.0,MGR022,Remote,0,37.0,5.0,1,18,1
EMP1341,Sales,Junior,2023-01-03,,29,17,55525,4.0,MGR143,Remote,0,19.0,5.0,1,23,0
EMP1342,Engineering,Mid,2022-01-10,,32,29,84149,4.0,MGR088,Office,1,1.0,7.0,4,2,0
EMP1343,Sales,Senior,04/06/2022,,27,26,107407,2.0,MGR122,Office,0,63.0,8.0,0,16,0
EMP1344,Engineering,Junior,2022-01-29,2023-03-03,34,13,56819,3.0,MGR057,Hybrid,0,21.0,7.0,2,11,1
EMP1345,Engineering,Junior,2023-10-27,,22,7,58069,4.0,MGR018,Hybrid,0,34.0,,3,29,0
EMP1346,Sales,Junior,2020-12-03,2021-02-02,26,2,59279,4.0,MGR073,Remote,1,4.0,2.0,3,7,1
EMP1347,Finance,Senior,2023-11-09,,34,6,136467,5.0,MGR095,Hybrid,1,35.0,,0,14,0
EMP1348,Marketing,Lead,2022-11-23,2023-02-19,34,2,98449,2.0,MGR130,Remote,1,27.0,8.0,2,2,1
EMP1349,Engineering,Mid,2022-12-13,,30,17,97956,3.0,MGR092,Hybrid,0,0.0,10.0,2,2,0
EMP1350,Sales,Lead,2021-12-10,,27,30,102066,5.0,MGR020,Office,1,8.0,8.0,0,1,0
EMP1351,SALES, Manager ,2021-11-07,,53,31,153403,2.0,MGR071,Hybrid,0,15.0,2.0,1,33,0
EMP1352,Operations,Senior,2021-01-12,2021-03-11,38,1,114337,3.0,MGR126,Hybrid,0,38.0,6.0,0,49,1
EMP1353,Engineering,Lead,2021-12-25,,34,29,177873,4.0,MGR127,Remote,1,15.0,7.0,0,4,0
EMP1354,Marketing,Senior,2023-05-28,,37,12,118296,4.0,MGR136,Remote,0,23.0,9.0,0,11,0
EMP1355,Engineering,Mid,2020-01-06,,31,53,98439,4.0,MGR002,Office,1,,9.0,4,16,0
EMP1356,Sales,Senior,2020-01-18,2023-11-16,31,46,115675,5.0,MGR084,Remote,0,,9.0,3,2,1
EMP1357,Operations,Junior,2022-11-11,2023-06-03,25,6,41563,3.0,MGR048,Office,0,9.0,8.0,3,4,1
EMP1358,Engineering,Senior,2021-05-13,,32,37,121331,2.0,MGR070,Remote,0,27.0,6.0,2,1,0
EMP1359,Sales,Junior,12/12/2020,,28,42,59144,5.0,MGR090,Office,0,39.0,10.0,2,3,0
EMP1360,Engineering,Mid,2023-05-18,,32,12,92596,4.0,MGR123,Remote,0,31.0,6.0,2,25,0
EMP1361,Finance,Senior,06/14/2021,,29,36,90597,4.0,MGR083,Office,0,13.0,8.0,0,1,0
EMP1362,Sales,Senior,12/12/2021,2022-12-17,38,12,82665,3.0,MGR035,Office,0,16.0,9.0,1,50,1
EMP1363,Marketing,Junior,2023-01-09,,29,16,55065,5.0,MGR046,Hybrid,0,27.0,9.0,0,19,0
EMP1364,Engineering,Senior,2022-07-29,,33,22,133137,2.0,MGR058,Office,1,29.0,9.0,2,6,0
EMP1365,Engineering,Mid,2020-01-16,,30,53,96863,5.0,MGR004,Office,1,18.0,6.0,2,1,0
EMP1366,Engineering,Lead,2021-04-28,2022-12-04,41,19,118846,4.0,MGR136,Office,0,25.0,7.0,0,4,1
EMP1367,HR,Senior,2022-11-14,,26,18,86244,5.0,MGR087,Office,0,34.0,5.0,0,1,0
EMP1368,Engineering,Senior,2023-04-16,,32,13,127840,3.0,MGR088,Hybrid,1,28.0,8.0,0,19,0
EMP1369,SALES,Mid,2020-12-05,,25,42,84370,3.0,MGR115,Hybrid,1,52.0,8.0,1,9,0
EMP1370,Engineering,Senior,2023-10-29,,33,7,135217,2.0,MGR058,Office,1,34.0,5.0,4,8,0
EMP1371,Engineering,Junior,2021-11-10,,22,31,71559,3.0,MGR004,Remote,1,5.0,10.0,0,21,0
EMP1372,Finance, Lead ,2023-11-13,2024-05-13,39,6,113916,5.0,MGR010,Remote,1,0.0,4.0,0,13,1
EMP1373,Engineering,Senior,2023-01-23,,22,16,135071,3.0,MGR079,Office,0,41.0,4.0,1,3,0
EMP1374,Finance,Manager,2020-05-24,,34,48,149656,4.0,MGR139,Remote,0,36.0,8.0,0,4,0
EMP1375,Engineering,Mid,2022-07-07,,32,23,88845,3.0,MGR072,Hybrid,0,0.0,5.0,2,19,0
EMP1376,Finance,Senior,2022-10-03,,28,20,83364,4.0,MGR101,Hybrid,0,28.0,6.0,0,25,0
EMP1377,Sales,Mid,2022-04-02,,28,26,81823,5.0,MGR128,Remote,0,41.0,7.0,3,12,0
EMP1378,Engineering,Senior,2022-02-12,,32,28,137080,5.0,MGR050,Hybrid,1,,10.0,1,15,0
EMP1379,HR,Senior,2021-02-11,2021-12-21,32,10,95696,3.0,MGR107,Remote,1,33.0,2.0,3,61,1
EMP1380,Sales,Manager,2023-12-17,,38,5,169670,5.0,MGR079,Hybrid,0,6.0,2.0,1,10,0
EMP1381,Finance,Senior,2020-10-26,,33,43,79893,3.0,MGR046,Hybrid,1,9.0,6.0,0,13,0
EMP1382,Product,Manager,2020-05-05,2022-05-15,43,24,207554,3.0,MGR122,Office,0,34.0,7.0,0,16,1
EMP1383,Sales,Junior,2023-11-01,,23,7,47261,3.0,MGR146,Office,0,18.0,5.0,2,11,0
EMP1384,Engineering,Junior,2023-07-07,,22,11,85679,4.0,MGR091,Remote,0,30.0,9.0,0,6,0
EMP1385,Engineering,Junior,2021-02-26,,22,39,48330,3.0,MGR087,Hybrid,1,38.0,9.0,4,6,0
EMP1386,Sales,Lead,2021-12-29,,35,29,140122,4.0,MGR039,Office,1,8.0,7.0,2,6,0
EMP1387,Customer Success,Senior,2022-01-05,2023-06-08,27,17,81508,4.0,MGR107,Office,0,10.0,,3,11,1
EMP1388,Operations,Senior,2020-12-11,,36,42,79299,3.0,MGR017,Office,0,18.0,8.0,0,21,0
EMP1389,Engineering,Junior,2021-05-22,,22,36,68208,3.0,MGR060,Hybrid,0,40.0,2.0,0,17,0
EMP1390,Customer Success,Mid,2023-05-30,2023-07-26,30,1,59706,1.0,MGR065,Hybrid,0,35.0,3.0,0,60,1
EMP1391,Engineering,Senior,2021-11-14,,40,31,126021,3.0,MGR041,Remote,1,40.0,7.0,0,24,0
EMP1392,Engineering,Mid,2021-11-29,,30,30,92779,3.0,MGR041,Remote,0,25.0,4.0,1,33,0
EMP1393,Sales, Senior ,2021-05-02,,35,37,119079,4.0,MGR104,Office,0,53.0,5.0,0,18,0
EMP1394,Sales,Junior,2021-12-19,,29,29,41231,5.0,MGR061,Office,1,26.0,7.0,3,10,0
EMP1395,Sales,Mid,02/01/2022,,33,28,107060,3.0,MGR083,Remote,0,0.0,6.0,0,1,0
EMP1396,Marketing,Lead,2020-11-15,2023-12-22,34,37,95013,5.0,MGR138,Remote,1,27.0,5.0,1,7,1
EMP1397,Customer Success,Mid,2023-03-23,,34,14,53531,4.0,MGR149,Office,0,36.0,10.0,0,28,0
EMP1398,HR,Senior,2022-09-19,,28,-20,67272,4.0,MGR002,Remote,1,15.0,8.0,3,33,0
EMP1399,Engineering,Junior,2021-08-04,2023-01-25,27,17,82196,5.0,MGR099,Remote,0,,2.0,1,3,1
EMP1400,MARKETING,Mid,2021-08-23,2022-06-26,36,10,87893,1.0,MGR101,Office,1,7.0,10.0,4,24,1
EMP1401,Engineering,Senior,2023-11-13,2024-01-03,38,1,129966,2.0,MGR083,Hybrid,0,19.0,,0,6,1
EMP1402,Engineering, Junior ,2021-07-26,2022-01-10,24,5,52464,3.0,MGR066,Office,1,0.0,4.0,2,3,1
EMP1403,Engineering,Lead,2021-02-14,,34,40,162449,4.0,MGR032,Hybrid,0,,3.0,0,1,0
EMP1404,Finance,Mid,2021-04-14,,31,38,87902,5.0,MGR092,Office,1,42.0,8.0,0,22,0
EMP1405,SALES,Junior,2023-10-28,2023-12-24,26,1,52393,3.0,MGR009,Remote,1,36.0,4.0,0,5,1
EMP1406,Operations,Manager,2021-02-11,,46,40,99073,3.0,MGR146,Office,0,26.0,2.0,2,19,0
EMP1407,Sales,Senior,2020-07-02,2021-05-17,40,10,117138,4.0,MGR077,Hybrid,0,11.0,4.0,3,30,1
EMP1408,Operations,Mid,2022-10-22,2023-04-05,27,5,76857,2.0,MGR038,Hybrid,0,12.0,7.0,4,11,1
EMP1409,HR,Junior,2022-09-08,2023-10-03,24,13,59576,4.0,MGR033,Hybrid,0,65.0,1.0,4,5,1
EMP1410,HR,Manager,2021-11-12,2022-05-21,45,6,117367,1.0,MGR054,Hybrid,0,21.0,3.0,1,5,1
EMP1411,Finance,Junior,04/08/2022,,27,26,54314,3.0,MGR037,Office,0,29.0,3.0,1,6,0
EMP1412,ENGINEERING,Manager,2021-03-12,,45,39,215996,4.0,MGR145,Office,0,40.0,10.0,1,8,0
EMP1413,Engineering,Manager,2020-08-16,,40,46,181737,4.0,MGR052,Hybrid,0,0.0,8.0,0,32,0
EMP1414,Engineering,Mid,2021-03-07,2021-12-23,36,9,108624,4.0,MGR101,Remote,0,33.0,4.0,1,25,1
EMP1415,Engineering,Junior,2022-12-19,,27,17,68423,5.0,MGR064,Hybrid,0,26.0,8.0,0,9,0
EMP1416,Product,Lead,07/07/2022,2023-01-17,33,6,140127,3.0,MGR102,Office,0,8.0,7.0,3,21,1
EMP1417,Engineering,Senior,2023-09-14,,35,8,113933,4.0,MGR126,Office,0,54.0,9.0,3,7,0
EMP1418,Engineering,Mid,2020-11-29,,35,42,82441,3.0,MGR058,Remote,0,38.0,8.0,1,13,0
EMP1419,HR,Junior,2021-08-27,,28,33,48795,4.0,MGR041,Hybrid,0,,8.0,0,1,0
EMP1420,Engineering,Mid,2023-12-13,,23,5,106861,5.0,MGR014,Office,0,28.0,6.0,2,20,0
EMP1421,Engineering,Mid,2023-07-06,,26,11,88398,4.0,MGR021,Office,0,21.0,7.0,2,2,0
EMP1422,Sales,Mid,2021-07-25,2021-10-06,29,2,73934,4.0,MGR142,Office,0,,2.0,3,34,1
EMP1423,Finance,Junior,2021-02-06,2021-11-24,33,9,50089,2.0,MGR111,Office,0,39.0,7.0,1,23,1
EMP1424,Engineering,Senior,2023-08-10,,34,9,162476,3.0,MGR100,Hybrid,0,44.0,8.0,2,2,0
EMP1425,Marketing,Mid,2022-02-04,,25,28,78170,3.0,MGR095,Hybrid,1,38.0,5.0,0,28,0
EMP1426,OPERATIONS,Junior,2020-06-27,2021-09-09,23,14,48064,4.0,MGR056,Remote,0,26.0,4.0,1,15,1
EMP1427,Marketing,Senior,2023-11-13,,26,6,89721,1.0,MGR030,Hybrid,0,20.0,5.0,2,27,0
EMP1428,Engineering,Senior,2020-12-21,,24,41,113663,3.0,MGR061,Remote,0,31.0,7.0,2,51,0
EMP1429,Customer Success,Senior,2023-02-23,,37,15,95193,3.0,MGR121,Remote,1,26.0,9.0,2,4,0
EMP1430,HR,Senior,2023-01-08,,43,17,110940,4.0,MGR108,Office,1,36.0,9.0,3,1,0
EMP1431,Sales,Senior,2023-09-01,,34,9,105387,3.0,MGR036,Hybrid,1,38.0,9.0,4,28,0
EMP1432,Engineering, Junior ,2023-07-30,,25,10,68937,5.0,MGR051,Remote,0,6.0,10.0,2,6,0
EMP1433,Sales,Lead,2021-11-19,,38,30,117237,4.0,MGR091,Office,0,1.0,8.0,0,17,0
EMP1434,Finance,Senior,2022-02-24,,35,27,114015,4.0,MGR054,Office,0,54.0,7.0,2,3,0
EMP1435,Sales,Lead,2021-03-24,2023-06-17,39,27,111600,4.0,MGR118,Office,0,37.0,4.0,2,12,1
EMP1436,Customer Success,Manager,2020-02-26,,147,51,154964,3.0,MGR015,Hybrid,1,28.0,5.0,0,3,0
EMP1437,Finance,Senior,2022-05-27,,25,24,122382,4.0,MGR014,Hybrid,0,18.0,5.0,0,5,0
EMP1437,Finance,Senior,2022-05-27,,25,24,122382,4.0,MGR014,Hybrid,0,18.0,5.0,0,5,0
EMP1438,Operations,Junior,2023-08-02,,22,10,51600,5.0,MGR145,Hybrid,0,54.0,6.0,0,29,0
EMP1439,Marketing, Junior ,2020-05-17,,23,49,47705,5.0,MGR135,Hybrid,0,24.0,6.0,0,3,0
EMP1440,Engineering,Mid,2020-06-28,,26,47,112016,2.0,MGR017,Office,0,5.0,9.0,0,21,0
EMP1441,Sales,Mid,2020-07-19,,26,47,83904,4.0,MGR070,Office,1,5.0,3.0,2,4,0
EMP1442,Engineering,Lead,2021-07-21,,47,34,156795,4.0,MGR144,Remote,0,7.0,7.0,2,7,0
EMP1443,Engineering,Manager,2023-04-13,2024-03-03,56,10,156351,4.0,MGR130,Office,0,18.0,10.0,0,16,1
EMP1444,Engineering, Manager ,2021-07-16,,35,35,167767,3.0,MGR124,Hybrid,0,24.0,8.0,0,3,0
EMP1445,Marketing,Lead,2023-01-17,,41,16,113339,2.0,MGR063,Remote,0,11.0,8.0,0,9,0
EMP1446,HR,Mid,2021-02-27,,27,39,69178,4.0,MGR013,Remote,1,0.0,5.0,2,1,0
EMP1447,HR,Lead,2022-09-02,2023-04-09,41,7,95642,4.0,MGR135,Remote,0,0.0,7.0,4,12,1
EMP1448,Finance,Manager,2022-07-26,,48,22,143068,5.0,MGR061,Office,0,5.0,7.0,1,1,0
EMP1449,MARKETING,Senior,2020-08-10,,31,46,79503,4.0,MGR025,Hybrid,0,8.0,6.0,0,3,0
EMP1450,ENGINEERING,Junior,2023-04-09,,25,13,69773,2.0,MGR060,Remote,0,31.0,6.0,1,26,0
EMP1451,Sales, Lead ,2020-04-23,,39,50,142238,5.0,MGR110,Remote,1,57.0,6.0,2,19,0
EMP1452,Marketing,Manager,2020-02-22,2023-09-02,39,42,111187,4.0,MGR036,Office,0,0.0,5.0,1,1,1
EMP1453,Engineering,Senior,2021-03-18,2024-04-24,33,37,125445,2.0,MGR001,Hybrid,0,13.0,5.0,2,18,1
EMP1454,Engineering,Senior,2021-06-03,,46,36,138163,4.0,MGR091,Office,0,29.0,10.0,3,1,0
EMP1455,Engineering,Junior,2021-05-26,,27,36,63241,2.0,MGR073,Hybrid,0,26.0,8.0,0,15,0
EMP1456,OPERATIONS,Senior,2021-12-19,,38,29,97449,5.0,MGR041,Remote,1,39.0,6.0,0,2,0
EMP1457,Engineering,Junior,2023-12-10,,24,5,58187,4.0,MGR098,Office,0,27.0,6.0,0,25,0
EMP1458,Marketing,Mid,2020-01-23,,28,53,73112,4.0,MGR006,Remote,1,29.0,10.0,1,13,0
EMP1459,Sales,Lead,2023-12-15,,40,5,103228,4.0,MGR009,Remote,0,38.0,8.0,2,8,0
EMP1460,Engineering,Mid,2020-12-20,,33,41,83948,4.0,MGR027,Remote,0,22.0,3.0,3,5,0
EMP1461,Engineering,Junior,2020-09-22,,22,44,62975,4.0,MGR052,Remote,0,45.0,7.0,3,13,0
EMP1462,Finance,Lead,2020-10-19,,31,44,112622,5.0,MGR048,Hybrid,0,0.0,5.0,0,8,0
EMP1463,HR,Senior,2021-07-27,,33,34,84379,5.0,MGR124,Remote,0,27.0,8.0,1,20,0
EMP1464,Engineering,Mid,2022-11-20,,35,18,48278,5.0,MGR073,Hybrid,0,21.0,7.0,2,4,0
EMP1465,ENGINEERING,Senior,2021-12-13,2022-10-28,38,10,95864,5.0,MGR074,Remote,0,44.0,,4,2,1
EMP1466,CUSTOMER SUCCESS,Senior,2023-02-03,2023-10-31,32,9,114848,1.0,MGR100,Remote,1,62.0,4.0,4,31,1
EMP1467,MARKETING,Junior,12/10/2020,,33,42,50650,3.0,MGR045,Office,0,50.0,8.0,2,19,0
EMP1468,Engineering,Junior,2022-12-26,,22,17,67403,4.0,MGR006,Office,0,39.0,6.0,3,7,0
EMP1469,Finance,Senior,2020-06-20,,39,48,81387,4.0,MGR008,Hybrid,0,13.0,4.0,1,5,0
EMP1470,SALES,Director,2020-04-09,,43,50,225843,4.0,MGR143,Office,0,0.0,9.0,0,2,0
EMP1471,Operations,Mid,2020-05-10,,37,49,55192,3.0,MGR058,Office,0,0.0,8.0,2,24,0
EMP1472,Engineering,Senior,2020-06-19,,42,48,115590,3.0,MGR035,Hybrid,0,14.0,8.0,1,2,0
EMP1473,Engineering,Manager,2022-04-30,2022-09-23,46,4,177610,2.0,MGR009,Hybrid,1,39.0,5.0,0,18,1
EMP1474,OPERATIONS,Senior,2020-07-29,,30,46,111967,4.0,MGR111,Hybrid,0,4.0,10.0,1,3,0
EMP1475,Operations,Mid,2021-06-09,,34,36,61762,2.0,MGR055,Hybrid,0,18.0,6.0,0,13,0
EMP1476,Sales,Senior,2022-02-19,,28,27,110869,3.0,MGR102,Office,0,22.0,6.0,0,4,0
EMP1477,Engineering,Manager,03/17/2021,,49,39,209447,2.0,MGR083,Office,1,27.0,8.0,3,2,0
EMP1478,Marketing,Director,2020-06-27,,40,47,163187,3.0,MGR059,Office,1,37.0,6.0,2,1,0
EMP1479,Engineering,Director,2020-04-13,,46,50,268770,3.0,MGR129,Remote,0,,9.0,1,3,0
EMP1480,Engineering,Mid,2023-05-07,,32,13,94918,4.0,MGR045,Hybrid,0,31.0,7.0,2,20,0
EMP1481,Sales,Senior,2021-10-11,2022-05-02,32,6,108180,1.0,MGR122,Hybrid,0,48.0,10.0,3,29,1
EMP1482,Sales,Senior,2023-10-22,2023-11-22,36,1,84974,3.0,MGR112,Remote,0,27.0,,0,15,1
EMP1483,Engineering,Junior,2023-10-29,,31,7,64442,3.0,MGR081,Office,0,23.0,8.0,1,8,0
EMP1484,Engineering,Mid,2022-01-12,,28,29,93763,3.0,MGR054,Hybrid,1,53.0,8.0,0,25,0
EMP1485,HR,Junior,2021-11-21,2022-04-09,30,4,38190,5.0,MGR003,Hybrid,0,29.0,2.0,0,9,1
EMP1486,Engineering,Mid,2022-12-13,,29,17,99672,3.0,MGR063,Office,0,12.0,9.0,2,28,0
EMP1487,HR,Junior,2020-10-03,,26,44,40813,4.0,MGR136,Remote,0,0.0,7.0,2,1,0
EMP1488,Engineering,Junior,2022-10-13,,25,19,79429,5.0,MGR081,Hybrid,1,18.0,5.0,0,8,0
EMP1489,Sales,Mid,2020-05-03,,22,49,77598,4.0,MGR085,Office,0,,9.0,0,1,0
EMP1490,Operations,Junior,2021-05-07,,31,37,48507,2.0,MGR102,Office,0,22.0,8.0,2,24,0
EMP1491,SALES,Mid,2020-03-17,2022-12-18,31,33,79614,4.0,MGR100,Remote,0,33.0,4.0,2,34,1
EMP1492,FINANCE,Senior,2023-03-05,,35,15,114955,4.0,MGR058,Hybrid,0,45.0,6.0,2,15,0
EMP1493,ENGINEERING,Lead,06/12/2020,,46,48,2115710,5.0,MGR058,Office,0,45.0,5.0,0,9,0
EMP1494,Engineering,Junior,2023-07-14,,27,10,55651,3.0,MGR100,Remote,0,6.0,6.0,1,17,0
EMP1495,Engineering,Lead,2022-05-04,,138,25,1553550,3.0,MGR082,Remote,0,45.0,9.0,1,12,0
EMP1496,Marketing,Senior,2020-11-12,,29,43,96886,,MGR100,Remote,1,53.0,4.0,2,102,0
EMP1497,Marketing,Mid,2021-01-19,,32,40,57050,3.0,MGR063,Remote,0,30.0,4.0,1,3,0
EMP1498,Sales,Junior,2022-03-11,,22,27,50998,3.0,MGR075,Office,0,30.0,2.0,0,1,0
EMP1499,Engineering,Senior,2020-04-26,,31,49,170337,4.0,MGR047,Hybrid,0,30.0,6.0,1,16,0
EMP1500,Engineering,Junior,2023-02-04,2023-06-06,22,4,68819,4.0,MGR045,Hybrid,0,16.0,6.0,2,13,1
EMP1501,Engineering,Senior,2023-03-20,2023-06-24,39,3,107083,3.0,MGR016,Hybrid,0,29.0,8.0,3,11,1
EMP1502,Engineering,Director,2021-05-08,2022-10-06,48,17,272034,2.0,MGR074,Remote,0,15.0,6.0,2,23,1
EMP1503,Operations,Mid,2022-04-12,,32,26,61690,3.0,MGR117,Remote,0,11.0,6.0,2,7,0
EMP1504,SALES,Lead,2022-10-28,2023-06-07,35,7,118485,3.0,MGR067,Office,0,23.0,7.0,0,1,1
EMP1505,OPERATIONS,Junior,2020-02-01,,25,52,61801,5.0,MGR041,Office,0,38.0,7.0,0,5,0
EMP1506,Engineering,Senior,2020-04-19,,35,50,105220,3.0,MGR040,Remote,1,28.0,2.0,3,10,0
EMP1507,Engineering,Junior,2023-06-05,,22,12,69203,4.0,MGR147,Office,0,13.0,7.0,1,1,0
EMP1507,Engineering,Junior,2023-06-05,,22,12,69203,4.0,MGR147,Office,0,13.0,7.0,1,1,0
EMP1508,HR,Senior,2023-04-23,,33,13,89065,3.0,MGR138,Office,0,18.0,10.0,2,38,0
EMP1509,Engineering,Senior,2023-12-11,,41,5,98505,5.0,MGR047,Remote,0,72.0,10.0,1,12,0
EMP1510,Customer Success,Mid,2020-06-12,,28,48,76055,3.0,MGR061,Remote,1,33.0,9.0,0,35,0
EMP1511,Sales,Manager,2023-01-21,,44,16,125142,4.0,MGR121,Office,0,5.0,10.0,0,7,0
EMP1512,Engineering,Junior,2022-10-21,,34,19,72637,4.0,MGR001,Hybrid,0,13.0,7.0,0,13,0
EMP1513,HR,Junior,2023-04-12,,26,13,51762,4.0,MGR030,Remote,0,8.0,7.0,2,1,0
EMP1514,Finance,Senior,2020-06-27,,35,47,116771,4.0,MGR091,Office,0,24.0,8.0,3,1,0
EMP1515,Finance,Mid,2022-12-25,,35,17,87306,3.0,MGR126,Hybrid,0,15.0,6.0,1,1,0
EMP1516,Engineering,Mid,2023-06-15,,26,11,83209,4.0,MGR129,Remote,0,17.0,7.0,0,7,0
EMP1517,Marketing,Junior,2022-05-02,,23,25,49821,4.0,MGR013,Office,0,,6.0,1,7,0
EMP1518,Operations,Junior,03/12/2021,,22,39,46489,2.0,MGR053,Office,0,28.0,7.0,0,15,0
EMP1519,Engineering,Senior,2022-10-15,,35,19,118164,3.0,MGR059,Office,1,57.0,7.0,1,28,0
EMP1520,Engineering,Senior,2020-09-03,2021-06-01,35,9,101930,4.0,MGR091,Office,0,22.0,6.0,1,15,1
EMP1521,Operations,Mid,2021-05-29,,124,36,84705,5.0,MGR135,Hybrid,0,6.0,7.0,2,3,0
EMP1522,Marketing,Senior,2022-07-10,,43,23,92490,3.0,MGR122,Office,1,44.0,9.0,1,4,0
EMP1523,Engineering,Junior,2023-12-08,,27,5,72643,5.0,MGR013,Office,0,21.0,9.0,2,31,0
EMP1524,Engineering,Junior,2023-03-11,2023-07-30,22,4,48379,4.0,MGR071,Hybrid,0,38.0,,2,12,1
EMP1525,Finance,Senior,2021-10-23,,38,31,96167,4.0,MGR045,Remote,1,13.0,2.0,0,3,0
EMP1526,Engineering,Senior,2023-09-09,2024-02-08,33,5,104148,4.0,MGR017,Office,0,21.0,4.0,0,17,1
EMP1527,Operations,Senior,2020-02-16,2021-11-16,37,21,98785,4.0,MGR032,Remote,1,18.0,4.0,4,15,1
EMP1528,Sales,Mid,2022-04-06,,28,26,93086,4.0,MGR084,Remote,0,19.0,7.0,0,14,0
EMP1529,Sales,Junior,2020-05-25,,22,48,73818,4.0,MGR120,Remote,0,40.0,4.0,3,28,0
EMP1530,Sales,Lead,2022-07-21,,46,22,153437,4.0,MGR023,Office,0,16.0,8.0,3,9,0
EMP1531,Engineering,Junior,2020-06-26,,26,47,70697,4.0,MGR006,Office,1,5.0,2.0,0,34,0
EMP1532,Marketing,Mid,07/23/2023,,25,10,65708,2.0,MGR105,Hybrid,1,29.0,9.0,1,15,0
EMP1533,Operations,Senior,2020-06-30,,30,47,95768,3.0,MGR137,Remote,0,32.0,6.0,1,8,0
EMP1533,Operations,Senior,2020-06-30,,30,47,95768,3.0,MGR137,Remote,0,32.0,6.0,1,8,0
EMP1534,Finance,Mid,2022-12-03,,36,18,61620,5.0,MGR138,Hybrid,0,14.0,7.0,0,18,0
EMP1535,Engineering,Junior,2021-06-18,2022-09-12,22,15,49912,3.0,MGR135,Hybrid,0,30.0,7.0,2,1,1
EMP1536,Engineering,Senior,2022-01-25,,37,28,124071,4.0,MGR095,Remote,0,47.0,8.0,3,20,0
EMP1537,Marketing,Senior,2023-07-12,2024-02-23,33,7,101119,2.0,MGR044,Remote,0,25.0,7.0,2,10,1
EMP1538,Engineering, Mid ,2021-03-17,,34,39,73826,4.0,MGR001,Hybrid,0,26.0,5.0,3,6,0
EMP1539,Engineering,Manager,2020-06-12,,46,48,134769,4.0,MGR086,Remote,0,0.0,9.0,1,11,0
EMP1540,Engineering,Senior,2020-11-10,,33,43,118229,1.0,MGR082,Office,1,15.0,8.0,0,37,0
EMP1541,Engineering,Mid,2022-06-12,,26,24,124747,4.0,MGR118,Office,0,22.0,6.0,4,9,0
EMP1541,Engineering,Mid,2022-06-12,,26,24,124747,4.0,MGR118,Office,0,22.0,6.0,4,9,0
EMP1542,Engineering,Senior,2021-12-14,,30,30,835900,3.0,MGR075,Office,1,12.0,7.0,2,16,0
EMP1543,Engineering,Lead,2021-01-24,2021-02-28,38,1,179208,2.0,MGR085,Hybrid,0,20.0,9.0,3,3,1
EMP1544,Marketing,Junior,2023-12-03,,22,6,50309,5.0,MGR144,Remote,0,9.0,6.0,0,3,0
EMP1545,Engineering,Junior,11/28/2023,,131,6,34201,4.0,MGR107,Remote,0,18.0,9.0,2,14,0
EMP1546,Engineering,Senior,2020-09-30,,34,44,133547,3.0,MGR090,Office,0,17.0,7.0,2,16,0
EMP1547,Engineering,Mid,2020-08-06,,32,46,84356,5.0,MGR144,Hybrid,0,18.0,8.0,2,8,0
EMP1548,Engineering,Mid,2020-09-02,,33,45,90102,2.0,MGR004,Office,1,50.0,4.0,1,16,0
EMP1549,Sales,Mid,2021-04-14,2023-01-21,29,21,89411,3.0,MGR047,Hybrid,0,6.0,2.0,1,66,1
EMP1550,Sales,Mid,05/19/2021,2024-01-27,31,32,76545,2.0,MGR091,Office,0,22.0,6.0,3,42,1
EMP1551,Engineering,Junior,2023-02-04,,34,16,73197,2.0,MGR100,Remote,0,33.0,5.0,2,3,0
EMP1552,Marketing, Senior ,2020-12-30,,30,41,93934,2.0,MGR009,Office,0,0.0,5.0,4,22,0
EMP1553,Finance,Lead,2022-07-03,,39,23,143772,3.0,MGR008,Remote,0,0.0,8.0,2,1,0
EMP1554,Marketing,Manager,2021-11-26,,27,30,144313,4.0,MGR022,Remote,0,36.0,7.0,1,4,0
EMP1555,Engineering,Junior,2020-09-14,,22,45,61100,4.0,MGR074,Hybrid,0,36.0,7.0,0,4,0
EMP1556,Engineering,Mid,2020-01-30,,28,52,101500,3.0,MGR083,Office,0,27.0,9.0,2,23,0
EMP1557,Sales,Manager,2023-05-10,2024-03-31,46,10,185596,3.0,MGR017,Office,1,29.0,8.0,0,17,1
EMP1558,Engineering,Mid,2021-09-27,,25,32,100427,5.0,MGR113,Remote,0,46.0,6.0,2,20,0
EMP1559,ENGINEERING,Junior,2021-06-10,2023-11-20,32,29,66791,2.0,MGR145,Hybrid,1,31.0,3.0,0,15,1
EMP1560,SALES,Senior,2021-03-12,,27,39,106276,4.0,MGR001,Hybrid,0,36.0,9.0,4,15,0
EMP1561,CUSTOMER SUCCESS,Senior,2023-11-09,,29,6,100940,,MGR065,Office,0,,9.0,2,7,0
EMP1562,Engineering,Mid,2021-04-05,,25,38,79446,5.0,MGR102,Remote,0,22.0,7.0,0,3,0
EMP1563,Finance,Manager,2021-05-17,2022-10-20,36,17,168177,2.0,MGR121,Office,0,50.0,2.0,4,5,1
EMP1564,Product,Senior,2022-03-15,,28,26,116593,4.0,MGR004,Hybrid,0,0.0,8.0,0,1,0
EMP1565,HR,Senior,2023-05-02,,38,13,84527,2.0,MGR016,Office,0,68.0,,2,1,0
EMP1566,MARKETING,Junior,2021-12-20,,30,29,44002,4.0,MGR072,Hybrid,0,17.0,7.0,3,8,0
EMP1567,Marketing,Mid,2020-03-29,,30,50,78407,4.0,MGR104,Remote,1,27.0,1.0,0,5,0
EMP1568,Engineering,Senior,2022-06-06,,28,24,116721,5.0,MGR020,Office,1,44.0,9.0,2,1,0
EMP1569,Sales,Mid,2020-04-03,,23,50,83031,4.0,MGR014,Remote,0,16.0,10.0,0,11,0
EMP1570,Engineering,Senior,2023-05-17,,28,12,114462,4.0,MGR145,Hybrid,0,40.0,5.0,2,17,0
EMP1571,Engineering,Mid,2020-12-10,2023-04-19,22,28,1043580,4.0,MGR067,Hybrid,0,16.0,4.0,0,25,1
EMP1572,Product,Junior,2020-01-18,,32,53,71927,4.0,MGR123,Hybrid,0,33.0,7.0,1,40,0
EMP1573,HR,Lead,2021-04-29,,29,37,113415,4.0,MGR061,Remote,0,45.0,7.0,3,9,0
EMP1574,Sales,Mid,2020-05-04,2022-07-06,30,26,82458,4.0,MGR126,Remote,0,42.0,2.0,0,4,1
EMP1575,Sales,Senior,2022-01-13,2023-08-11,35,19,107627,2.0,MGR114,Office,0,15.0,2.0,3,56,1
EMP1576,Sales,Mid,03/24/2021,,33,38,76536,4.0,MGR054,Remote,0,26.0,5.0,3,25,0
EMP1577,Engineering,Senior,2021-03-17,2022-08-14,35,17,101594,5.0,MGR135,Office,0,30.0,6.0,1,2,1
EMP1578,Sales,Mid,2023-07-11,2023-08-30,30,1,77203,1.0,MGR038,Hybrid,1,37.0,3.0,0,30,1
EMP1579,HR,Mid,2021-03-20,,35,38,77047,4.0,MGR001,Office,0,16.0,7.0,1,9,0
EMP1580,Finance, Mid ,2020-03-14,,30,51,77709,3.0,MGR063,Hybrid,0,12.0,6.0,2,21,0
EMP1581,Engineering,Senior,2023-06-11,,41,11,114419,3.0,MGR043,Hybrid,0,20.0,6.0,0,10,0
EMP1582,Operations,Senior,2020-10-24,2021-02-09,44,3,93344,4.0,MGR123,Office,0,20.0,5.0,4,11,1
EMP1583,Engineering,Junior,2021-07-29,,29,34,64388,3.0,MGR114,Hybrid,0,58.0,10.0,2,1,0
EMP1584,Engineering,Senior,2020-01-14,,40,53,103112,4.0,MGR076,Remote,0,,8.0,0,51,0
EMP1585,Engineering,Senior,2022-09-14,,34,20,152317,3.0,MGR076,Office,0,22.0,10.0,0,10,0
EMP1586,Engineering,Senior,2022-05-10,,34,25,121515,4.0,MGR045,Office,0,32.0,5.0,2,3,0
EMP1587,Sales,Mid,2021-10-13,,29,32,81447,4.0,MGR089,Office,0,36.0,9.0,0,39,0
EMP1588,Sales,Senior,2023-08-12,2024-03-09,43,7,101758,3.0,MGR033,Office,0,19.0,3.0,0,19,1
EMP1589,Engineering,Manager,2021-10-03,2024-04-22,46,31,192746,2.0,MGR031,Office,0,16.0,6.0,3,29,1
EMP1590,Marketing,Director,11/12/2023,2023-12-16,56,1,154793,2.0,MGR088,Office,0,25.0,3.0,0,16,1
EMP1591,Sales,Mid,2020-12-02,2021-01-23,25,1,75009,3.0,MGR101,Hybrid,0,13.0,6.0,3,1,1
EMP1592,Engineering,Senior,2020-07-13,2021-08-08,31,13,127431,2.0,MGR062,Office,0,52.0,4.0,2,1,1
EMP1593,Finance,Director,2022-02-15,,42,27,187351,3.0,MGR011,Hybrid,0,35.0,6.0,0,1,0
EMP1594,Engineering,Senior,2023-10-11,,34,7,135899,4.0,MGR093,Hybrid,0,16.0,6.0,1,3,0
EMP1595,Engineering,Senior,2022-09-06,,36,21,129714,4.0,MGR089,Office,0,22.0,6.0,3,2,0
EMP1596,Sales,Lead,2020-02-26,,39,51,134803,5.0,MGR109,Hybrid,0,8.0,8.0,1,2,0
EMP1597,Engineering,Manager,2021-01-25,,41,40,127454,4.0,MGR035,Remote,0,47.0,7.0,1,64,0
EMP1598,Engineering,Mid,2020-02-02,,24,52,72133,3.0,MGR026,Hybrid,0,,5.0,0,1,0
EMP1599,Engineering,Manager,2021-08-24,,30,33,158133,4.0,MGR091,Hybrid,0,27.0,9.0,0,2,0
EMP1600,ENGINEERING,Manager,2023-11-15,2023-12-31,57,1,156155,2.0,MGR147,Remote,1,18.0,3.0,0,17,1
EMP1601,Engineering,Junior,2021-04-09,2023-01-10,34,21,56922,1.0,MGR018,Office,0,13.0,10.0,2,18,1
EMP1602,Engineering,Senior,2021-04-23,2024-03-08,35,35,146985,1.0,MGR081,Office,0,29.0,6.0,4,19,1
EMP1603,Finance,Senior,2021-08-01,,30,34,106534,5.0,MGR052,Office,0,4.0,9.0,0,3,0
EMP1604,Engineering,Junior,2023-01-11,,36,16,61223,2.0,MGR047,Hybrid,1,11.0,5.0,1,13,0
EMP1605,Engineering,Manager,2022-04-24,,38,25,204815,3.0,MGR080,Hybrid,0,28.0,9.0,2,6,0
EMP1606,Operations,Junior,2020-10-11,,22,44,52675,4.0,MGR028,Hybrid,1,11.0,10.0,0,27,0
EMP1607,FINANCE,Senior,2023-09-12,,32,8,99650,3.0,MGR134,Remote,0,28.0,9.0,1,1,0
EMP1608,Sales,Senior,2022-12-31,2024-02-10,28,13,87185,3.0,MGR094,Office,0,29.0,10.0,0,7,1
EMP1609,Marketing, Senior ,2021-10-02,,41,32,94282,5.0,MGR121,Hybrid,1,11.0,10.0,2,60,0
EMP1610,Marketing,Mid,2021-05-30,,28,36,79040,4.0,MGR101,Office,0,0.0,6.0,0,12,0
EMP1611,Engineering,Senior,08/29/2021,2024-03-24,28,31,107929,5.0,MGR145,Hybrid,0,26.0,5.0,1,3,1
EMP1612,Finance,Junior,12/13/2022,2023-09-26,23,9,48734,1.0,MGR110,Hybrid,1,46.0,7.0,1,9,1
EMP1613,Engineering,Junior,2023-10-08,2024-04-15,24,6,71708,2.0,MGR069,Remote,0,0.0,,1,4,1
EMP1614,HR,Lead,2022-01-27,,29,28,118197,5.0,MGR083,Remote,1,41.0,7.0,2,13,0
EMP1615,Marketing,Mid,2022-06-06,,38,24,81264,4.0,MGR014,Hybrid,0,25.0,6.0,0,5,0
EMP1616,Engineering,Lead,2023-01-28,,44,16,164871,3.0,MGR130,Remote,0,40.0,9.0,0,25,0
EMP1617,Sales,Senior,2021-09-21,2024-01-09,25,28,94663,2.0,MGR140,Remote,0,17.0,7.0,0,4,1
EMP1618,Sales,Manager,2021-04-13,2022-08-11,44,16,90688,5.0,MGR122,Office,1,27.0,6.0,0,14,1
EMP1619,ENGINEERING,Junior,2022-05-26,,27,24,59372,4.0,MGR044,Remote,0,50.0,7.0,1,27,0
EMP1620,Sales,Senior,2022-12-07,,35,18,113592,2.0,MGR027,Remote,1,0.0,10.0,2,17,0
EMP1621,Operations,Junior,2023-11-19,2024-05-06,24,5,52014,5.0,MGR089,Remote,0,34.0,10.0,3,32,1
EMP1622,Engineering,Mid,2023-02-16,2023-07-14,29,4,100688,4.0,MGR056,Hybrid,0,43.0,4.0,2,2,1
EMP1623,Sales,Junior,2020-06-03,,33,48,58750,3.0,MGR064,Office,0,30.0,7.0,1,32,0
EMP1624,Engineering,Junior,2020-12-28,,28,41,76007,2.0,MGR124,Hybrid,1,,5.0,1,5,0
EMP1625,Engineering,Manager,2023-11-27,,45,6,183834,5.0,MGR136,Office,1,12.0,1.0,2,8,0
EMP1626,ENGINEERING,Senior,2020-07-02,2022-06-01,39,-23,99289,3.0,MGR049,Office,0,22.0,2.0,3,1,1
EMP1627,Engineering,Director,2022-04-05,,45,26,287861,2.0,MGR023,Office,0,64.0,10.0,0,36,0
EMP1628,Engineering,Senior,2022-08-27,2022-10-07,40,1,111903,2.0,MGR094,Remote,0,37.0,2.0,0,22,1
EMP1629,Engineering,Lead,2023-05-16,,33,12,142652,4.0,MGR082,Remote,0,21.0,9.0,0,1,0
EMP1630,Finance,Lead,2020-05-22,,36,49,118610,4.0,MGR062,Remote,0,0.0,10.0,0,2,0
EMP1631,Customer Success,Junior,2021-11-24,,24,30,643440,3.0,MGR113,Remote,0,43.0,5.0,2,3,0
EMP1632,Engineering,Senior,01/03/2023,2024-04-23,38,15,110297,2.0,MGR082,Remote,0,49.0,4.0,2,46,1
EMP1633,HR,Manager,09/08/2022,,34,21,113967,3.0,MGR102,Office,1,35.0,4.0,3,3,0
EMP1634,Engineering,Mid,2023-02-03,,22,16,117335,4.0,MGR059,Hybrid,1,52.0,1.0,0,8,0
EMP1634,Engineering,Mid,2023-02-03,,22,16,117335,4.0,MGR059,Hybrid,1,52.0,1.0,0,8,0
EMP1635,Marketing,Junior,2020-12-06,,23,42,52796,3.0,MGR095,Remote,0,26.0,4.0,3,53,0
EMP1636,HR,Mid,2021-04-09,,30,38,65360,1.0,MGR100,Remote,1,43.0,5.0,2,12,0
EMP1637,Operations,Mid,06/13/2022,,31,23,51333,2.0,MGR133,Office,0,12.0,7.0,2,20,0
EMP1638,Marketing, Senior ,2020-08-08,,33,46,89380,3.0,MGR138,Remote,0,28.0,7.0,0,32,0
EMP1639,Product,Junior,2022-08-26,,22,21,63497,5.0,MGR034,Office,0,,6.0,4,2,0
EMP1640,Customer Success,Mid,2020-12-07,,30,42,83102,4.0,MGR133,Office,0,46.0,6.0,1,3,0
EMP1641,Engineering,Mid,2022-09-27,,31,20,78996,4.0,MGR061,Remote,0,21.0,6.0,1,1,0
EMP1642,Sales,Director,06/01/2020,2021-04-03,49,10,169025,5.0,MGR079,Hybrid,0,21.0,4.0,2,36,1
EMP1643,Finance,Senior,2022-03-24,,31,26,102610,5.0,MGR080,Office,0,26.0,6.0,1,13,0
EMP1644,Engineering,Junior,2021-09-01,,22,33,70100,3.0,MGR005,Office,1,21.0,7.0,0,16,0
EMP1645,Sales,Junior,2020-02-11,,27,52,57207,5.0,MGR029,Hybrid,0,46.0,10.0,3,11,0
EMP1646,HR,Mid,2021-05-04,,25,37,51034,4.0,MGR142,Hybrid,0,2.0,9.0,2,21,0
EMP1647,Engineering, Mid ,2021-08-03,,30,34,82019,5.0,MGR097,Hybrid,0,26.0,10.0,0,4,0
EMP1648,Engineering,Junior,2022-01-18,,22,28,77278,4.0,MGR026,Remote,1,29.0,8.0,4,9,0
EMP1649,Operations,Manager,2020-09-07,,38,45,156474,4.0,MGR092,Hybrid,0,21.0,9.0,1,29,0
EMP1650,ENGINEERING,Manager,2022-05-17,,46,24,136802,2.0,MGR119,Hybrid,0,0.0,7.0,1,29,0
EMP1651,Engineering,Junior,2021-10-22,,28,31,53125,2.0,MGR023,Hybrid,1,21.0,10.0,1,16,0
EMP1652,Operations,Mid,2021-03-22,,22,38,75323,2.0,MGR055,Remote,0,31.0,7.0,1,2,0
EMP1653,Sales,Manager,2020-10-03,,48,44,136855,4.0,MGR115,Hybrid,0,9.0,4.0,3,6,0
EMP1654,HR,Junior,2022-03-26,2022-10-18,25,6,46215,4.0,MGR080,Office,0,34.0,5.0,2,4,1
EMP1655,ENGINEERING,Director,2020-02-06,2022-04-24,48,26,240339,4.0,MGR110,Remote,0,11.0,9.0,0,39,1
EMP1656,HR, Junior ,2021-07-29,2024-03-03,22,31,42101,1.0,MGR001,Remote,0,0.0,1.0,3,6,1
EMP1657,Sales,Manager,2023-12-25,2024-05-14,47,4,137193,1.0,MGR105,Office,0,26.0,10.0,2,6,1
EMP1658,Sales,Junior,2020-12-14,2023-04-11,23,28,55004,3.0,MGR055,Office,0,37.0,,3,2,1
EMP1659,Operations,Manager,2021-03-19,,38,39,153949,4.0,MGR098,Office,1,43.0,7.0,2,6,0
EMP1660,Operations,Mid,11/20/2022,,29,18,60422,5.0,MGR107,Hybrid,1,38.0,7.0,2,27,0
EMP1661,Engineering,Senior,2023-02-21,,31,15,146454,3.0,MGR039,Hybrid,0,26.0,5.0,1,9,0
EMP1662,ENGINEERING,Mid,2022-11-11,,26,18,117424,2.0,MGR127,Remote,0,35.0,8.0,0,5,0
EMP1663,ENGINEERING,Mid,03/26/2020,,29,50,89701,4.0,MGR106,Hybrid,0,40.0,8.0,3,36,0
EMP1664,Product,Junior,2021-06-18,,22,35,69488,3.0,MGR114,Office,0,26.0,7.0,3,23,0
EMP1665,Finance,Lead,2023-05-11,,30,12,120785,4.0,MGR117,Office,0,22.0,7.0,2,33,0
EMP1666,Sales,Senior,2020-07-26,,31,46,108497,5.0,MGR060,Hybrid,0,40.0,10.0,1,11,0
EMP1667,Engineering,Junior,2021-10-03,,26,32,74778,5.0,MGR109,Office,0,28.0,5.0,2,32,0
EMP1668,Sales,Senior,2022-03-28,,28,26,93211,4.0,MGR088,Remote,0,12.0,5.0,0,1,0
EMP1669,Marketing,Senior,2023-08-10,2024-04-07,36,8,81951,5.0,MGR091,Remote,0,18.0,10.0,2,15,1
EMP1670,Engineering,Mid,2021-07-15,,31,35,82946,3.0,MGR118,Hybrid,0,24.0,2.0,1,6,0
EMP1671,HR,Junior,2022-08-15,2023-12-16,22,16,37496,4.0,MGR135,Office,0,0.0,6.0,0,44,1
EMP1672,FINANCE,Manager,2020-02-19,,39,52,124571,1.0,MGR044,Remote,0,9.0,5.0,3,9,0
EMP1673,Sales,Mid,2022-11-22,2023-04-05,24,4,75579,3.0,MGR007,Office,1,27.0,4.0,0,46,1
EMP1674,Marketing,Junior,2021-09-01,2023-07-29,31,23,41651,3.0,MGR081,Office,0,,4.0,3,21,1
EMP1675,Finance,Senior,2020-10-03,2024-02-13,34,40,118777,3.0,MGR136,Remote,0,,5.0,2,1,1
EMP1676,SALES,Senior,2020-03-04,,31,51,77221,5.0,MGR093,Office,1,11.0,6.0,1,1,0
EMP1677,Finance,Mid,2023-08-05,2024-01-17,28,5,51744,3.0,MGR038,Remote,0,19.0,10.0,3,7,1
EMP1678,Sales,Junior,2023-08-01,2024-04-17,28,8,55920,2.0,MGR074,Remote,0,34.0,7.0,0,1,1
EMP1679,Finance,Manager,2023-01-01,,42,17,170996,4.0,MGR128,Office,0,21.0,4.0,1,3,0
EMP1680,Operations, Senior ,2023-01-10,,36,16,91176,3.0,MGR137,Office,1,34.0,9.0,1,23,0
EMP1681,Engineering,Senior,2022-06-13,,35,23,170470,3.0,MGR066,Remote,0,23.0,8.0,2,31,0
EMP1682,Sales,Manager,2021-04-19,,38,37,118472,4.0,MGR139,Remote,0,22.0,8.0,0,35,0
EMP1683,Engineering,Mid,2020-04-11,,25,50,87814,2.0,MGR003,Hybrid,0,40.0,8.0,1,4,0
EMP1684,Sales,Mid,2023-08-24,,38,9,78774,4.0,MGR007,Remote,0,19.0,9.0,1,32,0
EMP1685,HR,Mid,2023-11-12,2024-05-25,31,6,49379,5.0,MGR022,Remote,0,15.0,4.0,3,22,1
EMP1686,ENGINEERING,Senior,2020-03-16,,36,51,121761,3.0,MGR128,Hybrid,0,17.0,9.0,0,31,0
EMP1687,Engineering,Junior,2022-09-09,,22,21,58933,4.0,MGR019,Office,0,39.0,6.0,0,1,0
EMP1688,HR,Junior,2023-07-11,,22,10,40955,2.0,MGR148,Office,0,37.0,8.0,2,27,0
EMP1689,HR,Mid,2023-08-26,,29,9,61366,4.0,MGR088,Remote,0,27.0,8.0,0,8,0
EMP1690,Customer Success,Lead,08/22/2021,2023-09-01,41,24,106654,5.0,MGR024,Office,0,4.0,1.0,3,10,1
EMP1691,Marketing,Junior,2023-06-03,,26,12,42552,2.0,MGR080,Remote,0,27.0,8.0,2,15,0
EMP1692,Product,Junior,2023-09-08,,27,8,446590,3.0,MGR018,Remote,0,13.0,7.0,1,13,0
EMP1693,Customer Success,Senior,2020-02-03,,38,52,88342,4.0,MGR145,Remote,0,19.0,,1,29,0
EMP1694,Marketing,Mid,2020-12-25,,31,41,75561,4.0,MGR118,Hybrid,1,41.0,9.0,1,8,0
EMP1695,ENGINEERING,Lead,2021-12-21,2023-08-09,35,19,140214,5.0,MGR147,Office,0,24.0,3.0,1,2,1
EMP1696,Finance,Senior,2021-01-26,,47,40,99151,4.0,MGR126,Office,0,31.0,7.0,1,29,0
EMP1697,Operations,Mid,2023-10-16,,29,7,77235,5.0,MGR115,Office,0,40.0,1.0,1,7,0
EMP1698,Customer Success,Lead,2022-07-17,,25,22,127197,3.0,MGR058,Hybrid,0,35.0,7.0,2,13,0
EMP1699,Sales,Senior,2020-01-29,,41,52,104170,3.0,MGR141,Office,0,48.0,5.0,1,39,0
EMP1700,Marketing,Junior,2022-11-09,2023-09-28,22,10,43431,,MGR038,Office,0,26.0,,0,1,1
EMP1701,Sales,Lead,2020-08-31,2022-07-01,34,22,163704,3.0,MGR093,Hybrid,1,,5.0,2,8,1
EMP1702,Sales,Mid,2020-04-11,,36,50,77864,4.0,MGR043,Office,1,6.0,7.0,0,6,0
EMP1703,MARKETING,Manager,2023-11-24,,43,6,110686,3.0,MGR133,Remote,0,48.0,10.0,2,17,0
EMP1704,Sales,Mid,2023-03-25,2024-04-04,27,12,69923,4.0,MGR086,Office,0,9.0,2.0,1,8,1
EMP1705,HR,Mid,2021-01-29,,41,40,59182,4.0,MGR005,Remote,1,48.0,10.0,0,4,0
EMP1706,Engineering,Lead,2021-06-08,,45,36,155187,1.0,MGR007,Remote,0,27.0,8.0,0,26,0
EMP1707,Engineering,Junior,2021-11-15,,22,30,73326,4.0,MGR143,Remote,0,22.0,3.0,1,1,0
EMP1708,Marketing,Senior,2021-12-27,,32,29,87154,2.0,MGR002,Office,1,31.0,5.0,0,14,0
EMP1709,Engineering,Junior,2020-11-24,,24,42,70939,1.0,MGR014,Office,0,36.0,6.0,4,17,0
EMP1710,Engineering,Junior,2020-04-28,2023-05-04,28,36,84889,5.0,MGR114,Office,0,39.0,9.0,1,20,1
EMP1711,Finance,Mid,2023-10-27,,32,7,81967,3.0,MGR083,Hybrid,0,25.0,8.0,2,25,0
EMP1712,Engineering, Senior ,2021-08-04,,35,34,122199,4.0,MGR079,Remote,0,52.0,9.0,2,9,0
EMP1713,Customer Success,Junior,2021-05-23,,25,36,61362,5.0,MGR004,Office,1,25.0,8.0,4,4,0
EMP1714,Engineering,Mid,2022-08-09,,39,22,103377,3.0,MGR042,Remote,1,33.0,9.0,0,5,0
EMP1715,HR,Senior,2020-07-03,,41,47,72669,5.0,MGR084,Office,0,35.0,4.0,1,55,0
EMP1716,Engineering,Manager,2023-10-08,,52,7,197912,5.0,MGR090,Office,0,0.0,8.0,1,16,0
EMP1717,Marketing,Lead,2022-12-26,,35,17,154473,,MGR082,Hybrid,0,35.0,9.0,0,14,0
EMP1718,Engineering,Mid,2023-04-21,,30,13,84656,3.0,MGR067,Office,0,12.0,8.0,1,45,0
EMP1719,Engineering,Mid,2020-12-07,2022-09-06,42,21,66610,,MGR108,Hybrid,0,35.0,7.0,2,3,1
EMP1720,HR,Mid,2022-04-16,,28,25,42784,5.0,MGR078,Office,1,12.0,7.0,3,9,0
EMP1721,Engineering,Senior,2023-03-26,2023-05-25,44,2,132771,1.0,MGR113,Office,1,0.0,7.0,3,5,1
EMP1722,ENGINEERING,Manager,2022-06-14,2023-07-26,38,13,146033,3.0,MGR090,Office,0,6.0,7.0,4,31,1
EMP1723,Sales,Junior,2022-11-06,,25,19,71970,,MGR032,Remote,0,34.0,4.0,1,17,0
EMP1724,Engineering,Mid,2020-04-13,,41,50,83790,4.0,MGR149,Remote,0,54.0,7.0,2,4,0
EMP1725,HR,Lead,2023-03-19,,29,14,112827,3.0,MGR147,Office,0,21.0,10.0,0,5,0
EMP1726,Engineering,Junior,2023-02-01,,22,16,61251,3.0,MGR006,Office,0,39.0,5.0,1,6,0
EMP1727,Finance,Senior,2020-12-04,,38,42,90633,4.0,MGR085,Remote,0,29.0,7.0,3,15,0
EMP1728,MARKETING,Mid,2020-09-13,,30,45,62264,2.0,MGR133,Hybrid,1,10.0,4.0,2,10,0
EMP1729,Engineering,Senior,2021-01-16,2021-04-02,136,2,111090,1.0,MGR035,Office,1,0.0,5.0,1,25,1
EMP1730,Operations,Mid,2020-06-25,2020-12-22,32,6,58025,4.0,MGR076,Office,0,31.0,4.0,2,13,1
EMP1731,Sales,Mid,2020-07-24,,25,46,105414,4.0,MGR019,Remote,0,17.0,10.0,3,3,0
EMP1732,Sales,Senior,2022-06-27,,39,23,92862,4.0,MGR040,Remote,0,26.0,6.0,3,16,0
EMP1733,Engineering,Mid,2021-06-11,,22,36,75748,3.0,MGR025,Hybrid,0,27.0,7.0,2,14,0
EMP1734,Sales,Senior,01/06/2023,,30,17,100808,4.0,MGR032,Office,0,17.0,10.0,0,1,0
EMP1735,Sales,Senior,2020-12-23,,30,41,88326,4.0,MGR045,Remote,0,38.0,6.0,2,6,0
EMP1736,Sales,Mid,2023-12-12,,27,5,84126,4.0,MGR093,Office,0,49.0,10.0,2,1,0
EMP1737,Marketing,Mid,2023-06-27,2024-04-11,28,9,65015,3.0,MGR022,Office,1,28.0,10.0,4,5,1
EMP1738,Sales,Senior,2021-12-27,,27,29,92232,4.0,MGR073,Office,0,32.0,2.0,1,5,0
EMP1739,Engineering,Senior,2020-07-23,,32,46,140590,4.0,MGR113,Remote,0,31.0,9.0,0,1,0
EMP1740,Engineering,Senior,2022-03-11,,33,27,67392,4.0,MGR117,Office,0,58.0,7.0,4,36,0
EMP1741,Engineering,Senior,2021-01-11,,38,41,119325,4.0,MGR095,Remote,0,20.0,10.0,3,18,0
EMP1742,Engineering,Senior,2020-11-13,,35,43,127346,5.0,MGR018,Office,0,31.0,8.0,3,29,0
EMP1743,Engineering,Director,2023-11-22,,47,6,228024,3.0,MGR143,Hybrid,1,21.0,6.0,1,15,0
EMP1744,Sales,Junior,2020-11-21,,22,42,52373,3.0,MGR063,Remote,0,41.0,10.0,1,28,0
EMP1745,Operations,Senior,2023-05-29,2023-08-26,27,2,101493,3.0,MGR133,Remote,0,8.0,5.0,0,13,1
EMP1746,Engineering,Junior,2023-10-29,,131,7,91201,4.0,MGR066,Hybrid,0,34.0,1.0,2,24,0
EMP1747,HR,Mid,2022-10-10,2023-02-04,29,3,46637,4.0,MGR001,Office,0,9.0,9.0,2,3,1
EMP1748,Engineering,Senior,2020-11-12,,30,43,90442,5.0,MGR113,Office,0,14.0,10.0,1,27,0
EMP1749,Finance,Junior,2021-10-20,,22,31,56163,3.0,MGR076,Hybrid,0,19.0,2.0,0,2,0
EMP1750,HR,Manager,2021-12-19,,143,29,133290,4.0,MGR002,Remote,0,26.0,5.0,3,10,0
EMP1751,Engineering,Lead,2022-08-19,,31,21,147567,4.0,MGR105,Office,0,0.0,3.0,2,10,0
EMP1752,Engineering,Junior,2021-03-14,,34,39,68212,3.0,MGR021,Remote,0,22.0,8.0,2,21,0
EMP1753,Engineering,Manager,2022-08-01,,44,22,191906,3.0,MGR043,Office,0,15.0,10.0,0,24,0
EMP1754,Engineering,Manager,03/04/2022,,43,27,233114,4.0,MGR094,Hybrid,1,19.0,5.0,1,29,0
EMP1755,Sales,Junior,2022-09-02,2023-04-23,31,7,48548,3.0,MGR094,Remote,0,,8.0,0,42,1
EMP1756,Finance,Junior,2022-01-11,2023-09-01,24,19,59906,2.0,MGR125,Office,1,11.0,6.0,1,30,1
EMP1757,Marketing,Mid,2021-08-15,,23,34,69418,4.0,MGR027,Hybrid,0,5.0,8.0,3,18,0
EMP1758,Engineering,Lead,2020-01-21,,44,53,142610,5.0,MGR084,Office,0,31.0,9.0,1,6,0
EMP1759,Finance,Mid,2023-05-08,,26,13,70859,3.0,MGR020,Office,0,62.0,5.0,2,33,0
EMP1760,HR,Junior,2020-08-15,,24,46,44456,3.0,MGR056,Office,0,40.0,6.0,3,1,0
EMP1761,Marketing,Lead,01/10/2023,,40,16,134372,2.0,MGR030,Remote,0,37.0,8.0,2,27,0
EMP1762,Finance,Senior,2022-01-01,,36,29,107996,4.0,MGR011,Office,0,14.0,5.0,2,18,0
EMP1763,Engineering,Mid,2021-07-08,2024-03-21,33,32,93760,3.0,MGR035,Office,1,7.0,3.0,3,1,1
EMP1764,Finance,Junior,2021-04-19,2021-09-08,27,4,59492,4.0,MGR134,Remote,0,20.0,1.0,3,4,1
EMP1765,Engineering,Manager,2020-07-17,,37,47,237413,3.0,MGR118,Remote,1,10.0,10.0,4,32,0
EMP1766,Marketing,Junior,2023-03-15,,22,14,47789,4.0,MGR132,Office,0,13.0,5.0,0,1,0
EMP1767,Finance,Junior,2022-09-25,,23,20,43649,4.0,MGR079,Office,0,11.0,7.0,1,46,0
EMP1768,Engineering,Mid,2023-12-04,,22,6,74572,4.0,MGR102,Remote,0,36.0,5.0,0,10,0
EMP1769,Engineering,Mid,2023-04-11,2023-09-18,40,5,99251,4.0,MGR124,Office,0,17.0,7.0,0,54,1
EMP1770,SALES,Lead,2020-08-04,,32,46,161835,4.0,MGR072,Hybrid,1,,,2,1,0
EMP1771,Marketing,Senior,2020-05-21,2023-04-25,24,35,90842,2.0,MGR062,Remote,0,16.0,4.0,0,3,1
EMP1772,Sales,Junior,2022-08-07,,23,22,45575,4.0,MGR115,Hybrid,0,,8.0,3,32,0
EMP1773,SALES,Mid,2021-06-04,2023-03-16,42,21,82472,1.0,MGR080,Remote,0,28.0,5.0,0,6,1
EMP1774,Engineering,Mid,2023-12-16,,37,5,84146,3.0,MGR049,Hybrid,0,44.0,4.0,1,37,0
EMP1775,HR,Senior,2022-05-02,,27,25,82952,4.0,MGR028,Office,0,24.0,7.0,2,15,0
EMP1776,Engineering,Senior,2023-03-15,2023-10-27,40,7,132087,3.0,MGR028,Office,0,27.0,5.0,3,33,1
EMP1777,Finance,Junior,2023-08-11,,29,9,54138,5.0,MGR047,Office,0,40.0,,4,14,0
EMP1778,Sales,Mid,2021-03-28,2021-06-01,29,2,81966,4.0,MGR041,Hybrid,0,5.0,5.0,0,1,1
EMP1779,Engineering,Senior,2022-09-18,,27,20,132064,3.0,MGR002,Remote,1,33.0,6.0,0,21,0
EMP1780,Customer Success,Senior,2022-03-27,,32,26,113269,4.0,MGR017,Office,0,19.0,6.0,1,4,0
EMP1781,Engineering,Senior,2020-04-26,,31,49,119527,1.0,MGR007,Office,0,32.0,10.0,1,5,0
EMP1782,Sales,Junior,07/06/2022,,26,23,53050,3.0,MGR144,Remote,1,27.0,9.0,0,27,0
EMP1783,HR,Manager,2020-09-29,,43,44,134153,1.0,MGR122,Office,0,50.0,2.0,2,5,0
EMP1784,Engineering,Mid,2020-03-21,,22,51,107912,4.0,MGR137,Remote,0,46.0,8.0,1,34,0
EMP1785,Marketing,Senior,2021-01-03,,34,41,108902,3.0,MGR067,Hybrid,1,41.0,9.0,3,7,0
EMP1786,Sales,Junior,2022-09-14,,26,20,61109,4.0,MGR034,Office,1,23.0,8.0,0,1,0
EMP1787,Engineering, Mid ,2023-05-24,2023-07-09,28,1,101104,4.0,MGR028,Hybrid,0,29.0,1.0,1,13,1
EMP1788,Marketing,Senior,2023-08-12,,42,9,70788,4.0,MGR004,Hybrid,0,11.0,7.0,2,4,0
EMP1789,HR,Senior,2020-05-23,,32,49,97476,5.0,MGR094,Remote,0,36.0,9.0,0,4,0
EMP1790,Engineering,Mid,2023-10-25,2024-05-10,33,6,118468,2.0,MGR081,Remote,0,30.0,6.0,2,1,1
EMP1791,Sales,Senior,2023-08-16,,25,9,88414,5.0,MGR147,Office,0,45.0,3.0,1,4,0
EMP1792,Operations,Lead,2022-12-16,,35,17,136746,4.0,MGR058,Remote,0,0.0,1.0,2,9,0
EMP1793,ENGINEERING,Junior,2023-04-12,,23,13,57906,3.0,MGR072,Hybrid,0,23.0,6.0,1,25,0
EMP1794,Sales,Senior,2020-01-22,,38,53,97874,4.0,MGR078,Office,0,13.0,8.0,0,7,0
EMP1795,Marketing,Junior,2023-04-21,,22,13,49212,5.0,MGR079,Remote,0,25.0,3.0,0,54,0
EMP1796,MARKETING,Manager,2020-12-07,2024-02-06,48,38,152260,1.0,MGR131,Remote,0,24.0,,2,8,1
EMP1797,Marketing,Mid,2021-09-24,,38,32,73507,4.0,MGR139,Hybrid,0,31.0,2.0,0,5,0
EMP1798,SALES,Mid,2020-08-24,2022-12-10,33,27,64292,4.0,MGR124,Office,0,34.0,6.0,0,8,1
EMP1799,Operations,Junior,2021-08-21,,23,33,52372,5.0,MGR148,Hybrid,0,41.0,,3,7,0
EMP1800,Operations,Manager,2020-01-04,2023-09-10,38,44,112385,3.0,MGR102,Office,0,25.0,9.0,1,15,1
EMP1801,Marketing,Mid,2020-08-16,,31,46,78008,5.0,MGR042,Office,0,23.0,10.0,1,1,0
EMP1802,Customer Success,Lead,2022-11-26,,38,18,101952,5.0,MGR066,Hybrid,1,17.0,5.0,1,26,0
EMP1803,Engineering,Senior,2020-12-31,,32,41,113548,3.0,MGR001,Office,0,25.0,5.0,2,10,0
EMP1804,Engineering,Manager,2023-09-06,,41,8,163897,2.0,MGR124,Office,1,15.0,8.0,1,7,0
EMP1805,Engineering,Junior,2023-10-17,,25,7,78216,4.0,MGR009,Hybrid,1,12.0,7.0,2,26,0
EMP1806,Finance,Lead,2021-05-09,2021-08-03,44,2,126569,4.0,MGR078,Remote,0,0.0,4.0,1,1,1
EMP1807,Sales,Mid,2020-02-15,2021-08-08,27,18,66189,1.0,MGR112,Remote,0,,8.0,3,22,1
EMP1808,Engineering,Mid,2023-06-09,,28,11,105660,4.0,MGR012,Office,0,0.0,10.0,1,3,0
EMP1809,Engineering,Junior,2021-12-08,,27,30,56304,4.0,MGR043,Office,0,,9.0,2,6,0
EMP1810,Finance,Junior,2021-07-16,,22,35,48272,4.0,MGR090,Office,1,35.0,6.0,0,17,0
EMP1811,Finance,Senior,2021-03-01,,30,39,89422,,MGR095,Hybrid,0,24.0,10.0,0,64,0
EMP1812,Marketing,Mid,2020-08-25,,24,45,66520,4.0,MGR048,Office,0,24.0,7.0,0,7,0
EMP1813,HR,Manager,2022-04-07,2024-01-23,47,21,112798,3.0,MGR007,Office,0,10.0,5.0,2,31,1
EMP1814,Engineering,Lead,2022-11-27,2023-05-01,41,5,149245,4.0,MGR119,Remote,1,15.0,3.0,1,9,1
EMP1815,Engineering,Junior,2021-09-12,,26,33,62435,5.0,MGR028,Office,1,7.0,4.0,0,3,0
EMP1816,HR,Mid,2022-02-19,2022-09-03,26,6,80303,4.0,MGR045,Office,1,30.0,9.0,0,39,1
EMP1817,Customer Success,Mid,2022-03-27,2023-08-12,31,16,69988,2.0,MGR006,Hybrid,1,47.0,6.0,4,1,1
EMP1818,Customer Success,Senior,2023-08-28,,30,9,104875,5.0,MGR008,Hybrid,0,8.0,10.0,0,62,0
EMP1819,Engineering,Junior,2022-07-10,,22,23,76460,3.0,MGR130,Office,1,,7.0,0,1,0
EMP1820,FINANCE,Manager,2020-08-21,,40,46,206674,4.0,MGR116,Hybrid,0,0.0,4.0,1,5,0
EMP1821,Sales, Junior ,2020-08-27,,22,45,71163,4.0,MGR147,Remote,0,14.0,8.0,0,25,0
EMP1822,Engineering,Junior,2021-05-24,,29,36,73237,4.0,MGR016,Remote,0,22.0,3.0,2,1,0
EMP1823,Sales,Senior,2021-09-15,2022-01-14,35,4,116969,2.0,MGR134,Office,0,0.0,4.0,0,1,1
EMP1824,Engineering,Mid,2022-02-01,,30,28,103244,4.0,MGR128,Office,0,11.0,9.0,3,6,0
EMP1825,Engineering,Mid,2020-09-01,,30,45,110294,3.0,MGR052,Office,0,0.0,5.0,2,3,0
EMP1826,Marketing,Mid,2020-08-06,2022-08-27,31,25,56779,3.0,MGR032,Remote,0,34.0,8.0,0,8,1
EMP1827,Sales,Junior,2023-09-09,,24,8,59689,4.0,MGR041,Hybrid,1,10.0,8.0,3,6,0
EMP1828,Engineering,Mid,2020-06-24,2020-09-22,38,3,89171,4.0,MGR143,Office,0,5.0,4.0,3,13,1
EMP1829,Marketing,Junior,2023-08-14,,24,9,38070,4.0,MGR054,Hybrid,0,12.0,9.0,1,15,0
EMP1830,Sales,Mid,2022-07-23,2023-03-10,27,7,93168,4.0,MGR129,Hybrid,0,25.0,3.0,2,21,1
EMP1831,Marketing, Manager ,2023-05-10,2023-08-31,30,3,131917,2.0,MGR121,Hybrid,1,34.0,6.0,4,7,1
EMP1832,Engineering,Manager,2021-05-22,,38,36,173207,3.0,MGR112,Hybrid,1,46.0,6.0,0,23,0
EMP1833,Engineering,Lead,2021-01-14,,46,41,160030,3.0,MGR010,Remote,0,41.0,9.0,3,1,0
EMP1834,Engineering,Senior,2023-03-04,2024-04-19,32,13,94297,2.0,MGR001,Office,0,35.0,9.0,0,3,1
EMP1835,Marketing,Mid,2020-01-05,,28,53,64689,3.0,MGR090,Hybrid,0,21.0,10.0,0,18,0
EMP1836,ENGINEERING,Senior,2023-05-31,,28,12,96997,5.0,MGR066,Hybrid,0,57.0,10.0,2,5,0
EMP1837,Engineering,Senior,2020-08-07,2021-04-15,48,8,136114,2.0,MGR079,Office,0,51.0,9.0,1,3,1
EMP1838,Marketing,Junior,2022-06-08,,27,24,53012,1.0,MGR058,Remote,1,54.0,10.0,0,13,0
EMP1839,OPERATIONS,Mid,2023-01-01,2023-09-22,32,8,56533,3.0,MGR039,Office,1,17.0,10.0,3,56,1
EMP1840,Marketing,Mid,2023-11-10,,22,6,68402,4.0,MGR039,Office,1,13.0,6.0,2,37,0
EMP1841,Engineering,Mid,2021-12-26,,31,29,93988,3.0,MGR128,Hybrid,0,48.0,5.0,1,9,0
EMP1842,Engineering,Mid,2022-10-30,2024-03-04,32,16,87423,1.0,MGR081,Hybrid,1,34.0,6.0,1,11,1
EMP1843,Marketing,Lead,2022-10-26,,36,19,138912,4.0,MGR028,Office,0,0.0,7.0,1,3,0
EMP1844,Marketing,Lead,2022-05-02,,38,25,122962,3.0,MGR109,Remote,0,0.0,7.0,2,5,0
EMP1845,Marketing, Mid ,2020-10-05,2023-12-05,22,38,51982,4.0,MGR002,Office,0,79.0,8.0,2,4,1
EMP1846,Engineering, Senior ,2021-06-19,,34,35,127908,4.0,MGR075,Office,0,10.0,6.0,0,28,0
EMP1847,Operations,Senior,2023-04-29,2024-05-31,34,13,82904,3.0,MGR070,Office,0,23.0,6.0,0,5,1
EMP1848,ENGINEERING,Mid,2020-03-31,,26,50,849730,4.0,MGR031,Hybrid,1,29.0,7.0,3,1,0
EMP1849,Engineering,Junior,2023-12-07,,31,5,51019,5.0,MGR109,Hybrid,0,13.0,,1,1,0
EMP1850,Engineering, Lead ,2023-09-04,,28,9,127790,4.0,MGR075,Remote,0,24.0,7.0,1,4,0
EMP1851,HR,Junior,2022-05-05,,25,25,46396,2.0,MGR072,Hybrid,0,1.0,8.0,1,6,0
EMP1852,Engineering,Lead,03/06/2020,,43,51,203131,3.0,MGR098,Office,1,53.0,10.0,3,22,0
EMP1853,Engineering,Manager,2023-04-30,,54,13,197571,4.0,MGR141,Hybrid,1,9.0,8.0,0,3,0
EMP1854,Marketing,Junior,2020-07-03,2021-05-21,22,10,39544,3.0,MGR089,Remote,0,46.0,5.0,1,4,1
EMP1855,Marketing,Senior,2021-01-31,,32,40,108577,3.0,MGR075,Hybrid,0,33.0,10.0,1,13,0
EMP1856,Engineering,Senior,05/17/2020,,29,49,135085,4.0,MGR142,Office,0,19.0,9.0,1,4,0
EMP1857,Sales,Mid,2020-10-11,,38,44,85118,5.0,MGR099,Remote,0,10.0,7.0,0,12,0
EMP1858,HR,Manager,2023-06-04,,33,12,138640,5.0,MGR004,Remote,0,33.0,4.0,3,16,0
EMP1859,Engineering,Senior,2020-12-05,,37,42,142164,3.0,MGR045,Hybrid,0,47.0,8.0,1,31,0
EMP1860,Engineering,Manager,2021-08-18,2024-02-12,46,30,185810,2.0,MGR040,Office,1,,3.0,2,10,1
EMP1861,Engineering,Junior,2023-10-27,,32,7,59292,4.0,MGR140,Office,0,37.0,6.0,0,22,0
EMP1862,Sales,Mid,2023-07-28,2024-01-14,33,5,68249,3.0,MGR115,Office,0,13.0,,2,7,1
EMP1863,Operations,Mid,2022-12-29,,22,17,83974,4.0,MGR136,Office,0,30.0,8.0,3,8,0
EMP1864,Sales,Senior,2021-03-08,2024-05-24,34,39,86229,,MGR104,Office,0,4.0,7.0,2,3,1
EMP1865,Engineering,Junior,05/09/2020,2021-12-10,30,19,59837,1.0,MGR041,Remote,0,15.0,8.0,0,9,1
EMP1866,Engineering,Manager,2020-12-13,2022-09-16,40,21,187970,2.0,MGR113,Hybrid,1,48.0,3.0,0,2,1
EMP1867,Engineering,Senior,2023-06-02,,38,12,120768,3.0,MGR059,Office,0,15.0,9.0,2,5,0
EMP1868,Engineering,Director,2022-08-16,,47,21,273708,4.0,MGR023,Office,0,30.0,7.0,2,22,0
EMP1869,Engineering,Mid,2021-08-07,2022-09-09,32,13,75775,1.0,MGR143,Remote,1,34.0,3.0,0,3,1
EMP1870,Finance,Junior,2023-12-26,,25,5,59577,3.0,MGR107,Office,0,28.0,7.0,1,48,0
EMP1871,Engineering,Senior,2023-06-27,2023-12-03,38,5,145524,4.0,MGR105,Office,1,23.0,8.0,4,76,1
EMP1872,Engineering,Mid,2020-01-25,,33,52,86960,4.0,MGR113,Office,0,,8.0,2,25,0
EMP1873,Engineering,Senior,2021-07-22,,37,34,133149,4.0,MGR137,Hybrid,0,10.0,8.0,2,10,0
EMP1874,Engineering,Junior,2022-03-13,2022-08-20,24,5,80424,5.0,MGR062,Hybrid,0,7.0,6.0,2,13,1
EMP1875,Sales,Lead,01/12/2022,,37,29,150558,2.0,MGR102,Office,0,0.0,9.0,2,5,0
EMP1876,Engineering,Mid,2022-03-13,,32,27,75087,4.0,MGR039,Remote,0,0.0,7.0,3,9,0
EMP1877,Engineering,Junior,2022-03-25,,29,26,62736,5.0,MGR075,Remote,1,24.0,6.0,2,11,0
EMP1878,Finance,Mid,2021-02-19,2021-06-08,35,3,81089,4.0,MGR128,Remote,0,27.0,6.0,3,13,1
EMP1879,ENGINEERING,Mid,2020-03-09,,29,51,89354,3.0,MGR062,Office,0,0.0,10.0,0,39,0
EMP1880,Finance, Manager ,2020-03-06,,40,51,126740,5.0,MGR092,Remote,0,31.0,6.0,2,9,0
EMP1881,ENGINEERING,Junior,2023-08-20,,23,9,56884,5.0,MGR085,Hybrid,0,20.0,6.0,1,16,0
EMP1882,Product,Lead,2023-03-15,,40,14,108313,4.0,MGR139,Remote,0,43.0,7.0,1,7,0
EMP1883,Product,Senior,2023-06-13,,35,11,89687,3.0,MGR086,Hybrid,1,52.0,8.0,0,40,0
EMP1884,Sales,Mid,06/07/2021,,32,36,92498,2.0,MGR052,Office,1,49.0,8.0,4,9,0
EMP1885,CUSTOMER SUCCESS,Mid,2023-09-21,,42,8,75413,4.0,MGR011,Office,0,14.0,8.0,0,10,0
EMP1886,Engineering,Junior,2023-10-27,,27,7,85263,5.0,MGR053,Remote,0,29.0,10.0,1,64,0
EMP1887,FINANCE,Senior,2021-02-09,,35,40,89533,4.0,MGR109,Office,0,26.0,8.0,4,1,0
EMP1888,Engineering,Senior,2022-01-07,,27,29,103951,4.0,MGR116,Hybrid,0,23.0,7.0,2,12,0
EMP1889,Marketing,Junior,2020-07-21,,30,47,34309,5.0,MGR048,Hybrid,0,34.0,5.0,4,4,0
EMP1890,Sales,Mid,01/21/2021,2022-04-19,28,15,45404,5.0,MGR141,Hybrid,0,,5.0,0,2,1
EMP1891,Engineering,Manager,2022-06-28,,52,23,197921,4.0,MGR010,Remote,0,24.0,8.0,2,2,0
EMP1892,Sales,Junior,07/31/2020,,30,46,59789,5.0,MGR104,Office,0,19.0,7.0,0,1,0
EMP1893,SALES,Mid,2021-08-06,,32,34,70599,5.0,MGR093,Office,0,31.0,7.0,1,1,0
EMP1894,Finance,Senior,2021-11-03,2023-03-21,33,16,83890,2.0,MGR118,Remote,0,51.0,7.0,0,1,1
EMP1895,Customer Success,Mid,2021-02-08,2021-05-17,31,3,71307,4.0,MGR002,Hybrid,1,44.0,5.0,1,8,1
EMP1896,HR,Mid,2023-07-31,,22,10,53313,4.0,MGR039,Office,0,50.0,5.0,2,23,0
EMP1897,Sales,Junior,2020-10-17,,30,44,57872,3.0,MGR042,Hybrid,1,56.0,5.0,0,4,0
EMP1898,Sales,Senior,2020-02-28,,37,51,94145,4.0,MGR021,Office,0,17.0,9.0,0,1,0
EMP1899,HR,Senior,03/08/2023,2023-11-20,30,8,101542,2.0,MGR061,Remote,0,31.0,7.0,0,9,1
EMP1900,Engineering,Mid,2022-04-04,2022-05-25,39,1,101025,3.0,MGR010,Hybrid,0,14.0,,2,17,1
EMP1901,Sales,Mid,2020-06-24,,31,47,81408,4.0,MGR068,Office,0,17.0,5.0,2,6,0
EMP1902,HR,Mid,2020-08-29,,30,45,48514,2.0,MGR104,Remote,0,12.0,7.0,0,38,0
EMP1903,Marketing,Junior,2021-12-21,,27,29,47929,4.0,MGR029,Office,1,21.0,8.0,2,12,0
EMP1904,Marketing,Mid,2022-11-03,,24,19,55475,4.0,MGR050,Office,0,0.0,4.0,0,56,0
EMP1905,Customer Success,Lead,2021-09-13,2024-01-21,37,28,130927,1.0,MGR001,Office,1,38.0,7.0,0,11,1
EMP1906,Engineering, Junior ,2020-03-19,2020-09-17,28,6,52699,3.0,MGR032,Hybrid,0,23.0,4.0,3,38,1
EMP1907,Operations,Mid,2022-06-27,,25,23,72393,2.0,MGR006,Hybrid,0,14.0,8.0,1,3,0
EMP1908,Marketing,Senior,2023-01-10,,33,16,90037,2.0,MGR124,Hybrid,0,42.0,9.0,0,28,0
EMP1909,Engineering,Mid,2021-12-21,,30,29,85757,4.0,MGR145,Hybrid,0,42.0,1.0,4,11,0
EMP1910,Engineering,Manager,2021-06-09,,43,36,169193,4.0,MGR120,Office,0,31.0,9.0,1,3,0
EMP1911,Engineering,Lead,2020-10-21,,42,43,144485,4.0,MGR133,Hybrid,0,3.0,9.0,1,2,0
EMP1912,Sales,Junior,2021-08-11,,22,34,67529,3.0,MGR130,Hybrid,0,22.0,4.0,1,20,0
EMP1913,FINANCE,Lead,2020-06-09,2021-07-02,36,12,152410,2.0,MGR091,Hybrid,1,22.0,7.0,0,35,1
EMP1914,Engineering,Mid,2023-10-18,2023-11-24,22,1,96397,3.0,MGR095,Remote,0,27.0,1.0,3,18,1
EMP1915,Sales,Mid,2023-07-20,2024-05-29,22,10,68316,3.0,MGR019,Office,1,0.0,4.0,3,3,1
EMP1916,Marketing,Mid,2020-12-05,2024-05-09,25,41,50077,4.0,MGR098,Office,0,45.0,8.0,3,12,1
EMP1917,HR,Senior,2023-10-12,,32,7,89182,3.0,MGR089,Office,0,17.0,4.0,1,4,0
EMP1918,Engineering,Senior,2022-10-25,2022-12-04,34,1,82595,4.0,MGR064,Office,1,14.0,4.0,1,1,1
EMP1919,Sales,Mid,2022-07-13,,27,22,63792,4.0,MGR048,Hybrid,0,25.0,7.0,0,10,0
EMP1920,Finance,Junior,2023-05-07,,22,13,63500,5.0,MGR097,Hybrid,0,55.0,10.0,1,27,0
EMP1921,Engineering,Junior,2020-04-28,,26,49,57730,3.0,MGR105,Remote,0,26.0,,1,6,0
EMP1922,Engineering,Mid,2020-11-27,,33,42,80646,4.0,MGR144,Office,0,41.0,5.0,3,6,0
EMP1923,Sales, Senior ,11/26/2020,,38,42,111008,5.0,MGR025,Office,0,29.0,6.0,3,27,0
EMP1924,Customer Success,Junior,2023-09-13,,29,8,48020,2.0,MGR023,Hybrid,0,32.0,8.0,0,9,0
EMP1925,Engineering,Junior,04/14/2022,,23,25,59883,3.0,MGR045,Office,0,3.0,7.0,2,25,0
EMP1926,Operations,Junior,2020-11-24,,22,42,46916,,MGR148,Office,1,18.0,6.0,0,7,0
EMP1927,Engineering,Lead,2021-11-12,,36,31,184198,4.0,MGR046,Remote,0,17.0,6.0,1,10,0
EMP1928,Customer Success,Senior,2022-07-26,,37,22,90879,4.0,MGR080,Hybrid,0,27.0,8.0,0,1,0
EMP1929,Marketing, Mid ,2022-10-27,,27,19,61728,2.0,MGR114,Office,0,31.0,9.0,0,26,0
EMP1930,Engineering,Mid,2020-12-11,,25,42,89953,3.0,MGR048,Office,0,21.0,6.0,0,29,0
EMP1931,Engineering,Junior,2021-12-18,2022-09-17,22,9,57618,4.0,MGR078,Remote,0,,8.0,0,8,1
EMP1932,Marketing, Lead ,2022-04-23,,35,25,115929,3.0,MGR003,Office,0,28.0,7.0,2,58,0
EMP1933,Sales,Senior,2022-08-27,2022-10-08,28,1,120745,2.0,MGR091,Hybrid,0,17.0,1.0,0,6,1
EMP1934,Operations,Senior,2021-06-29,,29,35,118879,4.0,MGR061,Hybrid,1,0.0,5.0,0,4,0
EMP1935,Customer Success,Manager,2020-02-01,2020-08-27,41,6,121355,5.0,MGR082,Office,1,26.0,7.0,0,20,1
EMP1936,Operations,Junior,2022-02-24,,28,27,49070,3.0,MGR024,Remote,0,19.0,7.0,2,4,0
EMP1937,Operations,Mid,2023-09-13,,22,8,65578,5.0,MGR136,Office,0,29.0,10.0,3,4,0
EMP1938,Product,Mid,08/28/2022,,26,21,85820,3.0,MGR057,Hybrid,0,24.0,7.0,0,7,0
EMP1939,Marketing,Senior,2022-12-17,,36,17,96758,4.0,MGR097,Hybrid,1,43.0,6.0,3,5,0
EMP1940,Sales,Junior,2020-07-12,,22,47,52164,4.0,MGR054,Remote,0,26.0,9.0,3,2,0
EMP1941,Sales,Director,2023-06-19,2024-04-26,44,10,219694,3.0,MGR083,Office,0,21.0,6.0,0,32,1
EMP1942,Engineering,Senior,2021-02-20,,47,39,88757,4.0,MGR008,Office,0,1.0,6.0,0,22,0
EMP1943,Engineering,Junior,2023-01-07,,29,17,69212,3.0,MGR039,Hybrid,0,20.0,8.0,3,14,0
EMP1944,Engineering,Manager,2021-10-28,,44,31,191971,4.0,MGR075,Remote,0,10.0,6.0,2,6,0
EMP1945,Engineering,Manager,2021-01-24,2024-05-17,47,40,166820,2.0,MGR089,Office,0,59.0,2.0,0,13,1
EMP1946,Sales,Mid,2023-11-03,,29,7,86046,4.0,MGR110,Remote,0,23.0,3.0,3,16,0
EMP1947,HR,Mid,2022-03-10,,22,27,64959,4.0,MGR007,Office,1,8.0,2.0,2,13,0
EMP1948,Finance,Mid,2022-09-18,,32,20,84719,4.0,MGR145,Office,0,21.0,6.0,3,35,0
EMP1949,Engineering,Mid,2022-11-22,,27,18,83821,3.0,MGR122,Remote,0,57.0,10.0,0,16,0
EMP1950,Sales,Mid,2022-10-19,,28,19,64262,3.0,MGR044,Remote,0,12.0,9.0,0,1,0
EMP1951,Sales,Senior,2022-06-11,2023-09-20,42,15,90500,3.0,MGR131,Office,0,26.0,8.0,3,1,1
EMP1952,Engineering,Junior,2020-03-15,,23,51,63376,4.0,MGR140,Remote,1,41.0,9.0,0,32,0
EMP1953,Sales,Mid,2020-04-07,,39,50,66951,4.0,MGR136,Hybrid,0,32.0,7.0,3,52,0
EMP1954,Sales,Director,2022-09-15,,52,20,210221,3.0,MGR045,Office,0,,3.0,2,10,0
EMP1955,Engineering,Lead,2020-01-25,,38,52,157456,4.0,MGR069,Remote,0,34.0,7.0,3,14,0
EMP1956,Finance,Mid,2022-10-05,,29,20,66983,2.0,MGR136,Hybrid,1,28.0,3.0,0,3,0
EMP1957,Engineering,Mid,2023-04-07,2023-12-24,34,8,103721,1.0,MGR118,Office,0,27.0,10.0,0,7,1
EMP1958,Sales,Mid,2023-05-05,,26,13,73086,4.0,MGR116,Hybrid,0,48.0,7.0,1,4,0
EMP1959,Product,Junior,2023-01-13,2023-07-29,30,6,55373,2.0,MGR060,Hybrid,0,8.0,2.0,0,4,1
EMP1960,Finance,Mid,2022-11-08,,28,19,73049,4.0,MGR003,Remote,0,24.0,7.0,1,55,0
EMP1961,Marketing,Junior,2020-11-10,,32,43,60452,4.0,MGR112,Remote,1,35.0,8.0,1,2,0
EMP1962,MARKETING,Senior,2022-01-27,,35,28,86828,3.0,MGR053,Office,1,27.0,9.0,1,3,0
EMP1963,Sales,Manager,2022-06-09,2024-04-30,36,23,150084,3.0,MGR023,Hybrid,0,18.0,8.0,3,3,1
EMP1964,Engineering,Lead,2020-11-02,,34,43,178501,,MGR001,Remote,1,18.0,10.0,2,7,0
EMP1965,Marketing,Mid,2021-01-10,2022-08-13,23,19,82443,1.0,MGR147,Office,0,5.0,3.0,1,1,1
EMP1966,Customer Success,Junior,2020-04-19,,29,50,43291,4.0,MGR123,Remote,1,20.0,8.0,0,3,0
EMP1967,Operations,Senior,2023-09-13,,43,8,90636,4.0,MGR138,Remote,1,55.0,3.0,3,14,0
EMP1968,Marketing,Mid,2023-04-19,2023-09-25,30,5,46322,4.0,MGR053,Office,0,24.0,6.0,0,5,1
EMP1969,Product,Lead,2023-11-07,,39,6,160107,4.0,MGR045,Remote,0,24.0,5.0,0,5,0
EMP1970,ENGINEERING,Senior,2020-03-28,,30,50,108449,3.0,MGR064,Office,0,25.0,8.0,1,1,0
EMP1971,Engineering,Lead,2020-09-22,,37,44,156370,5.0,MGR077,Office,0,10.0,7.0,2,9,0
EMP1972,Sales,Mid,2021-11-06,,32,-31,71040,3.0,MGR017,Office,0,35.0,8.0,2,3,0
EMP1973,Engineering,Senior,2022-08-31,,39,21,118626,5.0,MGR103,Hybrid,0,45.0,2.0,1,1,0
EMP1974,Sales,Mid,2023-01-23,2023-09-18,35,7,89943,5.0,MGR061,Office,0,22.0,3.0,3,6,1
EMP1975,HR,Senior,2023-02-21,2023-03-27,40,1,92271,4.0,MGR036,Remote,1,23.0,2.0,0,36,1
EMP1976,ENGINEERING,Junior,2021-06-04,,24,36,69114,3.0,MGR045,Hybrid,1,29.0,7.0,0,10,0
EMP1977,Sales,Senior,2021-11-05,2022-05-24,39,6,113064,3.0,MGR081,Remote,0,31.0,8.0,4,17,1
EMP1978,Operations,Senior,10/19/2022,2024-04-22,31,18,92824,3.0,MGR041,Office,1,26.0,2.0,2,6,1
EMP1979,MARKETING,Senior,2022-03-15,2023-02-28,32,11,103834,4.0,MGR055,Hybrid,0,31.0,6.0,0,4,1
EMP1980,Engineering,Senior,2022-02-08,,32,28,127642,4.0,MGR063,Hybrid,0,18.0,8.0,1,1,0
EMP1981,Engineering,Mid,2020-12-05,,33,42,87594,4.0,MGR010,Remote,0,15.0,9.0,0,15,0
EMP1982,Engineering,Junior,2023-02-27,,25,15,64531,3.0,MGR094,Remote,0,40.0,7.0,2,6,0
EMP1983,Engineering,Senior,2022-02-05,,38,28,101748,4.0,MGR127,Remote,1,32.0,6.0,1,2,0
EMP1984,Engineering,Lead,06/14/2020,,42,48,189743,3.0,MGR149,Office,0,26.0,7.0,1,17,0
EMP1985,Sales,Mid,2021-12-07,,23,30,73162,4.0,MGR017,Remote,0,32.0,9.0,1,28,0
EMP1986,Finance,Senior,2020-12-10,2023-12-07,39,36,76242,4.0,MGR140,Office,0,30.0,3.0,2,22,1
EMP1987,Engineering,Junior,2020-04-12,,22,50,63830,3.0,MGR146,Remote,0,38.0,7.0,0,13,0
EMP1988,Engineering,Mid,2022-09-10,,29,21,76345,4.0,MGR065,Office,0,49.0,8.0,0,18,0
EMP1989,Engineering,Mid,2023-02-14,2023-04-09,23,1,71660,1.0,MGR134,Hybrid,0,20.0,5.0,0,13,1
EMP1990,Sales,Mid,2022-05-01,,32,25,92273,3.0,MGR130,Remote,0,11.0,1.0,1,4,0
EMP1991,Engineering,Senior,2023-06-12,,43,11,93253,3.0,MGR126,Office,0,20.0,7.0,1,4,0
EMP1992,Sales,Mid,2022-10-19,,26,19,68610,5.0,MGR061,Hybrid,1,26.0,3.0,0,6,0
EMP1993,Engineering,Mid,2023-07-02,,28,11,61870,3.0,MGR144,Remote,0,50.0,8.0,0,1,0
EMP1994,HR,Lead,2020-06-21,,43,48,79460,4.0,MGR145,Office,1,25.0,10.0,2,4,0
EMP1995,Operations,Lead,2022-10-23,,38,19,101293,4.0,MGR053,Hybrid,1,8.0,4.0,2,26,0
EMP1996,Engineering,Junior,2020-08-08,,23,46,66074,4.0,MGR143,Hybrid,1,44.0,9.0,1,4,0
EMP1997,Product,Junior,2021-04-24,,22,37,57520,4.0,MGR012,Remote,0,35.0,9.0,2,11,0
EMP1998,Finance,Mid,2020-01-21,,36,53,55940,4.0,MGR086,Hybrid,0,15.0,10.0,1,14,0
EMP1999,Engineering,Senior,2021-07-01,,26,35,91748,5.0,MGR011,Remote,0,24.0,,1,28,0
EMP2000,Engineering,Senior,2023-09-16,,32,8,134083,4.0,MGR010,Hybrid,1,18.0,6.0,1,1,0
EMP2001,Engineering,Junior,2022-07-14,,28,22,58465,4.0,MGR006,Office,0,7.0,5.0,0,14,0
EMP2002,Customer Success,Junior,2023-05-03,,25,13,54113,3.0,MGR025,Office,0,21.0,9.0,1,1,0
EMP2003,Engineering,Lead,2023-07-26,,26,10,135288,4.0,MGR055,Remote,0,5.0,3.0,1,9,0
EMP2004,Sales,Senior,2022-05-13,,36,25,84804,3.0,MGR046,Office,0,38.0,6.0,3,44,0
EMP2005,Customer Success,Mid,2021-11-26,,46,30,64894,2.0,MGR106,Remote,0,,6.0,1,29,0
EMP2006,Operations,Mid,2023-03-21,,27,14,62398,4.0,MGR030,Hybrid,1,10.0,6.0,0,4,0
EMP2007,Engineering,Lead,2021-03-04,2022-05-10,41,14,154296,4.0,MGR100,Hybrid,1,,3.0,0,3,1
EMP2008,Marketing,Mid,2021-10-20,,33,31,71629,3.0,MGR125,Hybrid,0,35.0,7.0,0,64,0
EMP2009,Sales,Mid,2023-12-29,,34,5,91872,4.0,MGR118,Hybrid,0,35.0,8.0,0,31,0
EMP2010,ENGINEERING,Lead,2023-09-24,,44,8,118906,4.0,MGR139,Office,0,,9.0,2,17,0
EMP2011,Engineering,Mid,2021-02-27,,29,39,103295,5.0,MGR133,Hybrid,0,31.0,6.0,1,1,0
EMP2012,Engineering,Mid,2022-06-22,,22,23,122902,3.0,MGR092,Remote,0,17.0,5.0,1,42,0
EMP2013,Engineering,Mid,2020-07-02,,29,47,101814,5.0,MGR114,Remote,0,5.0,5.0,0,1,0
EMP2014,CUSTOMER SUCCESS,Junior,2023-03-11,,30,14,53032,4.0,MGR123,Office,0,13.0,9.0,1,46,0
EMP2015,Sales,Junior,09/21/2020,,24,44,55209,4.0,MGR091,Hybrid,0,30.0,9.0,2,18,0
EMP2016,Marketing,Mid,2020-10-18,2024-01-26,35,39,63771,2.0,MGR038,Hybrid,1,37.0,4.0,2,8,1
EMP2017,Engineering,Mid,2023-10-17,,33,7,108278,3.0,MGR127,Remote,1,22.0,7.0,0,4,0
EMP2018,Sales,Lead,2021-11-16,,35,30,108324,4.0,MGR105,Hybrid,0,24.0,10.0,3,20,0
EMP2019,Sales,Junior,2022-01-10,2023-10-09,26,21,61352,4.0,MGR051,Office,0,13.0,7.0,0,6,1
EMP2020,Marketing,Manager,2022-02-24,,44,27,169103,4.0,MGR148,Remote,0,28.0,5.0,0,13,0
EMP2021,Sales,Senior,2023-12-27,2024-03-06,31,2,77995,4.0,MGR120,Hybrid,0,,9.0,3,3,1
EMP2022,Finance,Senior,2020-10-15,,37,44,117215,4.0,MGR013,Office,1,27.0,6.0,1,4,0
EMP2023,Customer Success,Mid,2021-07-29,2021-11-18,25,3,72030,4.0,MGR112,Office,0,10.0,8.0,3,6,1
EMP2024,Operations,Senior,2022-11-03,,40,19,91838,1.0,MGR142,Remote,0,7.0,9.0,0,15,0
EMP2025,Engineering,Manager,2023-01-25,,46,16,224614,4.0,MGR078,Office,1,41.0,3.0,2,1,0
EMP2026,Engineering, Mid ,2023-04-29,2024-03-08,28,10,121479,3.0,MGR022,Hybrid,1,22.0,3.0,3,37,1
EMP2027,Marketing,Mid,2023-01-19,,31,16,85058,4.0,MGR102,Remote,0,35.0,7.0,2,1,0
EMP2028,Marketing,Senior,2023-12-03,,37,6,91667,4.0,MGR117,Remote,1,42.0,9.0,1,15,0
EMP2029,Finance,Junior,2022-10-13,,22,19,66245,4.0,MGR140,Remote,0,26.0,,2,16,0
EMP2030,Operations,Mid,2021-07-31,,33,34,54610,,MGR141,Hybrid,0,35.0,3.0,0,6,0
EMP2031,ENGINEERING,Lead,2023-08-31,,37,9,112179,3.0,MGR054,Office,1,7.0,10.0,3,17,0
EMP2032,HR,Mid,2023-09-04,2024-01-19,23,4,55396,1.0,MGR140,Office,0,43.0,1.0,2,25,1
EMP2033,HR,Manager,2021-12-29,,38,29,1346950,4.0,MGR135,Office,0,35.0,3.0,0,5,0
EMP2034,Sales,Junior,2023-04-18,,28,13,52231,2.0,MGR048,Hybrid,0,49.0,6.0,1,7,0
EMP2035,Operations,Lead,2021-05-16,,38,37,79292,5.0,MGR077,Hybrid,1,56.0,8.0,0,6,0
EMP2036,Engineering,Senior,04/09/2020,,39,50,109891,4.0,MGR102,Hybrid,0,0.0,7.0,3,26,0
EMP2037,Finance, Senior ,2021-11-02,,39,31,98209,5.0,MGR019,Hybrid,0,9.0,8.0,1,51,0
EMP2038,Engineering,Senior,2020-11-24,,42,42,120395,4.0,MGR066,Office,0,0.0,4.0,2,37,0
EMP2039,ENGINEERING, Lead ,2023-06-30,2023-10-04,39,3,125069,4.0,MGR134,Hybrid,0,27.0,4.0,0,1,1
EMP2040,Finance,Mid,2022-11-19,2023-10-30,32,11,72797,3.0,MGR023,Hybrid,1,5.0,4.0,2,1,1
EMP2041,Sales,Mid,2021-12-27,,32,29,72830,4.0,MGR137,Office,1,14.0,6.0,1,13,0
EMP2042,Operations,Mid,2023-12-16,,29,5,45580,5.0,MGR078,Hybrid,0,44.0,6.0,1,2,0
EMP2043,Sales,Senior,2020-11-15,,39,43,111828,3.0,MGR079,Remote,0,28.0,5.0,4,48,0
EMP2044,Engineering,Senior,2023-12-24,,33,5,122476,4.0,MGR077,Office,1,26.0,5.0,1,7,0
EMP2045,Sales,Junior,2022-05-23,,30,24,43841,1.0,MGR058,Remote,0,44.0,2.0,0,18,0
EMP2046,Engineering, Lead ,2022-07-29,,33,22,158646,4.0,MGR057,Office,0,50.0,5.0,0,6,0
EMP2047,Sales,Lead,2020-01-24,2021-07-21,29,18,109830,1.0,MGR034,Hybrid,0,23.0,7.0,3,61,1
EMP2048,Marketing,Mid,2023-10-21,,32,7,69016,5.0,MGR047,Office,0,31.0,,2,6,0
EMP2049,Customer Success,Mid,2021-04-24,2022-08-16,29,15,86820,3.0,MGR037,Hybrid,0,19.0,8.0,4,9,1
EMP2050,Marketing,Mid,2020-12-25,2022-02-19,30,14,68688,2.0,MGR077,Hybrid,0,28.0,6.0,2,15,1
EMP2051,Engineering,Senior,2021-05-25,,29,36,124687,4.0,MGR092,Office,0,29.0,10.0,1,12,0
EMP2052,Finance,Lead,2023-01-18,,35,16,90387,3.0,MGR056,Remote,0,30.0,8.0,0,10,0
EMP2053,Sales,Junior,2023-05-12,2023-12-25,36,7,57374,5.0,MGR049,Office,0,27.0,7.0,2,16,1
EMP2054,Customer Success,Mid,2023-07-19,,35,10,67877,3.0,MGR116,Office,0,12.0,8.0,3,1,0
EMP2055,Sales,Junior,2022-08-23,2023-07-10,22,10,39039,2.0,MGR092,Office,0,37.0,3.0,4,20,1
EMP2056,Marketing,Senior,2022-03-10,,40,27,112552,5.0,MGR092,Office,1,,9.0,2,4,0
EMP2057,Engineering,Junior,2023-01-11,,23,16,51660,3.0,MGR026,Hybrid,1,14.0,5.0,3,2,0
EMP2058,Engineering,Junior,2023-10-11,,22,7,65805,4.0,MGR080,Hybrid,0,33.0,2.0,0,12,0
EMP2059,Sales,Senior,2020-08-02,2022-09-24,27,26,93005,2.0,MGR133,Hybrid,0,38.0,7.0,2,3,1
EMP2060,Sales,Mid,2020-06-10,,30,48,69375,3.0,MGR059,Remote,0,39.0,5.0,0,7,0
EMP2061,Product,Junior,2020-10-16,,27,44,53546,5.0,MGR037,Remote,1,22.0,1.0,0,40,0
EMP2062,Operations,Mid,2023-01-22,,25,16,62430,5.0,MGR119,Office,0,56.0,8.0,2,8,0
EMP2063,Engineering, Mid ,11/14/2021,,22,31,89311,3.0,MGR076,Hybrid,0,12.0,7.0,2,3,0
EMP2064,ENGINEERING,Junior,2023-10-06,,27,7,73004,4.0,MGR015,Hybrid,1,,9.0,0,10,0
EMP2065,Sales,Mid,2020-01-12,,30,53,74007,3.0,MGR079,Office,0,55.0,8.0,3,1,0
EMP2066,Sales,Junior,01/01/2020,,27,53,71212,3.0,MGR070,Office,0,30.0,7.0,2,15,0
EMP2067,ENGINEERING,Mid,03/17/2021,2023-08-27,26,29,113757,4.0,MGR039,Hybrid,0,45.0,7.0,3,26,1
EMP2068,Finance,Junior,2020-10-17,,26,44,57981,5.0,MGR064,Remote,1,24.0,4.0,2,6,0
EMP2069,Finance,Mid,2020-10-06,,32,44,88781,4.0,MGR030,Remote,1,0.0,7.0,3,8,0
EMP2070,Marketing,Mid,2020-03-04,,23,51,71883,3.0,MGR108,Remote,1,45.0,5.0,0,2,0
EMP2071,Engineering,Senior,2022-05-25,,37,24,109356,2.0,MGR089,Hybrid,0,23.0,8.0,1,5,0
EMP2072,ENGINEERING, Lead ,2021-08-07,2021-12-08,39,4,181645,4.0,MGR094,Remote,0,34.0,4.0,0,11,1
EMP2073,Marketing,Mid,2023-04-24,,34,13,68201,4.0,MGR110,Office,0,39.0,7.0,1,1,0
EMP2074,Finance, Senior ,2023-03-24,,35,14,115739,2.0,MGR071,Remote,0,13.0,7.0,2,3,0
EMP2075,HR,Senior,2022-02-18,,37,27,92165,3.0,MGR043,Office,0,24.0,8.0,3,7,0
EMP2076,Operations,Junior,01/16/2020,2021-11-28,25,22,33422,2.0,MGR101,Remote,0,36.0,7.0,0,32,1
EMP2077,Engineering,Mid,2022-11-16,,22,18,73929,4.0,MGR012,Office,1,0.0,6.0,4,9,0
EMP2078,Finance,Junior,2021-07-02,,25,35,49135,4.0,MGR097,Office,0,22.0,8.0,1,17,0
EMP2079,Sales,Senior,2020-05-09,,32,49,108449,3.0,MGR129,Hybrid,1,21.0,6.0,2,28,0
EMP2080,HR,Manager,2022-08-10,,33,22,100747,5.0,MGR036,Remote,0,41.0,1.0,1,12,0
EMP2081,Engineering, Manager ,2020-08-24,2021-04-18,41,7,182368,5.0,MGR099,Hybrid,0,15.0,7.0,1,1,1
EMP2082,Customer Success,Mid,2020-03-20,2023-10-09,25,43,85552,3.0,MGR005,Hybrid,1,23.0,4.0,0,1,1
EMP2083,FINANCE,Manager,2022-03-06,,38,27,136381,5.0,MGR131,Remote,0,12.0,9.0,3,4,0
EMP2084,MARKETING,Senior,2022-07-13,,32,22,93371,1.0,MGR129,Hybrid,1,15.0,7.0,2,34,0
EMP2085,Engineering, Junior ,2021-04-15,2022-08-09,29,16,52451,4.0,MGR019,Hybrid,0,35.0,,0,28,1
EMP2086,Finance, Senior ,2021-09-13,,32,33,84634,4.0,MGR111,Hybrid,1,41.0,6.0,0,2,0
EMP2087,Sales, Senior ,2020-12-28,,31,41,111232,4.0,MGR130,Remote,0,2.0,6.0,2,2,0
EMP2088,Engineering,Manager,2020-01-29,,47,52,218325,3.0,MGR102,Hybrid,0,27.0,10.0,0,4,0
EMP2089,Sales,Senior,2023-06-30,2023-10-19,30,3,117557,2.0,MGR065,Remote,0,0.0,5.0,3,5,1
EMP2090,Sales,Manager,2022-11-15,2024-03-26,40,-16,126236,4.0,MGR011,Hybrid,0,16.0,7.0,1,15,1
EMP2091,Engineering,Junior,2021-05-26,,26,36,64450,3.0,MGR081,Hybrid,0,14.0,7.0,1,21,0
EMP2092,Engineering,Junior,2022-03-20,2023-10-25,22,19,57930,4.0,MGR122,Office,0,21.0,4.0,2,22,1
EMP2093,Sales,Senior,2022-11-21,,37,18,105634,4.0,MGR103,Office,1,13.0,4.0,0,11,0
EMP2094,Engineering,Mid,2023-03-04,2024-05-01,28,14,78283,4.0,MGR003,Remote,0,26.0,7.0,0,29,1
EMP2095,HR, Mid ,2021-07-13,,37,35,65521,5.0,MGR041,Hybrid,0,38.0,10.0,1,19,0
EMP2096,Engineering,Junior,2020-07-14,2021-04-19,25,9,68683,2.0,MGR014,Hybrid,0,20.0,5.0,2,2,1
EMP2097,Sales,Junior,2023-05-20,,22,12,47807,4.0,MGR068,Office,0,42.0,8.0,2,6,0
EMP2098,Marketing,Junior,2023-01-10,,33,16,49225,5.0,MGR130,Office,0,18.0,6.0,2,1,0
EMP2099,Customer Success,Mid,2020-11-16,,32,43,89125,4.0,MGR089,Office,0,31.0,6.0,2,7,0
EMP2100,MARKETING,Lead,2023-02-13,,40,15,142984,4.0,MGR126,Hybrid,0,19.0,3.0,4,7,0
EMP2101,Engineering,Mid,2020-01-03,,29,53,103283,2.0,MGR005,Hybrid,0,2.0,7.0,0,5,0
EMP2102,Engineering,Junior,2021-09-15,,27,33,87287,4.0,MGR042,Office,0,27.0,5.0,0,1,0
EMP2103,Marketing,Senior,2022-11-06,,33,19,97590,3.0,MGR107,Office,0,27.0,8.0,1,32,0
EMP2104,Engineering,Mid,2021-11-19,,34,30,108325,3.0,MGR101,Hybrid,1,37.0,4.0,0,10,0
EMP2105,Operations,Mid,2022-09-30,,25,20,63975,3.0,MGR014,Hybrid,1,13.0,8.0,3,16,0
EMP2106,Engineering,Mid,2022-09-08,2023-09-18,25,12,76509,4.0,MGR149,Office,0,18.0,6.0,2,22,1
EMP2107,Operations,Senior,2023-09-21,2024-02-20,37,5,111137,5.0,MGR053,Hybrid,0,17.0,5.0,3,19,1
EMP2108,HR,Senior,2022-08-29,,40,21,92887,,MGR103,Hybrid,0,7.0,6.0,0,4,0
EMP2109,Sales,Mid,2023-01-23,,36,16,75607,4.0,MGR129,Office,0,35.0,9.0,0,13,0
EMP2110,ENGINEERING, Junior ,2020-08-21,,23,46,72912,4.0,MGR090,Office,0,40.0,10.0,0,1,0
EMP2111,Engineering,Mid,2020-01-06,,34,53,84913,1.0,MGR144,Office,0,22.0,7.0,2,6,0
EMP2112,Engineering,Junior,2020-01-01,,27,53,53630,5.0,MGR016,Remote,0,37.0,10.0,1,14,0
EMP2113,Engineering,Senior,2021-10-15,,35,32,126577,3.0,MGR044,Office,1,0.0,7.0,1,19,0
EMP2114,Product,Senior,2021-10-07,2024-02-21,38,28,86871,4.0,MGR049,Office,0,31.0,6.0,1,2,1
EMP2115,Engineering,Mid,2020-03-22,,28,51,105077,4.0,MGR018,Hybrid,0,41.0,9.0,2,13,0
EMP2116,Operations,Lead,2022-12-02,,29,18,114234,4.0,MGR104,Hybrid,0,15.0,8.0,1,6,0
EMP2117,Engineering,Junior,2022-04-21,,22,25,55954,2.0,MGR131,Hybrid,0,9.0,5.0,3,19,0
EMP2118,PRODUCT,Mid,2023-02-18,,22,15,90309,3.0,MGR108,Office,0,38.0,7.0,4,30,0
EMP2119,Engineering,Junior,2020-01-02,,24,53,78708,3.0,MGR029,Hybrid,0,7.0,6.0,0,8,0
EMP2120,Product,Senior,2023-08-28,,33,9,131095,4.0,MGR028,Office,0,37.0,5.0,3,8,0
EMP2121,Engineering,Senior,2020-01-28,,34,52,136853,3.0,MGR010,Remote,0,26.0,6.0,0,14,0
EMP2122,Customer Success,Senior,2023-07-14,2023-08-21,34,1,127682,2.0,MGR084,Office,0,19.0,9.0,3,14,1
EMP2123,Engineering, Director ,2022-02-11,,48,28,218116,3.0,MGR103,Remote,0,,9.0,0,11,0
EMP2124,Sales,Senior,2021-12-27,2024-02-09,34,25,80340,1.0,MGR078,Hybrid,0,34.0,3.0,3,1,1
EMP2125,Sales,Mid,2023-08-29,2024-01-15,31,4,77531,3.0,MGR078,Remote,0,10.0,5.0,0,12,1
EMP2126,Sales,Mid,2023-10-12,,32,7,85068,4.0,MGR029,Office,0,28.0,8.0,3,21,0
EMP2127,Operations,Junior,2020-09-24,,22,44,40347,4.0,MGR030,Remote,0,24.0,7.0,2,32,0
EMP2128,Sales,Junior,2022-12-25,2023-11-06,28,10,55965,4.0,MGR011,Office,0,8.0,5.0,0,33,1
EMP2129,HR,Senior,2022-09-04,2024-03-30,38,19,72537,4.0,MGR134,Remote,0,47.0,3.0,2,7,1
EMP2130,Engineering,Junior,2021-09-04,,23,33,591000,3.0,MGR129,Office,0,34.0,10.0,2,1,0
EMP2131,Operations,Senior,2022-03-07,,33,27,91981,5.0,MGR045,Office,1,31.0,8.0,0,6,0
EMP2132,Operations,Mid,2022-08-20,,35,21,54998,4.0,MGR068,Hybrid,0,24.0,10.0,2,15,0
EMP2133,Customer Success,Lead,2020-12-06,,42,42,114009,4.0,MGR117,Office,0,29.0,6.0,2,40,0
EMP2134,Operations,Junior,2021-07-02,2022-04-02,27,9,34588,2.0,MGR081,Office,0,31.0,4.0,2,7,1
EMP2135,Operations,Mid,2020-01-20,,29,53,79752,4.0,MGR005,Office,0,34.0,5.0,0,25,0
EMP2136,Engineering,Mid,2020-07-09,2022-05-30,25,23,72031,2.0,MGR064,Hybrid,0,18.0,9.0,1,3,1
EMP2137,Finance,Lead,2023-08-21,,35,9,141240,5.0,MGR054,Remote,1,13.0,6.0,0,10,0
EMP2138,Marketing,Manager,2023-07-13,,34,10,195866,3.0,MGR102,Remote,1,29.0,9.0,2,9,0
EMP2139,SALES,Junior,2020-03-11,,22,51,56602,4.0,MGR089,Office,0,58.0,10.0,0,1,0
EMP2140,Engineering,Senior,2021-07-24,,30,34,120001,4.0,MGR016,Hybrid,1,23.0,,1,10,0
EMP2141,Finance,Mid,2021-08-12,,39,34,79935,4.0,MGR115,Remote,0,38.0,8.0,0,9,0
EMP2142,Customer Success,Junior,2020-08-23,,22,45,59900,3.0,MGR010,Remote,0,18.0,1.0,0,3,0
EMP2143,Engineering,Manager,2021-05-11,2022-07-21,41,14,133326,3.0,MGR115,Office,0,0.0,7.0,4,31,1
EMP2144,Engineering,Mid,2023-04-30,2024-03-06,42,10,103150,2.0,MGR097,Office,0,37.0,5.0,0,18,1
EMP2145,Sales,Mid,2021-02-16,,27,40,73661,5.0,MGR130,Hybrid,0,17.0,1.0,1,1,0
EMP2146,OPERATIONS,Senior,2022-12-11,,35,17,79830,3.0,MGR030,Remote,0,23.0,9.0,0,16,0
EMP2147,Engineering,Manager,2022-04-09,,31,26,156419,3.0,MGR112,Office,0,0.0,1.0,0,4,0
EMP2148,HR,Mid,2022-02-10,,22,28,60668,5.0,MGR113,Office,1,3.0,7.0,2,25,0
EMP2149,Engineering,Senior,2022-07-03,,26,23,100684,3.0,MGR057,Office,0,15.0,4.0,0,15,0
EMP2150,Finance,Junior,2022-07-14,,26,22,51407,3.0,MGR021,Hybrid,1,14.0,7.0,0,1,0
EMP2151,Sales,Junior,2020-09-03,,22,45,53502,3.0,MGR018,Office,0,21.0,7.0,1,27,0
EMP2152,Finance,Junior,2022-10-14,,24,19,56729,4.0,MGR040,Hybrid,1,32.0,7.0,0,31,0
EMP2153,Marketing,Mid,2022-11-16,,29,18,54526,5.0,MGR038,Remote,0,45.0,8.0,1,1,0
EMP2154,Engineering,Manager,2023-12-09,,35,5,215424,4.0,MGR052,Hybrid,0,16.0,8.0,3,4,0
EMP2155,SALES,Junior,2022-09-16,,22,20,44986,,MGR079,Office,0,14.0,6.0,4,48,0
EMP2156,Engineering,Mid,2021-12-20,,26,29,97142,4.0,MGR132,Hybrid,0,5.0,10.0,1,1,0
EMP2157,Sales,Lead,2021-12-09,2022-01-20,46,1,130953,5.0,MGR128,Hybrid,0,8.0,8.0,3,30,1
EMP2158,Marketing,Senior,2020-07-20,,40,47,101238,3.0,MGR097,Office,0,47.0,8.0,1,22,0
EMP2159,Engineering,Manager,10/14/2023,,36,7,163911,4.0,MGR104,Remote,1,5.0,3.0,0,14,0
EMP2160,HR,Senior,2020-12-05,,38,42,74002,1.0,MGR079,Office,0,,10.0,2,2,0
EMP2161,SALES,Junior,2022-04-07,,24,26,56130,3.0,MGR089,Office,0,16.0,9.0,1,9,0
EMP2162,Engineering,Mid,2020-04-09,,30,50,75710,3.0,MGR072,Remote,0,12.0,10.0,3,7,0
EMP2163,HR, Senior ,2020-05-10,,33,49,79396,4.0,MGR111,Remote,0,37.0,3.0,1,3,0
EMP2164,Finance,Mid,2022-09-06,2023-01-03,44,3,85694,2.0,MGR104,Office,1,37.0,5.0,0,13,1
EMP2165,Engineering,Lead,2023-07-25,2023-10-11,38,2,151603,4.0,MGR048,Hybrid,1,28.0,7.0,2,31,1
EMP2166,Finance,Mid,2023-09-16,2024-04-13,35,7,69770,1.0,MGR149,Office,0,18.0,8.0,1,2,1
EMP2167,SALES,Mid,2023-06-11,2023-10-01,30,3,94722,2.0,MGR033,Remote,1,43.0,7.0,2,2,1
EMP2168,Sales,Senior,2021-07-08,,37,35,137557,3.0,MGR093,Remote,0,13.0,5.0,2,15,0
EMP2169,Marketing,Junior,2020-06-03,2024-05-14,22,48,47125,4.0,MGR014,Office,1,34.0,8.0,3,7,1
EMP2170,HR,Senior,2022-03-03,,39,27,89858,4.0,MGR053,Office,0,45.0,8.0,1,20,0
EMP2171,SALES,Junior,2021-01-24,,25,40,61542,4.0,MGR093,Remote,0,27.0,7.0,1,18,0
EMP2172,Sales,Mid,2021-11-21,,28,30,889540,4.0,MGR026,Remote,0,8.0,7.0,3,9,0
EMP2173,Sales,Mid,2023-07-25,,31,10,73534,4.0,MGR048,Hybrid,1,49.0,7.0,0,25,0
EMP2174,HR,Lead,11/14/2021,,34,31,68170,3.0,MGR021,Hybrid,1,19.0,7.0,1,26,0
EMP2175,Engineering,Senior,2022-04-02,,36,26,98181,4.0,MGR066,Office,0,46.0,10.0,0,30,0
EMP2176,Marketing,Mid,2022-11-29,,38,18,60631,1.0,MGR059,Remote,0,,9.0,2,41,0
EMP2177,ENGINEERING,Junior,2023-10-15,,22,7,51015,4.0,MGR140,Office,0,22.0,7.0,3,14,0
EMP2178,Engineering,Junior,2020-02-12,,22,52,51945,5.0,MGR142,Remote,1,39.0,4.0,1,1,0
EMP2179,Engineering, Senior ,2020-08-30,,42,45,124448,4.0,MGR145,Remote,0,21.0,6.0,4,1,0
EMP2180,Engineering,Junior,2021-01-31,,26,40,63008,4.0,MGR134,Remote,0,40.0,8.0,0,17,0
EMP2181,Engineering,Mid,2022-01-23,,35,28,68052,5.0,MGR141,Hybrid,1,49.0,7.0,3,10,0
EMP2182,CUSTOMER SUCCESS,Mid,2022-01-21,,28,28,66125,1.0,MGR114,Hybrid,0,20.0,5.0,1,7,0
EMP2183,Engineering,Manager,2023-04-07,2024-05-22,35,13,168835,3.0,MGR111,Remote,0,18.0,7.0,2,9,1
EMP2184,Engineering,Senior,2022-01-19,,33,28,127373,4.0,MGR133,Office,0,15.0,5.0,2,7,0
EMP2185,Operations,Mid,2021-12-10,,22,30,65470,4.0,MGR004,Remote,0,20.0,7.0,0,9,0
EMP2186,Engineering,Mid,2022-12-19,,27,17,87035,5.0,MGR010,Hybrid,1,,4.0,2,7,0
EMP2187,Operations,Lead,2021-11-25,,37,30,123656,3.0,MGR054,Office,1,0.0,8.0,0,7,0
EMP2188,Marketing,Mid,2020-11-15,,36,43,69795,3.0,MGR026,Remote,0,47.0,5.0,0,23,0
EMP2189,Engineering,Mid,2023-01-03,2024-04-21,39,15,116428,2.0,MGR031,Remote,1,34.0,5.0,0,14,1
EMP2190,Engineering,Manager,2023-03-22,2024-05-24,35,14,1858870,3.0,MGR061,Office,0,13.0,8.0,4,6,1
EMP2191,Sales,Senior,2022-10-25,,39,19,77543,4.0,MGR026,Office,1,19.0,5.0,1,1,0
EMP2192,Engineering,Manager,2023-06-17,,39,11,211151,2.0,MGR094,Remote,0,16.0,7.0,0,9,0
EMP2193,Finance,Junior,2023-07-24,2024-05-07,132,9,42886,4.0,MGR075,Office,0,22.0,2.0,2,15,1
EMP2194,Sales,Senior,2020-11-08,,37,43,107860,4.0,MGR122,Office,0,30.0,5.0,0,21,0
EMP2195,Engineering,Senior,2022-05-17,2023-07-26,22,14,99976,3.0,MGR094,Office,0,3.0,3.0,0,21,1
EMP2196,Sales,Junior,2021-01-07,,24,41,50748,4.0,MGR007,Office,0,0.0,7.0,2,1,0
EMP2197,Finance,Senior,2023-06-01,,37,12,139266,3.0,MGR043,Remote,0,68.0,3.0,4,1,0
EMP2198,Sales,Mid,2022-01-07,,32,29,80428,4.0,MGR126,Office,0,13.0,8.0,0,17,0
EMP2199,Finance,Mid,2021-09-03,,39,33,74089,1.0,MGR012,Hybrid,1,51.0,4.0,1,23,0
EMP2200,Engineering,Junior,2023-05-09,,22,12,52697,4.0,MGR016,Hybrid,1,,5.0,0,19,0
EMP2201,ENGINEERING,Senior,2020-02-13,2020-08-02,40,5,100460,4.0,MGR059,Remote,0,14.0,3.0,2,18,1
EMP2202,Finance,Junior,2021-12-18,,22,29,59904,3.0,MGR131,Remote,0,22.0,2.0,0,1,0
EMP2203,CUSTOMER SUCCESS,Lead,2022-11-25,,43,18,77676,4.0,MGR047,Remote,0,30.0,10.0,1,11,0
EMP2204,Sales,Senior,2022-04-04,2022-12-10,34,8,103752,3.0,MGR060,Office,0,49.0,9.0,2,40,1
EMP2205,Marketing,Mid,2020-02-22,2021-07-14,33,16,70106,2.0,MGR034,Hybrid,1,41.0,4.0,4,38,1
EMP2206,Engineering,Manager,2023-11-25,,42,6,187556,4.0,MGR050,Remote,1,29.0,6.0,1,20,0
EMP2207,HR,Junior,2023-04-23,,26,13,45005,3.0,MGR142,Remote,0,0.0,7.0,1,2,0
EMP2208,Engineering,Senior,2020-10-24,2022-06-15,25,19,155147,4.0,MGR124,Office,0,34.0,7.0,3,6,1
EMP2209,Engineering,Mid,2020-09-02,,32,45,85868,4.0,MGR031,Hybrid,0,18.0,9.0,0,16,0
EMP2210,Sales,Lead,2022-01-28,,37,28,136464,5.0,MGR077,Remote,0,53.0,4.0,0,5,0
EMP2211,Finance,Junior,2021-07-10,,31,35,55680,4.0,MGR075,Office,0,32.0,1.0,1,4,0
EMP2212,Operations,Lead,2022-03-17,,43,26,104827,4.0,MGR051,Office,1,27.0,8.0,1,9,0
EMP2213,Finance,Mid,2023-04-29,,42,13,95332,5.0,MGR050,Remote,0,49.0,7.0,1,1,0
EMP2214,Engineering,Senior,2021-02-26,,42,39,126094,5.0,MGR009,Remote,0,49.0,4.0,3,2,0
EMP2215,Marketing,Senior,2020-09-01,,37,45,113055,3.0,MGR012,Hybrid,0,10.0,8.0,1,14,0
EMP2216,Marketing,Mid,2020-10-30,,32,43,43924,4.0,MGR129,Hybrid,0,42.0,7.0,0,8,0
EMP2217,Engineering,Mid,2020-11-20,,22,42,97291,5.0,MGR114,Remote,0,36.0,7.0,0,30,0
EMP2218,Engineering,Manager,2020-08-19,,34,46,207073,4.0,MGR118,Office,0,19.0,5.0,1,1,0
EMP2219,Sales,Senior,2021-09-12,,31,33,121438,4.0,MGR109,Hybrid,0,,6.0,0,22,0
EMP2220,Engineering,Junior,2021-06-17,2024-04-23,22,34,86683,2.0,MGR027,Office,0,44.0,7.0,0,1,1
EMP2221,Sales,Junior,2020-02-06,,22,52,56109,3.0,MGR036,Office,0,7.0,7.0,0,62,0
EMP2222,Marketing,Junior,2022-09-21,,28,20,37987,4.0,MGR148,Hybrid,0,6.0,6.0,1,1,0
EMP2223,SALES,Senior,2022-11-22,,32,18,100418,3.0,MGR148,Hybrid,0,25.0,10.0,2,1,0
EMP2224,Engineering,Manager,2021-01-02,,45,41,162827,4.0,MGR051,Office,1,22.0,7.0,1,56,0
EMP2225,Engineering,Senior,2022-01-19,,37,28,142178,4.0,MGR054,Remote,1,7.0,9.0,1,10,0
EMP2226,Finance, Mid ,2020-07-14,2022-11-17,22,28,58627,5.0,MGR080,Hybrid,0,23.0,4.0,0,3,1
EMP2227,Engineering,Mid,2023-04-23,,31,13,101046,4.0,MGR139,Remote,0,10.0,5.0,2,19,0
EMP2228,Sales,Junior,2021-11-01,,31,31,46727,4.0,MGR013,Office,0,13.0,9.0,1,2,0
EMP2229,Engineering,Mid,2023-07-19,2023-12-26,27,-5,787320,4.0,MGR079,Office,0,16.0,5.0,0,48,1
EMP2230,SALES,Mid,2020-10-08,,29,44,71714,4.0,MGR080,Hybrid,0,25.0,7.0,1,33,0
EMP2231,Finance,Junior,08/29/2022,2023-11-15,26,14,39672,5.0,MGR129,Office,0,28.0,2.0,2,35,1
EMP2232,HR,Senior,2023-03-29,2023-07-25,38,3,81887,3.0,MGR027,Hybrid,0,39.0,4.0,2,10,1
EMP2233,Sales,Senior,2022-01-24,,42,28,123342,3.0,MGR096,Office,0,58.0,8.0,0,17,0
EMP2234,Engineering,Lead,2023-06-06,2024-03-14,34,9,181059,3.0,MGR021,Remote,1,33.0,7.0,4,35,1
EMP2235,Marketing,Junior,2020-11-15,,27,43,55275,4.0,MGR115,Office,0,,,1,25,0
EMP2236,Engineering,Junior,2023-08-19,,23,9,77231,2.0,MGR128,Office,0,48.0,7.0,2,18,0
EMP2237,Engineering,Lead,2020-05-31,,36,48,178881,4.0,MGR025,Remote,1,33.0,7.0,0,22,0
EMP2238,Sales,Mid,2023-04-12,,22,13,85827,3.0,MGR061,Remote,1,28.0,7.0,0,14,0
EMP2239,Operations,Manager,2023-11-06,,49,6,140848,2.0,MGR065,Office,1,20.0,4.0,0,12,0
EMP2240,Operations,Mid,2022-03-13,,39,27,72193,4.0,MGR056,Office,0,12.0,8.0,1,19,0
EMP2241,Engineering,Lead,2021-06-03,,41,36,178708,3.0,MGR143,Remote,0,33.0,6.0,1,1,0
EMP2242,Operations,Junior,2020-10-06,2022-11-11,24,25,35919,3.0,MGR078,Office,0,31.0,8.0,0,20,1
EMP2243,Finance,Junior,2023-06-24,2023-09-16,32,2,51997,2.0,MGR052,Office,0,27.0,6.0,3,8,1
EMP2244,Engineering,Senior,2022-05-09,,34,25,126929,1.0,MGR089,Remote,0,6.0,9.0,0,1,0
EMP2245,Marketing,Senior,2020-07-27,,36,46,101740,2.0,MGR034,Hybrid,0,,2.0,0,12,0
EMP2246,Sales,Senior,2022-01-05,,30,29,95494,5.0,MGR076,Office,1,34.0,7.0,3,42,0
EMP2247,Sales,Manager,2021-06-24,,46,35,146032,4.0,MGR142,Hybrid,0,22.0,7.0,2,32,0
EMP2248,Operations,Junior,02/05/2023,,25,16,42206,4.0,MGR112,Remote,0,39.0,8.0,0,9,0
EMP2249,ENGINEERING,Junior,2023-07-31,,22,10,57978,3.0,MGR052,Hybrid,0,35.0,8.0,2,15,0
EMP2250,Sales,Mid,08/29/2020,2024-03-30,32,43,68226,3.0,MGR098,Remote,0,6.0,9.0,3,10,1
EMP2251,Engineering,Lead,2020-11-27,,39,42,198193,4.0,MGR106,Office,1,28.0,6.0,1,39,0
EMP2252,Marketing,Lead,2023-04-18,,35,13,110816,3.0,MGR096,Office,0,16.0,9.0,1,1,0
EMP2253,Engineering,Mid,2023-10-16,,28,7,107988,3.0,MGR141,Remote,0,47.0,6.0,4,2,0
EMP2254,CUSTOMER SUCCESS,Mid,2021-11-06,,33,31,63582,4.0,MGR027,Office,0,43.0,7.0,0,75,0
EMP2255,Sales,Senior,2023-10-14,2023-12-15,36,2,120243,3.0,MGR031,Office,0,27.0,5.0,2,21,1
EMP2256,ENGINEERING,Junior,2020-11-30,,28,42,69045,4.0,MGR100,Remote,0,35.0,6.0,1,18,0
EMP2257,HR,Senior,2021-08-23,,27,33,89234,4.0,MGR054,Office,1,54.0,7.0,4,41,0
EMP2258,Finance,Mid,2020-05-26,,29,48,80402,5.0,MGR060,Remote,0,54.0,1.0,2,12,0
EMP2259,Engineering,Lead,2020-03-21,,41,51,127181,4.0,MGR021,Hybrid,0,19.0,3.0,1,3,0
EMP2260,Engineering,Mid,2021-03-18,,26,39,70249,4.0,MGR124,Office,0,37.0,8.0,2,2,0
EMP2261,Customer Success,Senior,12/11/2022,2024-04-18,33,16,72620,5.0,MGR007,Office,1,13.0,10.0,2,34,1
EMP2262,Sales,Director,2021-01-15,,52,41,224166,4.0,MGR030,Office,0,20.0,7.0,1,1,0
EMP2263,Sales,Mid,2022-03-11,,31,27,83652,4.0,MGR096,Hybrid,0,25.0,8.0,2,8,0
EMP2264,MARKETING,Mid,2021-11-05,2023-04-14,31,17,74502,4.0,MGR096,Hybrid,0,19.0,8.0,3,7,1
EMP2265,HR,Senior,2023-10-07,,37,7,80129,5.0,MGR021,Remote,0,9.0,10.0,4,1,0
EMP2266,Operations,Mid,2023-03-27,2023-09-19,32,5,66651,1.0,MGR118,Office,0,20.0,7.0,4,12,1
EMP2267,Customer Success,Mid,2020-02-21,,23,52,77639,4.0,MGR131,Remote,0,0.0,5.0,2,2,0
EMP2268,Engineering,Senior,2020-05-13,,37,49,111798,5.0,MGR046,Office,0,21.0,5.0,2,15,0
EMP2269,Engineering,Mid,2020-08-09,2022-12-04,31,28,97634,3.0,MGR020,Hybrid,1,24.0,6.0,2,1,1
EMP2270,Engineering,Junior,2023-05-18,2024-01-01,26,7,50005,5.0,MGR032,Remote,0,34.0,10.0,0,20,1
EMP2271,Engineering,Junior,06/17/2023,,22,11,70115,2.0,MGR135,Office,0,26.0,4.0,3,23,0
EMP2272,Engineering,Senior,2020-06-12,2023-10-29,36,41,152261,2.0,MGR146,Remote,0,,1.0,2,60,1
EMP2273,MARKETING,Director,2020-06-16,,38,48,206682,4.0,MGR110,Remote,0,36.0,8.0,0,3,0
EMP2274,Marketing,Mid,2021-03-30,,27,38,76541,3.0,MGR081,Remote,1,31.0,4.0,0,20,0
EMP2275,Engineering,Manager,2023-08-12,,45,9,121226,5.0,MGR067,Hybrid,1,13.0,4.0,2,15,0
EMP2276,Operations,Mid,2020-06-26,,33,47,68295,4.0,MGR148,Remote,1,30.0,8.0,0,1,0
EMP2277,Engineering,Lead,2023-12-29,,43,5,194559,3.0,MGR146,Hybrid,0,38.0,5.0,0,5,0
EMP2278,Sales,Senior,2021-04-10,2024-05-09,39,37,113105,4.0,MGR052,Hybrid,0,36.0,4.0,0,8,1
EMP2279,Marketing,Junior,2021-10-20,,27,31,54933,2.0,MGR146,Remote,0,20.0,7.0,2,23,0
EMP2280,Product,Senior,2020-04-06,,27,50,105994,,MGR044,Remote,0,17.0,5.0,0,5,0
EMP2281,Sales,Senior,2023-05-21,,37,12,82942,,MGR096,Office,0,36.0,4.0,1,11,0
EMP2282,Sales,Mid,2021-03-20,2021-06-27,32,3,97408,4.0,MGR124,Hybrid,0,30.0,2.0,1,3,1
EMP2282,Sales,Mid,2021-03-20,2021-06-27,32,3,97408,4.0,MGR124,Hybrid,0,30.0,2.0,1,3,1
EMP2283,Sales,Director,2022-02-05,,48,28,217934,4.0,MGR007,Office,0,24.0,7.0,1,1,0
EMP2284,Operations,Lead,2021-07-10,,41,35,83387,4.0,MGR070,Office,0,49.0,9.0,1,4,0
EMP2285,Engineering,Lead,07/06/2023,2023-09-07,29,2,137226,2.0,MGR100,Hybrid,1,35.0,7.0,0,42,1
EMP2286,Marketing,Mid,2020-04-29,,33,49,64342,3.0,MGR090,Hybrid,1,18.0,5.0,0,34,0
EMP2287,Engineering,Mid,2023-09-21,,34,8,107459,4.0,MGR098,Hybrid,0,0.0,3.0,0,5,0
EMP2288,Finance,Senior,2020-06-16,,32,48,92715,4.0,MGR024,Remote,0,21.0,8.0,3,38,0
EMP2289,Operations,Lead,2020-03-05,,39,51,118284,4.0,MGR114,Office,0,17.0,9.0,0,8,0
EMP2290,HR,Manager,2021-03-17,,43,39,126949,4.0,MGR130,Remote,0,,5.0,0,1,0
EMP2291,Customer Success,Manager,2020-01-27,2020-09-05,37,7,115874,4.0,MGR086,Hybrid,0,19.0,1.0,0,20,1
EMP2292,Finance,Senior,2021-12-01,,38,30,93676,4.0,MGR069,Remote,0,24.0,8.0,0,22,0
EMP2293,Finance,Senior,2022-02-15,,33,27,111840,3.0,MGR108,Remote,0,6.0,1.0,1,35,0
EMP2294,Engineering,Mid,2021-07-15,,24,35,100206,3.0,MGR115,Hybrid,1,40.0,5.0,0,1,0
EMP2295,HR,Manager,2020-02-20,,144,52,143398,2.0,MGR129,Hybrid,0,28.0,10.0,0,18,0
EMP2296,Engineering, Senior ,2020-08-02,,25,46,103072,5.0,MGR082,Office,0,44.0,6.0,1,5,0
EMP2297,Engineering,Senior,2023-10-25,,29,7,118971,4.0,MGR028,Remote,0,14.0,7.0,3,39,0
EMP2298,Sales,Junior,2021-10-02,2022-11-25,26,13,53620,2.0,MGR084,Office,0,28.0,5.0,3,12,1
EMP2299,Sales,Junior,2020-09-24,,32,44,50824,3.0,MGR125,Office,0,26.0,10.0,1,2,0
EMP2300,Engineering,Junior,2021-03-28,,25,38,83103,4.0,MGR012,Office,0,0.0,5.0,2,6,0
EMP2301,Engineering,Junior,2020-03-13,2020-07-05,32,3,51039,3.0,MGR052,Hybrid,0,,3.0,1,10,1
EMP2302,HR,Mid,2022-09-12,,28,20,56967,3.0,MGR041,Hybrid,1,21.0,4.0,2,8,0
EMP2303,Operations,Mid,2023-09-18,,28,8,63979,3.0,MGR060,Remote,0,23.0,9.0,1,9,0
EMP2304,HR,Junior,2021-07-24,,25,34,47976,3.0,MGR031,Hybrid,0,28.0,8.0,2,2,0
EMP2305,HR,Manager,2021-12-18,,39,29,155733,4.0,MGR054,Remote,0,8.0,,0,23,0
EMP2306,ENGINEERING,Senior,2022-07-04,,35,23,144040,4.0,MGR126,Office,0,43.0,7.0,0,66,0
EMP2307,Engineering,Lead,2020-06-23,,38,47,132511,4.0,MGR085,Office,0,,6.0,2,1,0
EMP2308,Engineering,Junior,2021-11-17,2023-04-06,22,16,42807,3.0,MGR058,Hybrid,0,45.0,3.0,3,1,1
EMP2309,Marketing,Senior,2023-01-20,2023-04-08,35,2,82109,1.0,MGR046,Remote,0,0.0,9.0,0,11,1
EMP2310,Operations,Junior,2020-06-10,,25,48,40727,4.0,MGR050,Office,1,21.0,8.0,0,14,0
EMP2311,Engineering,Mid,2023-02-08,,35,15,96847,4.0,MGR078,Office,0,46.0,7.0,1,8,0
EMP2312,Engineering,Mid,2022-03-01,,27,27,92506,5.0,MGR065,Office,0,31.0,8.0,1,26,0
EMP2313,Marketing, Senior ,2022-12-21,,37,17,111591,4.0,MGR100,Remote,0,,7.0,0,1,0
EMP2314,Marketing,Mid,2023-10-18,,24,7,76823,5.0,MGR081,Office,0,25.0,7.0,1,16,0
EMP2315,Product, Senior ,2023-10-19,,39,7,104665,3.0,MGR028,Hybrid,0,28.0,10.0,0,5,0
EMP2316,Engineering,Junior,2021-10-22,,23,31,59034,2.0,MGR117,Hybrid,0,8.0,4.0,0,18,0
EMP2317,Engineering,Senior,2023-10-07,,35,7,125147,4.0,MGR123,Hybrid,0,14.0,9.0,1,4,0
EMP2318,Engineering,Mid,2020-10-08,2020-12-27,30,2,102389,4.0,MGR052,Remote,0,17.0,8.0,0,25,1
EMP2319,MARKETING,Mid,2020-08-14,,30,46,80595,5.0,MGR095,Hybrid,1,20.0,4.0,0,10,0
EMP2320,Finance,Junior,2023-04-25,2023-07-26,22,3,47915,1.0,MGR145,Hybrid,1,10.0,4.0,2,8,1
EMP2321,SALES,Mid,2023-03-26,,24,14,53980,4.0,MGR101,Remote,0,49.0,8.0,1,19,0
EMP2322,Operations,Senior,2021-01-17,,30,41,87900,5.0,MGR061,Hybrid,0,18.0,7.0,2,1,0
EMP2323,Engineering, Manager ,2020-02-28,,40,51,188591,5.0,MGR004,Office,0,29.0,5.0,1,4,0
EMP2324,MARKETING,Senior,2020-08-12,,33,46,96929,3.0,MGR136,Remote,0,36.0,7.0,1,25,0
EMP2325,Marketing,Senior,2021-06-10,,29,36,90193,4.0,MGR078,Hybrid,1,54.0,9.0,1,1,0
EMP2326,SALES,Mid,2023-10-15,,34,7,65968,3.0,MGR046,Office,0,47.0,7.0,2,19,0
EMP2327,Marketing,Mid,2020-01-09,2022-01-13,32,24,88389,4.0,MGR117,Hybrid,0,28.0,9.0,4,7,1
EMP2328,Engineering,Junior,2021-05-14,2022-07-04,25,13,66767,1.0,MGR053,Hybrid,0,15.0,4.0,0,1,1
EMP2329,Engineering,Lead,2023-08-21,,35,9,160593,3.0,MGR055,Remote,1,12.0,9.0,1,2,0
EMP2330,Engineering,Junior,2023-12-23,,26,5,56161,5.0,MGR007,Office,0,28.0,9.0,2,5,0
EMP2331,Sales, Senior ,2020-09-21,,30,44,853380,3.0,MGR132,Hybrid,1,26.0,8.0,3,1,0
EMP2332,Finance,Mid,2022-11-08,,32,19,79029,4.0,MGR053,Office,0,22.0,5.0,0,4,0
EMP2333,Engineering,Senior,2021-11-01,2021-12-21,32,1,105467,4.0,MGR074,Remote,1,25.0,2.0,0,41,1
EMP2334,Engineering,Lead,2021-08-03,,42,34,116373,4.0,MGR018,Office,1,5.0,9.0,2,23,0
EMP2335,Finance,Junior,2022-04-01,,22,26,44483,4.0,MGR020,Remote,1,16.0,7.0,1,13,0
EMP2336,Sales,Lead,2022-06-17,,36,23,136586,4.0,MGR029,Office,0,52.0,3.0,1,3,0
EMP2337,Sales,Manager,2021-11-13,,40,31,172964,4.0,MGR041,Remote,0,23.0,9.0,1,1,0
EMP2338,Sales,Lead,2021-09-12,,31,33,144664,4.0,MGR038,Office,0,14.0,5.0,1,2,0
EMP2339,Engineering,Manager,2022-03-26,,46,26,203752,4.0,MGR085,Remote,0,45.0,3.0,1,34,0
EMP2340,Engineering,Junior,2020-04-23,,32,50,63847,3.0,MGR145,Office,0,31.0,5.0,2,37,0
EMP2341,Engineering,Senior,2022-09-30,,30,20,133199,5.0,MGR082,Office,1,56.0,8.0,0,5,0
EMP2342,Marketing,Senior,2023-03-21,,37,14,85665,3.0,MGR015,Hybrid,0,13.0,6.0,0,9,0
EMP2343,Operations, Lead ,2020-09-15,2023-12-18,38,39,128007,5.0,MGR026,Hybrid,0,6.0,4.0,1,13,1
EMP2344,Operations,Junior,2021-11-13,,36,31,50106,4.0,MGR091,Hybrid,1,9.0,6.0,2,11,0
EMP2345,Engineering,Mid,2021-10-26,,30,31,94625,4.0,MGR145,Office,1,32.0,6.0,0,4,0
EMP2346,Sales,Mid,2022-05-31,,37,24,82670,,MGR001,Office,0,36.0,7.0,2,16,0
EMP2347,Sales,Mid,2022-02-14,2022-08-06,25,5,80101,4.0,MGR043,Office,0,25.0,7.0,2,1,1
EMP2348,Sales,Senior,2021-08-21,2024-04-21,33,32,107631,2.0,MGR123,Office,1,35.0,6.0,3,29,1
EMP2349,Sales,Manager,2020-01-06,,30,53,154761,4.0,MGR080,Remote,0,36.0,3.0,0,7,0
EMP2350,Operations,Mid,2020-12-12,,30,42,77273,4.0,MGR071,Hybrid,0,35.0,7.0,1,17,0
EMP2351,ENGINEERING,Mid,2022-01-26,,22,28,91417,2.0,MGR121,Office,0,17.0,9.0,2,25,0
EMP2352,Marketing,Mid,2020-07-13,2022-12-23,32,29,72489,3.0,MGR044,Remote,0,0.0,6.0,0,7,1
EMP2353,Sales,Senior,2022-01-21,2023-07-03,34,-17,104527,1.0,MGR028,Office,0,54.0,3.0,2,37,1
EMP2354,Customer Success,Mid,2022-02-08,,33,28,64070,4.0,MGR105,Remote,0,8.0,8.0,1,42,0
EMP2355,HR,Junior,2023-01-10,,22,16,56239,4.0,MGR091,Office,0,26.0,4.0,0,12,0
EMP2356,Operations,Senior,2020-07-01,,27,47,108158,4.0,MGR041,Remote,0,42.0,4.0,2,1,0
EMP2357,Engineering,Senior,2023-09-23,,31,8,155146,5.0,MGR147,Office,0,37.0,8.0,1,2,0
EMP2358,Engineering,Mid,2022-07-18,,28,22,110414,4.0,MGR122,Remote,1,15.0,4.0,0,16,0
EMP2359,Engineering,Junior,2022-01-14,,28,28,64989,3.0,MGR026,Office,0,49.0,9.0,1,1,0
EMP2360,Sales,Senior,2023-01-28,,33,16,104627,4.0,MGR043,Hybrid,0,22.0,4.0,3,2,0
EMP2361,HR,Junior,2021-07-07,,31,35,44712,4.0,MGR003,Office,0,11.0,6.0,3,68,0
EMP2362,Finance,Mid,2022-11-03,,29,19,73527,4.0,MGR048,Hybrid,1,29.0,7.0,0,2,0
EMP2363,Engineering,Junior,2020-11-10,,28,43,75877,3.0,MGR139,Hybrid,0,18.0,9.0,1,23,0
EMP2364,HR,Lead,2022-01-28,,34,28,98553,4.0,MGR048,Office,0,0.0,5.0,0,18,0
EMP2365,Customer Success,Senior,2023-12-08,2024-05-24,31,5,123087,3.0,MGR003,Hybrid,0,43.0,6.0,2,15,1
EMP2366,HR,Mid,2020-02-11,,26,52,76501,5.0,MGR054,Office,0,0.0,1.0,0,19,0
EMP2367,Operations,Junior,02/08/2021,,22,40,48288,3.0,MGR121,Remote,0,6.0,7.0,0,10,0
EMP2368,Engineering,Mid,2022-04-05,,26,26,92843,4.0,MGR035,Remote,1,11.0,9.0,2,12,0
EMP2369,Engineering,Junior,2020-06-08,,23,48,62815,4.0,MGR008,Remote,0,34.0,5.0,1,18,0
EMP2370,Operations,Mid,2020-01-29,2022-03-28,37,26,63652,5.0,MGR141,Hybrid,0,38.0,4.0,3,22,1
EMP2371,Sales,Manager,2022-04-20,2023-08-02,47,15,100469,5.0,MGR032,Hybrid,0,33.0,1.0,0,33,1
EMP2372,Sales,Senior,2023-03-03,,35,15,117428,4.0,MGR140,Hybrid,1,22.0,6.0,2,11,0
EMP2373,Sales,Junior,2020-04-15,,23,50,64721,3.0,MGR044,Hybrid,0,0.0,10.0,4,5,0
EMP2374,Sales, Mid ,2020-12-11,,25,42,60094,5.0,MGR126,Hybrid,1,38.0,4.0,2,12,0
EMP2375,Operations,Lead,2023-07-16,,38,10,126158,4.0,MGR094,Hybrid,0,28.0,10.0,1,5,0
EMP2376,Finance,Junior,2021-05-11,,36,37,47695,5.0,MGR148,Hybrid,0,1.0,5.0,0,9,0
EMP2377,Engineering,Mid,2022-01-30,,29,28,108057,4.0,MGR003,Office,0,40.0,8.0,0,44,0
EMP2378,Marketing,Junior,2022-01-06,,22,29,64214,3.0,MGR137,Remote,1,35.0,5.0,1,1,0
EMP2379,Finance,Senior,2021-06-05,,39,36,108512,3.0,MGR090,Remote,0,54.0,9.0,2,49,0
EMP2380,Sales,Mid,2020-02-10,,22,52,72044,3.0,MGR053,Office,0,46.0,4.0,2,1,0
EMP2381,Engineering,Lead,2020-06-25,,43,47,139116,5.0,MGR010,Office,1,25.0,9.0,2,12,0
EMP2382,Sales,Junior,2021-05-25,,25,36,50326,4.0,MGR139,Remote,0,,10.0,2,34,0
EMP2383,HR,Mid,09/11/2023,2023-10-29,26,1,50350,,MGR078,Office,0,40.0,8.0,2,8,1
EMP2384,Sales,Mid,2022-04-23,2023-02-14,37,9,78031,3.0,MGR003,Office,0,18.0,4.0,3,10,1
EMP2385,Sales,Lead,2023-03-27,2023-06-26,42,3,141665,2.0,MGR034,Remote,0,0.0,5.0,1,3,1
EMP2386,Operations,Lead,2022-04-21,,40,25,99722,5.0,MGR146,Office,0,14.0,8.0,1,16,0
EMP2387,Finance,Junior,2023-07-17,2024-03-17,22,8,47437,4.0,MGR111,Hybrid,1,22.0,3.0,0,39,1
EMP2388,Engineering,Mid,2023-08-08,,22,9,96461,1.0,MGR136,Remote,0,41.0,8.0,0,59,0
EMP2389,Engineering, Junior ,10/10/2022,,28,20,53612,4.0,MGR064,Office,0,31.0,7.0,0,1,0
EMP2390,Operations,Mid,2020-09-14,2021-11-05,25,13,71526,3.0,MGR141,Remote,0,30.0,7.0,0,1,1
EMP2391,Engineering,Lead,2020-05-14,,40,49,193861,4.0,MGR001,Office,1,0.0,4.0,0,15,0
EMP2392,Engineering,Lead,2022-11-30,,36,18,172011,3.0,MGR096,Remote,0,29.0,7.0,0,11,0
EMP2393,Customer Success,Manager,2021-04-22,,29,37,176770,5.0,MGR047,Remote,0,18.0,4.0,2,1,0
EMP2394,Finance,Lead,2020-06-05,,38,48,155645,4.0,MGR117,Office,0,9.0,10.0,3,6,0
EMP2395,Sales,Senior,2022-07-11,2023-03-10,30,8,92552,4.0,MGR036,Remote,0,30.0,5.0,2,24,1
EMP2396,ENGINEERING,Junior,2022-02-18,,24,27,79382,5.0,MGR060,Office,0,41.0,2.0,0,7,0
EMP2397,Product,Mid,2022-05-31,,22,24,90024,5.0,MGR009,Remote,0,32.0,6.0,1,24,0
EMP2398,HR,Senior,2022-07-21,,37,22,100211,3.0,MGR111,Office,1,12.0,3.0,3,21,0
EMP2399,Operations,Junior,2021-08-29,,22,33,52457,3.0,MGR026,Office,1,0.0,9.0,1,17,0
EMP2400,Operations,Mid,2021-10-01,,30,32,92825,4.0,MGR027,Hybrid,0,33.0,4.0,1,5,0
EMP2401,Marketing,Junior,2020-04-01,,27,50,54962,,MGR065,Office,0,15.0,5.0,3,1,0
EMP2402,Sales, Senior ,2020-04-04,,39,50,113226,4.0,MGR013,Hybrid,0,19.0,7.0,0,71,0
EMP2403,Sales,Director,2021-03-09,,44,39,241928,2.0,MGR111,Office,1,19.0,9.0,3,21,0
EMP2404,Sales,Manager,2021-06-03,,141,36,161285,3.0,MGR028,Office,0,13.0,6.0,2,7,0
EMP2405,Marketing,Senior,2023-03-29,,39,14,122454,4.0,MGR055,Hybrid,0,18.0,8.0,1,2,0
EMP2406,Engineering,Manager,2021-11-28,2023-06-14,39,18,192980,2.0,MGR067,Remote,0,41.0,7.0,3,58,1
EMP2407,Engineering,Junior,2023-06-24,2024-04-06,22,9,55159,3.0,MGR036,Remote,0,5.0,3.0,0,4,1
EMP2408,Finance,Mid,2021-03-15,,22,39,75138,2.0,MGR031,Remote,0,23.0,5.0,2,6,0
EMP2409,Marketing,Mid,2020-03-28,,31,50,545870,4.0,MGR078,Hybrid,1,15.0,4.0,1,23,0
EMP2410,Sales,Mid,2020-09-26,,38,44,90932,4.0,MGR083,Hybrid,0,10.0,7.0,2,6,0
EMP2411,Engineering,Lead,2023-01-30,,28,16,190561,4.0,MGR004,Office,1,,4.0,1,8,0
EMP2412,Marketing,Lead,2022-01-01,,37,29,119800,3.0,MGR029,Hybrid,0,35.0,9.0,3,7,0
EMP2413,MARKETING,Senior,2023-11-12,,37,6,87072,4.0,MGR121,Remote,1,54.0,8.0,2,3,0
EMP2414,Product,Senior,2020-05-21,,25,49,96557,5.0,MGR003,Office,1,6.0,6.0,1,1,0
EMP2415,Sales,Mid,2020-04-06,,27,50,85042,4.0,MGR069,Remote,0,3.0,8.0,3,7,0
EMP2416,Sales,Mid,2021-01-24,,23,40,88012,4.0,MGR039,Hybrid,0,23.0,1.0,1,48,0
EMP2417,Marketing,Senior,2023-01-02,2024-03-18,27,14,93376,1.0,MGR096,Office,1,25.0,6.0,0,2,1
EMP2418,Engineering,Senior,2021-12-17,,37,29,144402,4.0,MGR012,Hybrid,0,23.0,6.0,0,8,0
EMP2419,Marketing,Mid,2021-12-01,,27,30,62987,4.0,MGR066,Hybrid,1,35.0,5.0,1,14,0
EMP2420,Engineering,Senior,2023-11-09,,40,6,135515,4.0,MGR056,Hybrid,0,10.0,6.0,4,2,0
EMP2421,Customer Success,Mid,2022-11-12,,32,18,67916,5.0,MGR108,Office,0,24.0,1.0,2,25,0
EMP2422,ENGINEERING,Mid,2022-01-18,,38,28,82345,5.0,MGR056,Office,0,9.0,6.0,0,17,0
EMP2423,HR,Mid,2022-02-04,,30,28,64551,1.0,MGR144,Remote,1,31.0,7.0,3,16,0
EMP2424,Finance,Senior,2023-10-13,,33,7,89298,4.0,MGR017,Office,0,0.0,9.0,1,4,0
EMP2425,Marketing,Senior,2023-04-10,,38,13,66969,3.0,MGR090,Office,0,15.0,,2,12,0
EMP2426,Customer Success, Senior ,2021-04-13,2023-02-27,32,22,104505,2.0,MGR038,Remote,0,8.0,8.0,2,40,1
EMP2427,Engineering, Mid ,2023-06-25,,29,11,77358,4.0,MGR021,Office,0,12.0,9.0,0,17,0
EMP2428,Sales,Mid,2021-08-12,,27,34,894200,2.0,MGR126,Office,0,31.0,9.0,1,42,0
EMP2429,Sales,Mid,2020-05-01,2024-03-08,40,46,72443,3.0,MGR115,Remote,0,18.0,6.0,2,13,1
EMP2430,Sales,Junior,2023-04-11,2023-09-16,29,5,43970,2.0,MGR084,Office,0,24.0,4.0,2,1,1
EMP2431,Engineering,Manager,2023-10-27,,42,7,180113,4.0,MGR038,Hybrid,0,,2.0,1,1,0
EMP2432,Customer Success,Mid,2023-05-26,,22,12,79337,4.0,MGR109,Hybrid,1,30.0,5.0,2,26,0
EMP2433,Sales,Mid,2021-12-18,,23,29,51341,4.0,MGR144,Office,0,31.0,7.0,0,1,0
EMP2434,Sales,Mid,2020-06-07,,28,48,58779,3.0,MGR109,Remote,1,33.0,9.0,0,15,0
EMP2435,Customer Success, Senior ,2020-11-02,,32,43,91254,4.0,MGR012,Remote,1,27.0,8.0,1,15,0
EMP2436,ENGINEERING,Senior,2023-03-02,,40,15,151359,3.0,MGR144,Remote,0,10.0,7.0,0,36,0
EMP2437,Marketing,Junior,2022-09-15,,23,20,40029,5.0,MGR081,Hybrid,0,,6.0,0,22,0
EMP2438,Finance,Junior,2021-02-13,,28,40,61562,5.0,MGR040,Hybrid,1,25.0,7.0,2,16,0
EMP2439,Marketing,Junior,2023-12-29,,26,5,56441,5.0,MGR035,Hybrid,0,22.0,5.0,0,13,0
EMP2440,HR,Junior,2020-03-24,2020-11-07,22,7,48864,4.0,MGR138,Office,0,17.0,5.0,0,34,1
EMP2441,HR,Mid,2022-01-29,,28,28,74867,3.0,MGR133,Hybrid,0,31.0,8.0,0,8,0
EMP2442,Operations,Mid,2022-03-29,2022-07-25,30,3,74105,4.0,MGR032,Office,0,22.0,2.0,0,7,1
EMP2443,Engineering,Junior,2022-06-22,2024-02-07,29,19,46098,3.0,MGR009,Remote,0,52.0,3.0,0,1,1
EMP2444,Sales,Manager,2021-08-08,2022-11-18,42,15,123444,4.0,MGR045,Office,1,16.0,9.0,0,23,1
EMP2445,Operations,Senior,2023-06-09,,45,11,86549,4.0,MGR093,Office,0,21.0,7.0,0,23,0
EMP2446,Engineering, Senior ,2020-02-01,,29,52,134822,5.0,MGR074,Office,0,25.0,9.0,2,5,0
EMP2447,Sales,Lead,2022-02-21,,40,27,133032,4.0,MGR085,Remote,0,45.0,4.0,3,12,0
EMP2448,Sales,Manager,2023-06-05,,49,12,156884,4.0,MGR138,Office,0,,2.0,1,10,0
EMP2449,HR,Lead,2022-09-30,2022-12-06,50,2,110435,1.0,MGR091,Office,0,23.0,8.0,0,7,1
EMP2450,Engineering,Mid,2020-06-04,,36,48,89725,3.0,MGR056,Hybrid,0,16.0,6.0,1,1,0
EMP2451,Operations,Mid,2022-11-08,,30,19,56154,4.0,MGR013,Remote,0,27.0,6.0,0,16,0
EMP2452,Engineering,Manager,2022-04-03,2023-01-16,47,9,185508,4.0,MGR053,Remote,0,20.0,4.0,0,14,1
EMP2453,Operations,Junior,2021-12-23,,24,29,37436,3.0,MGR148,Hybrid,0,6.0,8.0,1,6,0
EMP2454,HR,Junior,2023-02-21,,33,15,48767,5.0,MGR130,Remote,1,,8.0,0,11,0
EMP2455,SALES,Mid,2020-08-29,,30,45,93685,5.0,MGR057,Office,0,34.0,10.0,2,26,0
EMP2456,Engineering,Lead,2021-08-03,,38,34,177161,5.0,MGR135,Remote,0,,8.0,1,20,0
EMP2457,Marketing,Mid,2020-02-17,,35,-52,87256,5.0,MGR033,Hybrid,0,17.0,6.0,1,28,0
EMP2458,Marketing,Mid,2023-10-09,,30,7,70057,3.0,MGR093,Office,0,43.0,6.0,0,14,0
EMP2459,HR,Junior,2020-09-22,2022-06-27,22,21,43934,2.0,MGR007,Office,1,33.0,3.0,3,11,1
EMP2460,HR,Senior,2021-01-24,,40,40,52983,,MGR072,Office,0,0.0,6.0,3,4,0
EMP2461,Finance,Mid,2023-08-27,2023-11-24,39,2,79236,4.0,MGR102,Hybrid,0,14.0,7.0,0,17,1
EMP2462,Marketing,Lead,2021-01-21,,37,40,129229,3.0,MGR104,Remote,0,14.0,8.0,2,10,0
EMP2463,Engineering,Mid,2023-11-02,2023-12-13,33,1,83335,3.0,MGR144,Remote,1,,3.0,0,2,1
EMP2464,HR,Senior,2022-02-15,,36,27,94490,5.0,MGR049,Office,1,38.0,9.0,2,32,0
EMP2465,Operations,Senior,2022-07-31,2023-01-26,42,5,75646,2.0,MGR007,Hybrid,0,41.0,9.0,1,3,1
EMP2466,Finance,Manager,2023-08-07,,44,9,164118,4.0,MGR002,Office,0,59.0,6.0,4,9,0
EMP2466,Finance,Manager,2023-08-07,,44,9,164118,4.0,MGR002,Office,0,59.0,6.0,4,9,0
EMP2467,Engineering,Lead,2020-07-23,,41,46,157203,4.0,MGR069,Office,0,43.0,6.0,0,54,0
EMP2468,Marketing,Mid,2021-07-07,,30,35,63082,1.0,MGR099,Hybrid,1,0.0,6.0,0,41,0
EMP2469,Engineering,Junior,2021-02-20,,22,39,74438,5.0,MGR107,Remote,0,29.0,7.0,2,4,0
EMP2470,Operations,Junior,2022-12-22,2023-10-22,23,10,50388,4.0,MGR050,Remote,0,31.0,6.0,1,1,1
EMP2471,Engineering,Senior,2021-08-25,,36,33,149644,3.0,MGR125,Office,0,15.0,9.0,1,3,0
EMP2472,Engineering,Lead,2020-11-16,2022-07-26,42,20,153930,3.0,MGR050,Office,1,19.0,6.0,3,27,1
EMP2473,Engineering,Lead,03/11/2021,,39,39,122910,4.0,MGR144,Office,0,9.0,10.0,0,5,0
EMP2474,Sales,Lead,2021-07-05,,30,35,109061,4.0,MGR143,Hybrid,1,32.0,6.0,0,7,0
EMP2475,MARKETING,Mid,2022-05-02,,34,25,77337,4.0,MGR119,Office,0,36.0,9.0,1,11,0
EMP2476,Engineering,Manager,2021-02-23,,36,39,127466,4.0,MGR142,Remote,0,12.0,7.0,1,4,0
EMP2477,Engineering,Senior,2022-07-11,,36,23,131722,4.0,MGR064,Remote,1,23.0,5.0,0,14,0
EMP2478,Sales,Director,2021-10-28,,41,31,184828,4.0,MGR081,Hybrid,0,37.0,3.0,1,5,0
EMP2479,ENGINEERING,Senior,2023-03-25,,39,14,109409,4.0,MGR014,Remote,0,37.0,6.0,1,1,0
EMP2480,Marketing, Senior ,2023-12-07,2024-05-05,38,5,115487,3.0,MGR117,Remote,0,26.0,5.0,3,14,1
EMP2481,Sales,Mid,2020-12-03,,30,42,87945,4.0,MGR025,Remote,1,15.0,3.0,4,15,0
EMP2482,HR,Senior,2020-03-28,,40,50,113906,4.0,MGR088,Remote,0,36.0,8.0,3,8,0
EMP2483,Finance,Senior,2023-10-02,,39,8,107444,4.0,MGR055,Remote,0,0.0,7.0,3,29,0
EMP2484,Operations,Junior,2020-12-17,,32,42,442120,5.0,MGR049,Remote,0,0.0,7.0,0,5,0
EMP2485,Engineering,Senior,2023-04-06,2023-07-10,36,3,101870,4.0,MGR129,Office,1,42.0,3.0,2,2,1
EMP2486,Engineering,Junior,2022-08-16,,36,21,64185,5.0,MGR092,Office,0,23.0,8.0,2,66,0
EMP2487,FINANCE,Senior,2023-10-26,2024-01-01,34,2,128138,1.0,MGR038,Remote,0,40.0,4.0,2,6,1
EMP2488,Finance,Mid,2021-05-08,,33,37,68762,3.0,MGR034,Hybrid,1,46.0,6.0,3,8,0
EMP2489,Product,Mid,2021-07-01,,27,35,76518,3.0,MGR077,Remote,0,0.0,10.0,0,16,0
EMP2490,Operations, Mid ,2023-04-08,,31,14,54158,3.0,MGR136,Office,1,40.0,6.0,1,12,0
EMP2491,Engineering,Mid,2020-04-06,,28,50,98597,4.0,MGR140,Office,0,30.0,9.0,0,1,0
EMP2492,CUSTOMER SUCCESS,Mid,2020-11-26,,26,42,66897,5.0,MGR062,Hybrid,0,35.0,9.0,2,2,0
EMP2493,SALES,Lead,2023-02-22,,34,15,133893,3.0,MGR103,Hybrid,1,20.0,9.0,0,6,0
EMP2494,Engineering,Lead,2021-05-04,,31,37,154757,1.0,MGR103,Office,0,42.0,7.0,1,47,0
EMP2495,Finance,Junior,2022-07-03,,27,23,49360,1.0,MGR118,Remote,1,19.0,3.0,4,12,0
EMP2496,Marketing,Mid,09/12/2021,,123,33,68708,3.0,MGR049,Office,1,5.0,9.0,0,6,0
EMP2497,Engineering, Junior ,2022-09-30,,22,20,54702,4.0,MGR053,Office,0,14.0,10.0,2,122,0
EMP2498,Engineering,Lead,2020-10-28,,42,43,203530,4.0,MGR032,Hybrid,1,19.0,7.0,2,3,0
EMP2499,Engineering,Lead,2021-01-13,,37,41,142704,1.0,MGR143,Office,0,28.0,5.0,2,8,0
EMP2500,Engineering,Mid,2023-03-22,2023-07-19,26,3,98342,1.0,MGR111,Hybrid,1,21.0,3.0,2,46,1
